# Blender 4.3.2
# www.blender.org
o model
v -0.348881 0.182301 0.028538
v -0.345539 0.168506 -0.050202
v -0.346251 0.150414 0.010551
v -0.345891 0.261165 0.053284
v -0.324921 0.149567 -0.170362
v -0.346099 0.308878 0.046299
v -0.341863 0.286972 0.073611
v -0.343736 0.319775 0.065803
v -0.302487 0.045383 -0.011620
v -0.331950 0.327586 0.103694
v -0.283622 0.204939 -0.240487
v -0.286598 0.143206 0.162430
v -0.348734 0.406724 0.033729
v -0.336116 0.446796 -0.150749
v -0.346818 0.454670 -0.086927
v -0.255458 0.018782 -0.126922
v -0.238202 0.034508 -0.181782
v -0.211326 0.023857 0.104465
v -0.280398 0.529194 -0.239825
v -0.337240 0.511811 0.102700
v -0.188943 0.036417 0.135013
v -0.351146 0.640867 0.043415
v -0.002375 0.236829 -0.236207
v 0.152422 0.063114 -0.238671
v 0.067474 0.230495 -0.244979
v -0.029826 0.023551 0.117606
v -0.047651 0.024528 -0.001530
v 0.017240 0.032795 0.150238
v -0.311170 0.952418 -0.225156
v 0.029249 0.026093 -0.024917
v 0.064821 0.219116 0.158587
v 0.123727 0.015286 -0.004063
v -0.328800 1.093872 0.132111
v 0.194490 0.015607 0.102988
v -0.348553 1.089151 -0.094784
v 0.335471 0.474876 -0.159426
v -0.339768 1.266633 0.106062
v -0.349554 1.261154 0.055680
v 0.152054 0.675079 0.167122
v 0.334225 0.159926 -0.147226
v -0.351131 1.259338 0.032497
v -0.343514 1.281790 -0.136142
v -0.350312 1.336546 0.050230
v -0.276209 1.594298 -0.233977
v -0.331433 1.421124 -0.174908
v -0.350181 1.345892 0.042219
v -0.339446 1.426313 0.105926
v -0.337571 1.455546 -0.159673
v 0.335799 0.606102 -0.163597
v -0.353264 1.412932 -0.008395
v 0.313469 0.743671 -0.218985
v 0.335041 0.112298 0.043978
v -0.303768 1.488282 0.159121
v 0.345315 0.152122 0.018045
v -0.360365 1.452872 -0.042153
v -0.352086 1.506771 -0.059392
v 0.347296 0.515991 0.041541
v -0.024396 1.221256 0.175386
v 0.350474 0.321751 -0.004696
v 0.348268 0.496030 0.047849
v -0.340565 1.725065 -0.134029
v 0.346724 0.242696 0.038141
v 0.340928 0.420744 0.094394
v 0.334008 0.445561 0.103716
v 0.347196 0.281256 0.040653
v 0.340967 0.405377 0.080240
v 0.347084 0.387421 0.060466
v 0.343647 0.375661 0.060253
v 0.345998 0.361710 0.062046
v 0.344897 0.361029 0.046636
v 0.348523 0.319258 0.048743
v 0.346941 0.343468 0.050342
v 0.345380 0.327205 0.060228
v 0.349354 0.331531 0.036862
v 0.348141 0.312693 0.030162
v 0.345344 0.347283 0.066060
v 0.342157 0.385919 0.071785
v 0.348892 0.297281 0.028741
v 0.345973 0.301728 0.046166
v 0.343399 0.391849 0.081535
v 0.345837 0.406392 0.063999
v 0.348780 0.378974 0.037865
v 0.349559 0.345864 0.027862
v 0.342755 0.374851 0.078649
v 0.345451 0.386394 0.047425
v 0.349500 0.328566 0.019150
v -0.353225 0.182863 -0.031507
v 0.341553 0.335997 0.069832
v 0.347999 0.268940 0.033399
v 0.349622 0.283529 0.017223
v 0.349118 0.359036 0.032946
v 0.344530 0.319458 0.073431
v 0.338781 0.441625 0.103792
v 0.346208 0.439181 0.069955
v 0.347571 0.417803 0.050869
v 0.344604 0.303115 0.064422
v 0.340716 0.357377 0.084520
v 0.347579 0.571536 0.051977
v -0.078265 1.590217 -0.235789
v -0.308417 1.806677 -0.173993
v 0.326234 0.647014 0.129667
v 0.089974 1.178387 0.173704
v -0.167943 1.849022 -0.232828
v 0.335058 0.594326 0.101465
v 0.010179 1.282907 0.176307
v -0.352272 1.653743 0.005915
v -0.110386 1.421762 0.189766
v -0.305392 1.844984 -0.071409
v -0.289405 1.862176 -0.082855
v 0.298108 1.102080 0.155419
v -0.335787 1.792709 0.030939
v -0.224338 1.695941 0.171842
v -0.008372 1.596921 -0.185243
v -0.277082 1.825874 0.157626
v -0.303314 1.839754 0.039810
v 0.014314 1.579945 -0.231021
v -0.181693 1.700652 0.196508
v -0.106926 1.535510 0.224108
v -0.236663 1.894782 0.060315
v -0.101187 1.579442 0.223286
v -0.251339 1.889140 0.038987
v 0.348694 1.049264 -0.117003
v -0.293007 0.037998 -0.074625
v 0.337655 1.064617 0.096858
v -0.166949 1.900172 0.095888
v 0.349602 1.081575 0.076969
v 0.217368 1.865517 -0.210423
v 0.205904 1.434050 0.166633
v 0.198645 1.455624 0.177535
v -0.004630 1.631613 0.236062
v 0.275289 1.763368 -0.239599
v 0.039476 1.804201 0.196751
v 0.354610 1.083847 -0.002508
v 0.140331 1.610901 0.206746
v 0.198740 1.601205 0.201893
v 0.100632 1.652959 0.206279
v 0.354141 1.295856 -0.007108
v 0.177881 1.726373 0.196498
v 0.145419 1.804210 0.168424
v 0.352811 1.363675 0.021468
v 0.353469 1.514456 0.017537
v 0.323269 1.808462 0.046307
v 0.346538 1.695241 0.064879
v 0.349754 1.669814 0.047959
v 0.344156 1.733378 0.056552
v 0.341764 1.755787 0.055282
v 0.349918 1.694492 0.038032
v 0.337153 1.774089 0.055304
v 0.344548 1.718066 0.066564
v 0.337418 1.752310 0.087351
v 0.331205 1.776634 0.078883
v 0.330695 1.768723 0.093650
v 0.345930 1.738722 0.039211
v 0.350695 1.712084 0.018212
v -0.361225 0.216471 -0.005267
v 0.322701 1.790315 0.087853
v 0.333684 1.791163 0.040873
v 0.353252 1.658969 0.002709
v 0.340918 1.715752 0.089360
v 0.330341 1.792015 0.058896
v 0.342270 1.772586 0.014643
v 0.352878 1.679622 -0.009071
v 0.331445 1.753671 0.106827
v 0.345810 1.751344 0.024458
v -0.360501 0.191661 -0.063567
v 0.315200 1.812593 0.075853
v -0.347112 0.167381 -0.021464
v 0.353691 1.629911 0.009720
v 0.351603 1.630827 0.038115
v 0.348629 1.633221 0.061095
v 0.328355 1.742713 0.106405
v 0.349990 1.723334 0.005251
v 0.343739 1.682959 0.084346
v 0.334800 1.793854 0.016633
v 0.356383 1.589829 -0.009141
v 0.354977 1.521191 -0.005935
v 0.315585 1.780541 0.106386
v 0.321300 1.800870 0.076061
v 0.353550 1.638653 -0.048000
v 0.353024 1.583525 0.025892
v 0.348007 1.742784 -0.012108
v 0.307685 1.823482 0.070045
v 0.315016 1.819871 0.044119
v 0.361742 1.605664 -0.020067
v 0.327097 1.809968 0.010326
v 0.356028 1.605496 -0.018481
v 0.351452 1.579872 0.037448
v 0.317477 1.752827 0.133236
v 0.338518 1.787912 -0.016237
v 0.353196 1.541139 0.022167
v -0.344628 0.184474 -0.102535
v 0.301399 1.830509 0.061208
v 0.345399 1.636483 0.080183
v 0.344562 1.657678 0.084310
v 0.362010 1.566797 -0.009107
v 0.333853 1.688210 0.106356
v -0.341846 0.124317 -0.038091
v 0.287839 1.846944 0.068611
v 0.350704 1.567516 0.044534
v 0.301607 1.814742 0.106631
v 0.314805 1.825053 0.020891
v -0.349037 0.218673 0.043458
v 0.349121 1.728367 -0.038276
v -0.359417 0.192390 0.055118
v 0.361976 1.501283 -0.009239
v 0.320473 1.750506 0.138706
v 0.294038 1.845195 0.042883
v 0.351304 1.682946 -0.055070
v 0.355833 1.581343 -0.037064
v 0.327382 1.696782 0.128678
v 0.305347 1.781735 0.134206
v -0.357872 0.218306 -0.086100
v 0.337665 1.688018 0.106367
v 0.298324 1.844378 0.021377
v 0.313691 1.745867 0.156877
v 0.272040 1.798353 0.158295
v 0.289148 1.760947 0.156931
v 0.344850 1.760719 -0.037175
v -0.358532 0.214874 0.053964
v 0.353677 1.489335 0.014841
v 0.324310 1.693188 0.133749
v 0.286579 1.825412 0.106431
v 0.362184 1.566540 -0.038585
v 0.325748 1.715271 0.139128
v 0.297972 1.746121 0.159410
v 0.250347 1.820222 0.158719
v 0.274646 1.855986 0.069036
v -0.346617 0.190587 0.053742
v -0.344944 0.153592 0.038795
v 0.350121 1.555046 0.053446
v 0.347771 1.588851 0.065836
v 0.342799 1.627184 0.092813
v 0.345803 1.596758 0.079309
v 0.288360 1.809034 0.134914
v 0.324230 1.815842 -0.020896
v 0.338479 1.786445 -0.047052
v -0.341008 0.127076 0.031361
v 0.288955 1.839100 0.087335
v 0.276020 1.851191 0.085035
v 0.362301 1.450100 -0.041802
v 0.299883 1.795093 0.153732
v 0.311849 1.779325 0.140621
v 0.271730 1.867707 0.042989
v 0.350398 1.516170 0.051307
v 0.355519 1.518942 -0.044135
v 0.352299 1.487559 0.035078
v 0.312527 1.688248 0.159515
v 0.293545 1.849861 0.006977
v 0.335520 1.795068 -0.050312
v 0.355017 1.443695 -0.008035
v 0.352716 1.468258 0.028159
v -0.347890 0.222258 -0.068613
v 0.194936 1.756134 0.168917
v -0.345683 0.229536 0.042845
v -0.342651 0.166585 0.061131
v 0.345432 1.742958 -0.071569
v 0.353581 1.435232 0.017818
v 0.339085 1.607108 0.106452
v -0.346177 0.178537 -0.080357
v 0.267793 1.866968 0.059007
v 0.361190 1.520679 -0.042402
v 0.348086 1.539008 0.058554
v 0.264106 1.867121 0.074462
v 0.354177 1.426273 -0.016016
v 0.345056 1.571121 0.083739
v 0.297032 1.716322 0.155927
v 0.265686 1.833816 0.134769
v -0.343341 0.249163 -0.114433
v 0.362118 1.432320 -0.014446
v 0.237852 1.674963 0.167702
v 0.292276 1.814479 0.139604
v 0.263621 1.853808 0.106326
v 0.334334 1.789937 -0.081708
v 0.270706 1.871173 0.026568
v -0.341407 0.187091 0.075245
v 0.350738 1.468682 0.040920
v -0.340779 0.150658 0.066321
v -0.333565 0.115031 0.060618
v 0.269169 1.827479 0.158966
v 0.282582 1.861908 0.008118
v 0.355190 1.388337 -0.006057
v 0.348901 1.507711 0.064193
v 0.224630 1.837645 0.159858
v 0.264270 1.841159 0.154240
v -0.345769 0.209104 0.058312
v 0.346899 1.678677 -0.105567
v 0.317306 1.824326 -0.040484
v 0.353149 1.512654 -0.066995
v -0.349586 0.197750 -0.126983
v 0.352124 1.414472 0.031689
v 0.213897 1.720065 0.169859
v 0.302477 1.842193 -0.019226
v 0.362365 1.412798 -0.010245
v -0.339338 0.132985 0.057659
v 0.353922 1.398655 0.027876
v 0.346548 1.532715 0.072354
v 0.350627 1.466111 0.054138
v 0.343037 1.553373 0.091823
v 0.355868 1.443447 -0.043073
v -0.336930 0.162321 0.087295
v 0.266689 1.877196 -0.001330
v -0.341352 0.144743 -0.090135
v 0.351119 1.428106 0.030594
v 0.252021 1.870369 0.091219
v 0.252340 1.886410 0.035315
v 0.343965 1.516891 0.089636
v 0.211602 1.697782 0.175555
v -0.339019 0.265438 -0.137149
v 0.361956 1.427932 -0.035181
v 0.346146 1.499327 0.069478
v 0.327828 1.620283 0.136673
v 0.302103 1.664570 0.160255
v 0.241287 1.863242 0.105483
v 0.318962 1.819366 -0.074866
v 0.353414 1.458330 -0.066518
v 0.327862 1.590792 0.132602
v 0.238273 1.881667 0.083671
v 0.243731 1.887250 0.057302
v 0.325662 1.808851 -0.069660
v 0.337695 1.720741 -0.144365
v -0.334638 0.238697 -0.159377
v 0.353220 1.428207 -0.035276
v 0.346752 1.462083 0.064430
v 0.323091 1.639887 0.150283
v -0.347890 0.241668 0.019741
v 0.245418 1.882854 0.070394
v 0.330268 1.796429 -0.092312
v 0.350995 1.398498 0.041968
v -0.340407 0.181361 -0.126466
v -0.333389 0.179812 -0.158645
v 0.226072 1.865265 0.152919
v 0.255032 1.850083 0.140373
v 0.225021 1.859818 0.134968
v 0.287464 1.858743 -0.024808
v 0.301617 1.841623 -0.061103
v 0.340769 1.692518 -0.136077
v 0.339336 1.642422 -0.149585
v 0.335719 1.586633 0.106475
v -0.339221 0.185627 0.091145
v 0.337466 1.591074 -0.158228
v -0.337898 0.106925 0.006508
v -0.348803 0.286874 0.000397
v 0.350182 1.430809 0.052598
v 0.194422 1.711725 0.183820
v 0.222271 1.866276 0.127885
v -0.347781 0.277830 0.025795
v 0.348439 1.398794 0.056783
v 0.344732 1.483439 0.086445
v 0.339801 1.472806 0.107005
v -0.333649 0.164761 0.104771
v 0.318982 1.817641 -0.090331
v 0.340059 1.757724 -0.107199
v 0.347307 1.539160 -0.116922
v -0.328375 0.084566 0.016948
v 0.356280 1.411395 -0.043444
v 0.362149 1.354129 -0.009491
v 0.353858 1.362981 0.032212
v 0.340663 1.663252 -0.142368
v 0.212903 1.895724 0.085757
v 0.334304 1.758781 -0.136545
v 0.340850 1.608338 -0.146611
v -0.334771 0.123603 -0.122182
v 0.156019 1.706222 0.198254
v 0.199015 1.870453 0.159267
v 0.222042 1.868418 0.139774
v -0.332919 0.269254 -0.163833
v 0.230604 1.897603 0.044381
v -0.339287 0.290016 -0.136242
v 0.274608 1.871011 -0.034216
v -0.344536 0.278073 -0.098498
v -0.346597 0.300814 -0.071465
v 0.350796 1.357866 0.037432
v -0.340006 0.224309 0.086519
v 0.344819 1.459849 0.081392
v 0.298960 1.626954 0.155730
v 0.217997 1.671488 0.182806
v 0.150460 1.695543 0.203623
v -0.331621 0.132029 0.085470
v 0.204320 1.889106 0.105426
v 0.245995 1.891824 0.020773
v 0.337869 1.556846 -0.159031
v 0.353171 1.382353 -0.071147
v 0.336218 1.491095 0.106875
v 0.165582 1.744106 0.182799
v 0.185459 1.849663 0.161191
v 0.322797 1.800100 -0.121825
v -0.349509 0.307744 0.016613
v 0.354320 1.329448 0.024343
v 0.348150 1.428982 0.074937
v -0.341147 0.131952 -0.077421
v 0.220017 1.663430 0.196409
v 0.210519 1.878495 0.104847
v -0.347846 0.286823 -0.036109
v 0.330316 1.776090 -0.132462
v 0.335348 1.695326 -0.158937
v 0.331581 1.663335 -0.171608
v -0.341470 0.244876 0.077197
v 0.346575 1.432570 0.066796
v 0.142598 1.852464 0.161776
v -0.325144 0.091276 0.056181
v -0.333642 0.100567 0.032925
v 0.308475 1.829084 -0.094311
v -0.336506 0.144402 -0.129563
v 0.349590 1.357804 0.053264
v 0.303250 1.590857 0.160192
v 0.166509 1.872228 0.160292
v 0.334312 1.735901 -0.153626
v 0.346417 1.411531 -0.124121
v 0.264274 1.580317 0.163736
v 0.238453 1.601804 0.180356
v 0.192926 1.649979 0.198959
v 0.131359 1.716149 0.200985
v -0.329377 0.181904 0.104270
v 0.170927 1.899999 0.094311
v 0.274081 1.870433 -0.055393
v 0.344177 1.400169 0.086470
v 0.347300 1.410915 0.073264
v 0.343128 1.439619 0.092782
v 0.231318 1.636183 0.182486
v 0.224236 1.664779 0.184434
v -0.325540 0.240394 -0.183824
v 0.202370 1.901386 0.022466
v -0.347698 0.313893 -0.051558
v 0.355902 1.311086 -0.044233
v 0.354668 1.270011 -0.007166
v 0.352531 1.327371 0.040034
v 0.362340 1.354915 -0.042111
v 0.351584 1.308258 0.035426
v -0.340492 0.114487 -0.018325
v 0.328650 1.523936 0.139910
v 0.232989 1.898575 0.000293
v -0.336103 0.301082 -0.153274
v 0.362141 1.302018 -0.009723
v 0.346661 1.366865 0.073153
v 0.329487 1.495252 0.132390
v 0.315986 1.551526 0.158042
v 0.106909 1.691129 0.194605
v 0.158578 1.758812 0.176211
v -0.341853 0.266259 0.071715
v 0.249585 1.891293 -0.018874
v 0.322205 1.787789 -0.145642
v 0.348961 1.337263 0.061003
v -0.334914 0.107167 -0.087765
v 0.291825 1.848286 -0.094610
v 0.106203 1.729814 0.208828
v -0.345701 0.293583 0.052004
v 0.144975 1.896827 0.105378
v 0.247627 1.892096 -0.051815
v -0.338831 0.252252 0.096310
v 0.361726 1.248658 -0.014209
v 0.154253 1.672534 0.202703
v 0.112282 1.855942 0.164257
v 0.174544 1.889016 0.104768
v 0.338072 1.489714 -0.159995
v 0.353940 1.329049 -0.063939
v 0.352978 1.275558 0.024387
v 0.193392 1.643514 0.197077
v 0.148995 1.641922 0.195249
v -0.336217 0.323942 -0.153485
v 0.171947 1.882181 0.142323
v 0.157960 1.878104 0.134262
v 0.341083 1.432234 -0.148819
v 0.354885 1.243466 -0.016406
v 0.224613 1.901084 -0.017131
v 0.266528 1.874613 -0.080891
v 0.310931 1.815195 -0.131738
v 0.328522 1.719156 -0.176091
v 0.337058 1.445209 -0.162244
v 0.361932 1.283832 -0.040264
v 0.349516 1.296339 0.055294
v -0.323519 0.206056 -0.188719
v 0.352910 1.237229 0.011699
v 0.346563 1.321277 0.073109
v 0.343609 1.366327 0.089550
v -0.324906 0.133821 0.105478
v -0.322795 0.103382 0.083397
v 0.336260 1.395675 0.107055
v 0.295884 1.559356 0.158091
v 0.235752 1.613698 0.195703
v 0.112429 1.657396 0.207751
v 0.099991 1.790787 0.180900
v 0.157169 1.882549 0.129948
v 0.314031 1.567689 -0.212699
v 0.351593 1.262340 0.043079
v -0.348833 0.303337 -0.008469
v 0.178526 1.901547 -0.026388
v 0.322604 1.754218 -0.180391
v 0.313075 1.706553 -0.213237
v -0.319363 0.177581 0.131573
v 0.353119 1.271494 -0.066806
v 0.352936 1.220444 0.022358
v 0.086101 1.681276 0.207124
v -0.329777 0.088134 -0.056810
v 0.316031 1.789832 -0.163046
v -0.323975 0.120341 -0.156064
v 0.241216 1.606932 0.183725
v 0.188734 1.643436 0.202470
v -0.342731 0.327398 -0.119344
v 0.248361 1.556126 0.170015
v 0.118206 1.736678 0.197495
v -0.311707 0.065064 0.048861
v 0.355770 1.273695 -0.037898
v 0.329398 1.443752 0.136143
v 0.055924 1.875134 0.160119
v 0.067584 1.899566 0.104588
v 0.248063 1.887423 -0.096519
v 0.262097 1.873592 -0.108886
v 0.343472 1.345303 0.091251
v 0.121743 1.610421 0.201794
v 0.105000 1.640453 0.213374
v 0.079244 1.746770 0.209924
v 0.125911 1.769891 0.196586
v 0.129649 1.773014 0.184548
v 0.299353 1.823938 -0.151104
v -0.329107 0.083165 -0.010102
v 0.353578 1.197633 -0.000726
v 0.184352 1.579869 0.203457
v 0.093798 1.751550 0.197121
v -0.308504 0.174003 -0.212101
v 0.345491 1.300731 -0.129599
v -0.345561 0.352376 -0.097430
v 0.350461 1.245817 0.043518
v 0.339644 1.360337 0.107142
v -0.349182 0.340118 -0.027406
v 0.129089 1.613401 0.209169
v 0.228467 1.899653 -0.061760
v 0.285630 1.848679 -0.122094
v 0.238716 1.533311 0.195950
v 0.209932 1.577325 0.198852
v 0.346441 1.280385 0.073049
v 0.236657 1.539360 0.180498
v 0.048206 1.724555 0.194316
v 0.098319 1.742040 0.200242
v 0.096716 1.774638 0.196959
v 0.308937 1.798719 -0.170227
v 0.354084 1.202793 -0.009914
v 0.352909 1.195926 0.019450
v 0.349598 1.225605 0.050750
v 0.348085 1.248991 0.061967
v 0.343331 1.305308 0.091174
v 0.304571 1.519928 0.160313
v 0.071564 1.675949 0.205488
v 0.054003 1.820976 0.172559
v 0.032318 1.883078 0.148205
v 0.206711 1.900628 -0.100565
v 0.313351 1.608038 -0.219272
v -0.329427 0.338365 -0.175032
v -0.347202 0.334556 -0.068717
v 0.312966 1.532498 -0.220752
v -0.346904 0.307439 0.029757
v 0.239304 1.532022 0.184593
v 0.080921 1.793021 0.196867
v -0.311329 0.144624 0.132275
v 0.044045 1.852916 0.163897
v 0.068527 1.882098 0.134733
v -0.316250 0.125725 0.104348
v 0.308406 1.609864 -0.228078
v -0.316335 0.064168 0.013359
v 0.340709 1.354170 -0.150310
v -0.324085 0.076332 -0.038952
v 0.336284 1.300827 0.106986
v 0.330200 1.355730 0.132766
v -0.329003 0.306289 -0.175714
v -0.336058 0.355649 -0.154025
v 0.305212 1.765801 -0.212853
v 0.339624 1.391680 -0.154586
v -0.348802 0.329757 0.020218
v 0.323799 1.440548 0.150904
v -0.339740 0.279624 0.090992
v 0.120705 1.611215 0.210257
v 0.044145 1.649496 0.227267
v 0.056818 1.699626 0.207266
v 0.096442 1.783259 0.196755
v 0.096529 1.783259 0.196755
v 0.096544 1.783259 0.196755
v 0.300002 1.521218 0.155609
v 0.073784 1.672565 0.212704
v 0.025374 1.901477 0.070506
v 0.124519 1.901770 -0.023912
v 0.259776 1.870615 -0.132093
v 0.270826 1.848477 -0.167926
v 0.311813 1.728165 -0.222234
v -0.340579 0.347360 -0.133554
v 0.353311 1.175796 0.014385
v 0.351186 1.189114 0.041369
v 0.219989 1.523185 0.196978
v 0.086533 1.602290 0.226724
v 0.071701 1.761913 0.197782
v 0.083015 1.799356 0.178759
v -0.005974 1.854179 0.164603
v 0.026293 1.885441 0.130566
v 0.230494 1.896880 -0.097504
v 0.343689 1.270866 0.088677
v 0.160679 1.567541 0.195484
v -0.315388 0.127681 -0.178851
v 0.068531 1.892806 0.106582
v -0.323771 0.277728 -0.187840
v 0.353921 1.205964 -0.040268
v 0.349010 1.207780 0.057771
v -0.348924 0.356758 0.017403
v -0.336014 0.298112 0.104339
v 0.351955 1.145440 0.030283
v 0.200026 1.557789 0.200075
v -0.326732 0.093610 -0.120644
v -0.308640 0.180128 -0.221454
v 0.336100 1.368446 -0.164004
v 0.351685 1.219813 -0.077489
v 0.353216 1.152847 0.013402
v 0.339788 1.261206 0.107195
v -0.344683 0.401313 -0.107761
v 0.297488 1.460200 0.157355
v -0.349037 0.342215 -0.001844
v 0.031427 1.698756 0.212193
v 0.045890 1.756882 0.210385
v -0.313540 0.186074 0.154336
v 0.124662 1.572173 0.214186
v 0.069473 1.756382 0.200579
v 0.343932 1.234161 -0.133933
v 0.353159 1.122011 0.011543
v 0.345238 1.244896 0.081028
v 0.127900 1.548607 0.214450
v 0.030506 1.609167 0.238197
v -0.323823 0.219605 0.134151
v 0.338925 1.326229 -0.156877
v 0.353095 1.138286 -0.018126
v 0.224021 1.415626 0.167557
v 0.242030 1.490579 0.164749
v 0.253930 1.866177 -0.160475
v -0.298257 0.132880 -0.212094
v 0.352312 1.115543 0.029889
v 0.349496 1.168257 0.052941
v -0.347126 0.337207 0.044593
v 0.344186 1.214294 0.084807
v 0.195131 1.512154 0.200069
v -0.314378 0.136963 0.137883
v -0.317818 0.065316 -0.010373
v 0.353353 1.142723 -0.036045
v 0.352536 1.089286 -0.003189
v 0.209681 1.487923 0.196253
v -0.311241 0.285924 -0.216787
v 0.016014 1.812236 0.179835
v 0.301679 1.740907 -0.233397
v -0.340732 0.304325 0.078217
v 0.194058 1.523471 0.196974
v 0.000200 1.899666 0.105268
v 0.237884 1.887921 -0.130601
v 0.299904 1.779903 -0.220602
v 0.293040 1.621782 -0.238682
v 0.351456 1.176290 -0.079578
v 0.304123 1.450719 0.159813
v 0.056468 1.805184 0.182392
v -0.034136 1.829074 0.170698
v 0.231885 1.887877 -0.145170
v 0.291745 1.526675 -0.238779
v 0.352986 1.113515 -0.016911
v 0.350416 1.134707 0.044279
v 0.224572 1.499026 0.175915
v 0.121676 1.585578 0.210090
v 0.040188 1.687514 0.209709
v 0.041346 1.765137 0.198643
v -0.005828 1.893248 0.106859
v -0.087340 1.899555 0.104623
v 0.290325 1.747920 -0.238672
v 0.336334 1.265074 -0.162626
v 0.351846 1.110578 0.042417
v 0.346978 1.187089 0.070895
v -0.311785 0.058269 -0.033391
v 0.116368 1.565608 0.216024
v -0.318757 0.084220 -0.138894
v -0.293021 0.119417 -0.220546
v -0.341984 0.377635 -0.126418
v 0.180908 1.501698 0.201802
v 0.071342 1.563324 0.233157
v 0.001521 1.766905 0.207639
v -0.005141 1.901566 0.071141
v -0.331152 0.264358 0.103973
v 0.346750 1.153936 0.068204
v 0.329482 1.353340 0.139615
v 0.300894 1.420781 0.156041
v -0.308112 0.076898 0.083059
v 0.001742 1.680522 0.220793
v 0.279875 1.811651 -0.211603
v -0.321807 0.077020 -0.094483
v 0.338454 1.300634 -0.158154
v 0.353627 1.068687 0.006640
v 0.343154 1.179357 0.090288
v -0.324566 0.356041 -0.189541
v -0.022027 1.696584 0.217111
v -0.348671 0.365368 -0.040325
v -0.347906 0.354813 0.036914
v -0.345195 0.333664 0.059933
v 0.352229 1.089620 -0.054044
v -0.012734 1.731136 0.195070
v -0.291036 0.099947 0.133368
v 0.092043 1.901387 -0.080542
v 0.212615 1.896743 -0.144105
v 0.245285 1.866867 -0.175531
v 0.278545 1.797010 -0.235146
v 0.280416 1.653796 -0.239553
v 0.337054 1.223269 -0.160090
v 0.351238 1.114954 -0.074013
v 0.178158 1.491465 0.197537
v -0.294151 0.171833 -0.236194
v -0.035609 1.803460 0.196807
v -0.322699 0.296306 0.130403
v 0.227416 1.884702 -0.162327
v 0.257068 1.848898 -0.189866
v 0.347451 1.156467 -0.115472
v 0.345915 1.065923 -0.025783
v -0.003852 1.685527 0.215426
v -0.005258 1.751099 0.205673
v -0.059469 1.801000 0.181844
v 0.017770 1.881883 0.134189
v -0.042143 1.901815 0.046881
v 0.276162 1.656954 -0.235996
v 0.347046 1.131892 0.073231
v 0.146771 1.519401 0.195912
v 0.110318 1.509839 0.215999
v 0.106022 1.542735 0.218609
v -0.339686 0.325207 0.083063
v 0.010789 1.769802 0.197993
v -0.040645 1.853636 0.164023
v -0.018764 1.868084 0.162781
v -0.044448 1.879089 0.155904
v -0.072236 1.884076 0.139251
v 0.280674 1.487354 -0.239594
v 0.312345 1.439189 -0.223023
v 0.314195 1.307851 -0.212997
v -0.298684 0.123930 0.154268
v 0.315137 1.376540 0.158170
v -0.300755 0.048723 0.033875
v 0.042536 1.544633 0.238473
v 0.345257 1.086326 0.068210
v 0.346167 1.105078 0.074581
v 0.322090 1.239180 0.152898
v -0.348064 0.387547 -0.059343
v 0.276072 1.815254 -0.223539
v 0.302097 1.515375 -0.233619
v 0.004104 1.584081 0.242868
v -0.018219 1.809463 0.183974
v 0.275246 1.748774 -0.235143
v -0.148816 1.868359 0.162240
v 0.190211 1.896641 -0.166175
v 0.229057 1.873723 -0.184708
v -0.337640 0.384026 -0.150913
v 0.275576 1.548860 -0.235999
v -0.350265 0.380084 0.009494
v 0.343112 1.027353 0.063417
v 0.242786 1.847902 -0.211859
v 0.341421 1.190046 -0.144806
v -0.348527 0.380842 0.032293
v 0.046989 1.901550 -0.041549
v -0.280573 0.241800 -0.239586
v 0.346543 1.113724 -0.120645
v 0.349364 1.106731 -0.097730
v 0.304459 1.329432 0.159075
v 0.168406 1.438125 0.188552
v -0.346072 0.409059 -0.088303
v -0.349425 0.389287 -0.020067
v -0.027651 1.767963 0.197205
v 0.217573 1.858397 -0.231007
v 0.310364 1.381100 -0.226331
v 0.351564 1.079398 -0.101273
v 0.081752 1.496948 0.223893
v -0.103625 1.802627 0.173335
v 0.313620 1.454592 -0.213519
v 0.335738 1.200373 -0.164484
v 0.350916 1.067259 0.055261
v 0.340123 1.152364 0.104396
v 0.158270 1.463681 0.201092
v -0.077294 1.892747 0.106498
v 0.342237 1.061226 0.057805
v 0.314521 1.207319 0.157171
v 0.301499 1.282390 0.155558
v -0.346893 0.374803 0.052077
v 0.164242 1.505746 0.202676
v -0.343675 0.346585 0.072626
v 0.041672 1.901680 -0.095073
v 0.342695 1.102606 0.079492
v 0.339479 1.122364 0.094921
v 0.330354 1.228107 0.132465
v -0.294464 0.084595 0.105242
v -0.292409 0.067552 0.108273
v 0.179605 1.445050 0.196744
v 0.084968 1.513958 0.223094
v -0.295093 0.038962 -0.054925
v -0.086760 1.727635 0.206106
v 0.337767 1.165150 -0.158713
v 0.329813 1.230108 0.138552
v 0.123129 1.479731 0.196924
v -0.341579 0.425351 -0.124663
v -0.064634 1.756974 0.206625
v 0.190594 1.886408 -0.195562
v 0.209630 1.822878 -0.236034
v -0.340412 0.344839 0.094149
v -0.087286 1.789150 0.181441
v -0.158366 1.883240 0.143395
v -0.067800 1.880599 0.134167
v 0.165912 1.411857 0.195549
v -0.063690 1.762828 0.197491
v -0.273752 0.151461 -0.238782
v -0.276279 0.218420 -0.233951
v 0.253652 1.793630 -0.232676
v 0.346754 1.086496 -0.117924
v 0.344873 0.931838 0.006440
v -0.052598 1.762084 0.187998
v -0.345861 0.361401 0.060245
v 0.220822 1.830901 -0.240164
v -0.295853 0.200900 0.158822
v 0.337037 1.155505 0.105150
v -0.286358 0.087777 0.141578
v 0.130710 1.445717 0.203772
v -0.069089 1.714524 0.196246
v -0.144206 1.883686 0.129316
v -0.292700 0.036290 0.001880
v -0.080463 1.901579 0.035849
v 0.116190 1.900148 -0.172366
v -0.299599 0.091990 -0.176468
v 0.349963 1.047430 0.066224
v 0.241773 1.347089 0.162846
v 0.313100 1.320365 -0.220727
v 0.339302 1.137904 -0.153344
v 0.045665 1.485645 0.225271
v -0.002864 1.528850 0.239942
v -0.059695 1.901698 -0.026802
v -0.047944 1.901994 -0.050098
v 0.211013 1.833154 -0.232278
v 0.276042 1.454219 -0.234918
v 0.342828 1.123333 -0.139966
v -0.282593 0.092188 0.133385
v -0.291232 0.053518 0.083167
v -0.045314 1.668830 0.220140
v -0.058827 1.671361 0.222778
v -0.309505 0.056398 -0.069821
v 0.011068 1.901661 -0.075138
v 0.155248 1.886664 -0.209894
v 0.197861 1.875207 -0.218747
v 0.350929 1.068317 -0.103410
v 0.342058 0.937643 0.062114
v 0.344648 1.058734 0.096523
v 0.167788 1.414580 0.177811
v -0.332471 0.401326 -0.166962
v -0.176977 1.889122 0.104679
v 0.343215 1.065351 -0.098773
v 0.350218 0.948733 0.066887
v -0.293349 0.188715 0.156756
v -0.025541 1.575835 0.242425
v -0.083602 1.747563 0.187103
v -0.088576 1.749745 0.186586
v -0.024749 1.901694 -0.074215
v 0.342243 1.098584 -0.142261
v -0.288251 0.066122 -0.163662
v 0.090087 1.447768 0.197281
v -0.270939 0.156818 -0.233299
v -0.045871 1.637945 0.230819
v -0.268999 0.237048 -0.236263
v -0.121121 1.769204 0.180499
v -0.339335 0.418640 -0.140298
v -0.345696 0.441008 -0.092726
v -0.348625 0.416821 -0.048411
v -0.345507 0.387602 0.057170
v 0.136182 1.427473 0.200455
v -0.308937 0.229788 0.157627
v -0.137493 1.852737 0.162495
v 0.114948 1.727818 -0.235795
v 0.330492 1.102182 -0.176580
v -0.307094 0.057914 -0.117017
v 0.317953 1.174982 -0.205228
v -0.252481 0.113179 -0.240178
v 0.330420 1.111124 0.132047
v 0.138881 1.416213 0.197907
v -0.077316 1.642665 0.222675
v 0.313316 1.230775 -0.218989
v 0.336778 1.099353 -0.161955
v 0.344297 1.072664 -0.136319
v 0.351671 0.929706 0.047019
v -0.324630 0.303838 0.137591
v 0.348693 0.929770 0.085420
v 0.329822 1.146021 0.138671
v 0.156263 1.354165 0.171286
v 0.132237 1.380660 0.184459
v -0.007820 1.474143 0.224763
v -0.100993 1.777355 0.196801
v -0.160029 1.897018 0.105148
v 0.167201 1.868308 -0.236125
v -0.279917 0.318830 -0.239270
v -0.313614 0.388422 -0.213230
v 0.304607 1.234441 0.158235
v -0.348332 0.427735 -0.064969
v 0.165267 1.391397 0.168199
v 0.127766 1.410167 0.188086
v -0.064485 1.585067 0.235218
v -0.129017 1.901710 -0.000305
v 0.134471 1.886275 -0.224947
v 0.134371 1.427429 0.189084
v -0.280647 0.026943 -0.000283
v -0.007864 1.901459 -0.110719
v -0.017569 1.899711 -0.175600
v 0.344684 0.932113 -0.063194
v 0.344481 0.992239 0.098043
v 0.044813 1.468833 0.222824
v -0.239103 1.874046 0.105697
v -0.193038 1.901336 -0.021763
v -0.350349 0.413152 0.002994
v -0.108605 1.739350 0.196816
v 0.294502 1.340715 -0.237962
v 0.120182 1.377588 0.196364
v -0.181630 1.876855 0.134633
v -0.046446 1.901576 -0.093066
v 0.341872 0.979742 -0.113084
v -0.325462 0.410320 -0.186252
v 0.301001 1.194401 0.154983
v 0.079517 1.388126 0.197953
v 0.056456 1.407185 0.205811
v -0.346356 0.418552 0.049782
v -0.173952 1.761203 0.173537
v -0.224333 1.874734 0.104966
v -0.226549 1.888598 0.092261
v -0.225705 1.899721 0.031656
v 0.047061 1.887467 -0.209439
v 0.305377 1.141009 0.158174
v -0.285605 0.043606 0.047425
v -0.184733 1.849229 0.161390
v -0.207520 1.874109 0.139277
v -0.282653 0.027330 -0.036560
v 0.313163 1.229082 -0.213142
v 0.353693 0.885309 -0.023024
v -0.286866 0.122231 -0.231302
v -0.113910 1.727893 0.205502
v -0.116024 1.727821 0.187091
v -0.204747 1.898093 0.089033
v -0.340135 0.445783 -0.127012
v 0.280863 1.361678 -0.239873
v -0.349990 0.439247 -0.024682
v -0.346922 0.400661 0.052613
v -0.341933 0.376116 0.079165
v 0.336249 0.992166 0.099296
v -0.148321 1.740384 0.196713
v -0.188661 1.877015 0.155593
v -0.094795 1.901758 -0.073188
v 0.138417 1.387813 0.182053
v 0.111220 1.411035 0.189363
v -0.054013 1.539883 0.235936
v -0.086205 1.649452 0.222994
v -0.226585 1.864682 0.130096
v -0.240266 0.073830 -0.235167
v 0.071006 1.869664 -0.238234
v 0.341613 1.041125 -0.113160
v -0.307334 0.401358 -0.229736
v 0.124192 1.363183 0.170940
v -0.112148 1.681761 0.197865
v -0.239803 1.889496 0.071413
v 0.062103 1.432172 0.196880
v -0.062329 1.495192 0.224776
v -0.110876 1.605341 0.223359
v 0.166120 1.849249 -0.238702
v 0.295601 1.163559 -0.237510
v 0.353640 0.929269 -0.054888
v -0.143876 1.750587 0.181082
v -0.227169 1.838586 0.161537
v -0.340452 0.369523 0.089993
v -0.324012 0.382928 0.130395
v 0.275726 1.354311 -0.235906
v 0.002848 1.459605 0.222581
v -0.150193 1.688849 0.205477
v 0.058061 1.892305 -0.206277
v 0.327878 0.998456 0.140533
v 0.103466 1.404976 0.200260
v -0.300855 0.325818 -0.234215
v -0.220363 1.838823 0.160716
v -0.242245 1.851665 0.135006
v 0.054626 1.885988 -0.225253
v -0.347220 0.446591 -0.062570
v -0.347589 0.427480 0.033536
v 0.300853 1.114239 0.152861
v -0.242569 1.860140 0.143980
v -0.275385 1.870424 0.030004
v 0.030892 1.625011 -0.164274
v 0.041384 1.619326 -0.165246
v 0.022230 1.613657 -0.164866
v 0.040100 1.607984 -0.164237
v 0.031112 1.603495 -0.182073
v 0.035321 1.625808 -0.230789
v 0.021693 1.616785 -0.206748
v 0.070314 1.637688 -0.185144
v 0.057718 1.645317 -0.231579
v 0.073253 1.620819 -0.232056
v 0.067760 1.595406 -0.231390
v 0.083626 1.650551 -0.234254
v 0.088679 1.631759 -0.185121
v 0.068653 1.659806 -0.184936
v 0.067762 1.666001 -0.232600
v -0.258912 0.073919 -0.220897
v 0.093985 1.627713 -0.235336
v 0.076784 1.616284 -0.185216
v 0.047494 1.655792 -0.184998
v 0.035359 1.602263 -0.230603
v -0.276372 0.365577 -0.234012
v 0.042047 1.576836 -0.231756
v 0.068980 1.590593 -0.184632
v 0.280529 1.269845 -0.239611
v -0.349555 0.427903 0.019653
v -0.343106 0.396149 0.074542
v -0.046984 1.470127 0.223267
v -0.315997 0.357056 0.153214
v -0.269495 1.868567 0.070916
v 0.154387 1.847276 -0.234502
v 0.061249 1.838084 -0.235974
v 0.084819 1.361310 0.196469
v 0.064061 1.391213 0.201446
v 0.025707 1.420072 0.196985
v -0.088253 1.525011 0.223421
v -0.152716 1.686384 0.191870
v -0.262995 1.874578 0.063662
v -0.247313 1.894912 0.016792
v 0.042277 1.671564 -0.184461
v 0.021688 1.613411 -0.230309
v 0.054835 1.577901 -0.185171
v 0.086202 1.590358 -0.184479
v 0.308834 1.242923 -0.227393
v 0.339159 1.067348 -0.140748
v -0.274640 0.092767 -0.212113
v 0.348349 0.778241 0.085253
v 0.322507 1.086699 0.151833
v 0.306392 1.065041 0.159048
v -0.255413 0.123519 -0.234629
v -0.147218 1.699977 0.195292
v 0.024927 1.654937 -0.231561
v -0.347458 0.446716 0.027244
v 0.341844 0.934165 -0.106905
v -0.233488 1.855924 0.160358
v 0.043816 1.675758 -0.234992
v 0.097466 1.257250 0.171849
v -0.279725 0.030246 -0.097107
v -0.078002 1.491483 0.224178
v -0.333481 0.444480 -0.163086
v 0.102773 1.364129 0.182389
v -0.289858 1.852755 0.042429
v -0.263709 0.204045 0.163498
v 0.336581 0.925379 0.099044
v -0.253402 0.056471 0.140106
v -0.258359 1.868182 0.089592
v -0.278761 1.870304 0.013936
v -0.232566 1.900425 -0.017573
v -0.209362 0.052812 -0.235908
v -0.179107 1.712021 0.181056
v -0.313434 0.440899 -0.214508
v -0.323787 0.450125 -0.190902
v -0.335075 0.473773 -0.158642
v 0.012961 1.674819 -0.234656
v 0.010307 1.653891 -0.184653
v 0.329789 0.993749 0.129746
v 0.080679 1.346863 0.174814
v -0.068137 1.433352 0.198363
v 0.002265 1.882009 -0.220091
v 0.010719 1.669334 -0.184633
v 0.091982 1.593689 -0.234387
v 0.275831 1.249673 -0.235982
v 0.330196 1.015100 -0.176714
v 0.338569 0.921454 -0.141354
v -0.256244 0.066601 0.134144
v -0.032482 1.420502 0.197757
v -0.004350 1.631034 -0.232043
v -0.005045 1.598867 -0.230958
v 0.344233 0.988637 -0.141181
v 0.347832 0.936262 -0.114400
v -0.343329 0.471780 -0.114535
v -0.261943 1.851312 0.105212
v -0.294116 1.852923 0.024459
v -0.336641 0.404709 0.104072
v 0.023882 1.571933 -0.185343
v 0.051123 1.560206 -0.184880
v 0.344225 0.875696 0.097904
v 0.336135 0.863805 0.098758
v 0.076222 1.395795 0.190237
v -0.137562 1.644546 0.198894
v 0.040232 1.852317 -0.239082
v -0.270817 0.017908 0.006941
v -0.277773 0.039151 -0.130883
v -0.227905 0.048306 -0.220066
v -0.280873 1.852780 0.081677
v -0.279042 1.872525 -0.012410
v -0.254590 1.891591 -0.007405
v 0.347392 0.933998 -0.129488
v 0.057034 1.348458 0.182728
v 0.072656 1.388927 0.188949
v -0.339958 0.399921 0.089465
v -0.332215 0.409878 0.104452
v -0.312332 1.825305 0.051221
v -0.319025 1.827098 -0.004005
v -0.019313 1.847157 -0.233609
v 0.319611 0.950923 0.154699
v 0.222677 1.090649 0.162969
v -0.150649 1.604798 0.198955
v -0.171144 1.660232 0.196693
v -0.325942 1.815888 0.012386
v 0.004783 1.887512 -0.209429
v 0.072368 1.566710 -0.233147
v 0.030364 1.385719 0.190480
v 0.002834 1.380305 0.203433
v -0.168107 1.658575 0.192251
v -0.338558 0.492380 -0.145450
v -0.291466 1.839330 0.087105
v -0.342203 0.416711 0.078799
v 0.300059 1.000411 0.153030
v 0.218315 1.190932 0.163072
v -0.291907 1.830555 0.105336
v -0.256600 0.107363 0.161434
v -0.016162 1.649215 -0.185162
v 0.291406 1.075149 -0.238792
v 0.308123 1.075251 -0.228240
v -0.294715 1.855967 -0.014613
v -0.279258 1.872489 -0.043336
v -0.257062 1.890713 -0.036566
v -0.215744 0.080713 -0.239098
v -0.074766 1.888334 -0.209819
v -0.032517 1.870058 -0.230304
v -0.010403 1.628633 -0.184912
v -0.300145 0.441894 -0.236311
v -0.303511 0.445063 -0.225643
v 0.085603 1.315034 0.174453
v -0.350182 0.450268 -0.007764
v -0.325065 0.438608 0.131060
v -0.238295 1.898404 -0.079466
v -0.215712 1.900823 -0.093887
v -0.132644 1.900453 -0.161441
v -0.064595 1.887586 -0.219846
v -0.176560 1.634547 0.205119
v -0.267773 1.804727 0.158786
v 0.104773 1.558436 -0.235773
v 0.131667 1.266957 -0.235799
v 0.280840 1.132817 -0.239749
v 0.136394 1.223382 0.169385
v 0.034137 1.348259 0.196308
v -0.006338 1.401581 0.206273
v -0.146499 1.661119 0.205754
v -0.196561 1.672919 0.196419
v -0.150502 1.893890 -0.200581
v -0.276958 1.825011 0.134378
v -0.312376 1.818968 0.070346
v 0.313583 1.059238 -0.213286
v 0.344069 0.795366 0.097934
v 0.335936 0.766083 0.098547
v -0.266593 0.013319 -0.036481
v -0.151972 1.555911 0.199340
v -0.165452 1.588127 0.205913
v -0.325372 1.810073 0.042698
v -0.312740 1.835993 -0.020258
v -0.086406 1.839107 -0.235909
v -0.209095 0.080251 -0.233008
v -0.281204 0.437729 -0.240254
v 0.023070 1.341642 0.182411
v 0.013475 1.381165 0.191114
v -0.292783 1.819679 0.105902
v -0.349304 0.469240 0.017345
v -0.319453 1.806511 0.075836
v -0.303732 1.847687 -0.047484
v -0.345154 0.446031 0.049868
v -0.325853 0.444622 0.115161
v 0.328667 0.857868 0.129417
v -0.118822 1.474351 0.199176
v -0.177460 1.633972 0.191630
v -0.204709 1.667335 0.181601
v -0.342286 1.769566 0.038038
v -0.345426 1.766485 0.002479
v -0.265614 1.882494 -0.083647
v -0.002537 1.666444 -0.228468
v 0.325193 0.865518 0.146039
v 0.121819 1.234017 0.173785
v -0.056751 1.391101 0.205301
v -0.330609 1.789528 0.068350
v -0.057900 1.850721 -0.237216
v -0.024927 1.597990 -0.184810
v 0.275969 1.118439 -0.236018
v 0.313386 1.080034 -0.219687
v -0.087683 1.429420 0.206586
v -0.308222 0.398734 0.158085
v -0.331719 1.808054 -0.032028
v -0.240129 1.895131 -0.113103
v -0.294619 0.317866 0.156254
v -0.009695 1.574141 -0.185475
v 0.042150 1.553451 -0.233707
v 0.313869 0.963557 -0.212923
v 0.131909 1.200949 0.172154
v -0.264766 0.090298 0.161130
v -0.287362 1.770794 0.155612
v -0.073263 1.874470 -0.235559
v 0.326213 0.922512 -0.186846
v -0.257728 0.011166 -0.082890
v 0.343010 0.764702 -0.020931
v 0.353673 0.765877 -0.019950
v 0.159834 1.182520 0.167047
v -0.142529 1.519064 0.199785
v -0.295299 1.810982 0.142668
v -0.348502 1.727547 0.029687
v -0.018067 1.576587 -0.232596
v 0.351258 0.864594 -0.081420
v 0.343331 0.764826 -0.031764
v -0.323777 0.448262 0.130511
v 0.091995 1.231548 0.174354
v 0.031582 1.331376 0.175661
v -0.156507 1.887950 -0.209567
v -0.026595 1.625781 -0.184891
v 0.011104 1.561004 -0.185056
v 0.312593 0.989925 -0.222457
v 0.344029 0.863964 -0.140856
v -0.272764 0.129997 0.158738
v 0.344696 0.667656 0.096129
v -0.271229 0.051390 0.103950
v -0.005368 1.378897 0.198324
v -0.209941 1.643278 0.196452
v -0.340540 1.787236 -0.014517
v -0.260705 0.043797 -0.169628
v -0.238972 0.056584 -0.211300
v 0.009808 1.556579 -0.231699
v 0.157195 1.426403 -0.235841
v 0.068201 1.280666 0.175873
v -0.294143 1.722354 0.157881
v -0.293194 1.765618 0.158977
v -0.348360 0.491754 -0.063778
v -0.340479 1.766205 0.056968
v -0.343388 0.446114 0.069338
v 0.343795 0.736417 -0.029894
v 0.348150 0.686962 0.084567
v -0.145655 1.500014 0.205786
v -0.329249 1.781447 0.086006
v -0.278156 1.871522 -0.080579
v -0.268725 1.874819 -0.116263
v 0.014036 1.523397 -0.235705
v -0.250068 0.025297 0.082949
v -0.261378 0.021319 0.053818
v 0.297507 0.931838 0.156454
v 0.164835 1.192973 0.169839
v 0.119101 1.201296 0.173333
v -0.018890 1.347476 0.196054
v -0.073060 1.396900 0.191764
v -0.105570 1.418310 0.205227
v -0.187085 0.031413 -0.222039
v -0.154832 0.035365 -0.232567
v -0.295782 1.798737 0.134518
v -0.310482 1.805165 0.105749
v 0.353922 0.709166 -0.022996
v -0.312749 0.449859 -0.213116
v 0.304569 0.944682 0.158673
v -0.349202 0.476328 -0.043186
v -0.338473 0.437162 0.103046
v -0.182641 1.547242 0.205332
v -0.307990 1.779418 0.152596
v -0.136934 1.887653 -0.224158
v -0.021737 1.650535 -0.234907
v 0.353624 0.764357 -0.032238
v -0.223388 0.165016 0.165547
v -0.030636 1.384452 0.191801
v -0.187476 1.607950 0.196957
v -0.342423 1.756360 0.063896
v -0.345876 1.760201 -0.041774
v -0.246066 1.887673 -0.134231
v -0.217170 1.897927 -0.139364
v -0.030505 1.623530 -0.233033
v 0.000781 1.556374 -0.234967
v -0.256864 0.008445 0.013548
v 0.335867 0.684691 0.098244
v 0.093580 1.213468 0.173939
v -0.185550 1.575397 0.193681
v -0.338969 1.789627 -0.050840
v -0.315102 1.826286 -0.106956
v -0.302422 1.843299 -0.103571
v 0.343670 0.712808 -0.020733
v 0.338035 0.662664 0.092194
v 0.327732 0.759320 0.129103
v 0.126590 1.145714 0.168683
v 0.124932 1.178799 0.172598
v 0.049884 1.261616 0.176370
v -0.221837 1.609707 0.184646
v -0.212669 1.638719 0.181983
v -0.320269 1.772312 0.105795
v -0.341167 1.745827 0.065634
v -0.350218 1.703659 -0.046420
v -0.265137 1.871851 -0.141925
v -0.135183 1.869191 -0.238154
v 0.343123 0.714830 -0.031967
v -0.203915 0.073182 0.161162
v -0.242855 0.056464 0.152773
v -0.253590 0.044816 0.103512
v -0.298334 1.722933 0.154856
v 0.331679 0.800667 -0.170149
v 0.353784 0.733195 -0.031664
v 0.351812 0.651174 0.064023
v -0.054704 1.385588 0.197789
v -0.221458 1.563333 0.196293
v -0.221841 1.606336 0.182500
v -0.281161 0.449885 -0.240080
v -0.350939 1.694146 0.006002
v -0.292509 1.850129 -0.127788
v -0.206995 1.889282 -0.183056
v -0.349874 0.508790 -0.003882
v -0.346540 0.474894 0.049307
v 0.066963 1.230544 0.175203
v -0.161197 1.483541 0.204979
v -0.347702 1.696876 0.057085
v 0.280035 1.033640 -0.239181
v -0.213964 0.036260 0.140906
v -0.224190 0.048546 0.134294
v 0.338341 0.624503 0.087963
v 0.299411 0.924184 0.152859
v -0.247910 0.003363 -0.037334
v -0.087008 1.399743 0.197829
v -0.349533 1.672204 0.049385
v 0.238669 0.956318 0.162172
v 0.012304 1.260821 0.176797
v -0.088013 1.368380 0.196545
v -0.137766 1.449167 0.204883
v -0.250185 1.632379 0.167411
v -0.348497 0.520984 -0.058319
v -0.340232 1.748750 0.081439
v -0.341773 1.731333 0.081347
v -0.350019 1.722387 -0.008043
v -0.177466 1.884011 -0.222197
v -0.169984 1.851407 -0.238698
v 0.338375 0.746313 -0.141434
v 0.329596 0.575518 0.119091
v 0.106344 1.157586 0.173343
v -0.180658 1.533367 0.196459
v -0.302276 1.702092 0.158950
v 0.296255 0.991109 -0.237435
v 0.339050 0.604826 0.097804
v 0.330279 0.623216 0.116778
v 0.325182 0.736935 0.142614
v 0.068263 1.207775 0.174542
v -0.314184 1.750290 0.155796
v -0.333722 1.793816 -0.095136
v -0.324089 1.820036 -0.062087
v -0.281723 1.852797 -0.156159
v -0.234754 1.884428 -0.165485
v -0.182144 1.870165 -0.236083
v -0.030245 1.601699 -0.234061
v -0.276165 0.445068 -0.232886
v 0.035226 1.240883 0.175243
v -0.118389 1.422855 0.197880
v -0.144305 1.455283 0.191546
v -0.163067 1.484836 0.193131
v -0.172198 1.505211 0.196703
v -0.310560 1.770834 0.133641
v -0.331790 1.750271 0.106101
v -0.347068 1.724261 -0.077565
v -0.303109 1.832529 -0.138815
v -0.249685 1.875597 -0.162886
v -0.344840 0.468409 0.065210
v 0.021545 1.374073 -0.235737
v -0.332799 0.446576 0.103529
v 0.343134 0.647897 0.069326
v 0.344768 0.634712 0.068902
v -0.240301 0.097246 0.158076
v -0.342708 1.710520 0.083713
v -0.326428 1.806432 -0.105128
v -0.320180 1.809973 -0.131474
v -0.162754 1.840505 -0.235889
v 0.344575 0.590352 0.072742
v 0.054127 1.223188 0.175054
v -0.033637 1.334453 0.177798
v -0.244373 1.593654 0.170013
v -0.291245 1.835591 -0.167938
v -0.218803 1.869903 -0.210951
v 0.342449 0.580251 0.084941
v 0.339471 0.566642 0.102158
v -0.204312 1.555862 0.196610
v -0.321739 1.726095 0.134143
v -0.344633 1.679252 0.081440
v 0.313239 0.909566 -0.213418
v 0.353124 0.687281 0.003458
v 0.340231 0.524710 0.098705
v -0.158657 1.467885 0.197739
v -0.195562 1.514154 0.196777
v -0.340300 1.752988 -0.119955
v -0.235739 1.869622 -0.193957
v 0.311304 0.919233 -0.224987
v 0.351527 0.686235 -0.080996
v 0.327185 0.702497 0.129380
v 0.122543 1.143221 0.172337
v 0.048733 1.205536 0.174793
v 0.023222 1.227888 0.175256
v -0.144519 1.409332 0.196488
v -0.174962 1.465451 0.196616
v -0.194777 0.032981 -0.212196
v -0.351690 1.616843 0.025526
v -0.352981 1.642893 -0.035543
v -0.253594 1.794075 -0.236075
v -0.312338 0.509331 -0.220639
v 0.342451 0.558719 0.084194
v 0.329394 0.597995 0.119835
v 0.329575 0.598481 0.119283
v -0.266636 0.337920 0.163214
v 0.314674 0.831721 0.156804
v -0.208202 1.556700 0.181167
v -0.316384 1.588093 0.156858
v -0.337716 1.674094 0.105610
v -0.265872 1.854980 -0.181600
v -0.226891 1.864726 -0.226502
v 0.356749 0.651475 -0.013625
v 0.346937 0.612404 0.054745
v 0.339183 0.494660 0.102313
v 0.328777 0.598612 0.121700
v -0.309188 0.447642 -0.228666
v 0.300611 0.834312 0.153861
v 0.052251 1.184080 0.175118
v -0.042081 1.347156 0.181997
v 0.341154 0.542576 0.088046
v 0.340945 0.512421 0.086189
v 0.147768 1.077379 0.167871
v 0.074682 1.176785 0.174311
v -0.339411 0.467678 0.086691
v -0.351256 1.665164 -0.045566
v 0.346145 0.570353 0.068249
v 0.325746 0.571543 0.129847
v 0.173362 1.026523 0.166665
v -0.221479 1.563418 0.181540
v -0.347325 1.648862 0.068244
v -0.351994 1.598953 0.030053
v 0.313493 0.845277 -0.219531
v 0.349397 0.646445 0.011924
v 0.334460 0.498294 0.103547
v 0.324847 0.615039 0.143119
v 0.316106 0.745980 0.155601
v 0.158482 0.961356 0.168255
v 0.173195 1.026364 0.166679
v 0.171258 1.027053 0.166810
v -0.030879 1.262076 0.176503
v -0.039851 1.283129 0.175155
v -0.082092 1.361750 0.181895
v -0.125091 1.389615 0.181974
v -0.348597 1.619886 0.059252
v -0.355185 1.607792 -0.019723
v -0.360286 1.579014 -0.009659
v -0.331981 1.774551 -0.138101
v 0.275537 0.967547 -0.236026
v 0.346147 0.542624 0.065832
v 0.343305 0.489023 0.079257
v 0.097926 1.116106 0.170068
v -0.337832 0.451144 0.102845
v -0.000390 1.249498 0.175960
v -0.320786 1.690730 0.150807
v -0.333007 1.698106 0.105113
v -0.353237 1.579517 -0.008212
v 0.349311 0.630385 0.037382
v 0.345613 0.526186 0.069368
v 0.342837 0.507127 0.074394
v 0.340576 0.469040 0.092759
v 0.082976 1.131585 0.174158
v 0.019512 1.209344 0.174885
v -0.009144 1.238511 0.175480
v -0.154720 1.435550 0.196146
v -0.191787 1.489014 0.180851
v -0.360605 1.562838 -0.040100
v 0.303709 0.828105 0.158229
v 0.296361 0.804991 0.156613
v -0.160861 0.067776 -0.235457
v -0.159718 1.422399 0.190105
v -0.324297 1.787038 -0.156070
v 0.280324 0.939804 -0.239325
v 0.349575 0.605056 0.041824
v 0.346854 0.590839 0.053306
v 0.339059 0.449571 0.102892
v 0.325884 0.449482 0.129946
v -0.321742 0.436413 0.147036
v -0.224835 1.541500 0.181422
v -0.348448 1.600800 0.059248
v -0.333192 1.743414 -0.160587
v -0.235757 0.012491 -0.141552
v 0.345644 0.492356 0.062216
v 0.342242 0.418229 0.084482
v 0.350127 0.313583 0.010211
v 0.327840 0.632790 0.131564
v -0.171048 1.449070 0.179974
v -0.345169 1.642401 0.082276
v -0.342075 1.688735 -0.133596
v -0.232393 0.000964 -0.077879
v 0.346182 0.556497 0.059841
v 0.345621 0.289244 0.054345
v -0.151308 0.060377 -0.239858
v 0.316849 0.665464 0.154887
v 0.062298 1.159476 0.174528
v 0.017484 1.192758 0.174674
v -0.201088 1.479707 0.181490
v -0.353493 1.572662 -0.038670
v -0.271042 1.830258 -0.211999
v 0.293756 0.885784 -0.238084
v -0.346250 0.505342 0.053515
v -0.324163 0.504123 0.130171
v 0.351202 0.611324 0.008007
v 0.350769 0.611679 0.023352
v 0.345619 0.450105 0.069226
v 0.349093 0.405955 0.039833
v 0.350523 0.354160 0.004919
v 0.351076 0.219944 -0.000036
v 0.346906 0.266057 0.049410
v 0.340333 0.333285 0.085508
v -0.040839 1.245245 0.175732
v -0.053923 1.265112 0.176910
v -0.157438 1.421089 0.180979
v -0.239641 1.520105 0.167449
v -0.345771 1.608225 0.081794
v 0.347218 0.814637 -0.128107
v 0.343250 0.475418 0.076945
v 0.350527 0.372739 0.019905
v 0.039593 1.163426 0.174480
v -0.323663 1.691267 0.133836
v -0.326319 1.599188 0.132539
v -0.264345 1.838079 -0.220986
v 0.347200 0.514560 0.055899
v 0.351717 0.366627 0.008987
v 0.349868 0.293021 -0.000482
v -0.336590 0.541002 -0.154697
v 0.344809 0.280975 0.067000
v 0.062172 1.134791 0.174177
v -0.003537 1.216368 0.175017
v -0.302984 1.575368 0.159014
v -0.299522 0.448276 0.158566
v -0.221032 1.833769 -0.240252
v -0.209940 1.835404 -0.233290
v 0.340963 0.341369 0.094016
v 0.338666 0.374643 0.103590
v 0.093169 1.030437 0.171322
v -0.134854 1.356929 0.173376
v -0.299002 1.603295 0.154518
v -0.334502 1.626245 0.105209
v -0.352072 1.568272 0.018986
v -0.233873 0.004051 -0.107135
v -0.203087 0.019539 -0.187626
v 0.348261 0.387536 0.022337
v 0.361316 0.216743 0.009214
v 0.348509 0.218153 0.046183
v 0.345639 0.228414 0.058550
v 0.345001 0.260028 0.061482
v 0.325574 0.443018 0.130492
v 0.323973 0.502676 0.144646
v -0.268999 0.441733 -0.236170
v -0.092252 1.335757 0.175921
v -0.313447 1.504739 0.158083
v 0.349175 0.646472 -0.069142
v 0.348215 0.544325 0.047304
v 0.346014 0.444709 0.052299
v 0.350492 0.427826 0.033522
v 0.303374 0.720226 0.157928
v 0.080033 1.099250 0.174277
v 0.033099 1.153021 0.174594
v 0.005669 1.186102 0.175121
v -0.346424 1.576577 0.075076
v -0.359852 1.511999 -0.008848
v 0.350673 0.403713 0.023485
v 0.351294 0.389930 0.011955
v 0.339130 0.300615 0.086339
v 0.298718 0.746477 0.152810
v -0.018163 1.192831 0.174883
v -0.080136 1.274875 0.173676
v -0.349353 1.571750 0.053609
v -0.351288 1.544081 -0.066202
v -0.102510 0.045999 -0.234020
v 0.280294 0.851426 -0.239398
v 0.351208 0.618363 -0.019417
v 0.350780 0.587995 0.013275
v 0.346206 0.469359 0.059374
v 0.359012 0.213776 0.054241
v 0.046870 1.134809 0.174664
v -0.076691 1.250519 0.175817
v -0.348953 0.499363 0.025132
v -0.215182 1.467484 0.170897
v -0.341060 0.487311 0.079169
v -0.334408 1.706580 -0.165412
v -0.325836 1.765807 -0.169402
v -0.243089 1.812706 -0.233358
v 0.141644 0.991761 -0.235796
v 0.271890 0.837832 -0.236132
v 0.354499 0.651092 -0.081531
v 0.352012 0.589175 -0.015369
v 0.347569 0.188042 0.049175
v -0.042470 1.202404 0.174782
v -0.296153 1.504487 0.157329
v -0.335671 1.670634 -0.163941
v 0.311351 0.782686 -0.224573
v 0.350794 0.582968 0.031369
v 0.350641 0.553420 0.027529
v 0.348761 0.285401 -0.017832
v 0.327553 0.456682 0.132771
v -0.198157 1.422872 0.169332
v -0.351571 1.570583 -0.068132
v -0.311676 1.744050 -0.213746
v 0.349747 0.488991 0.036311
v 0.359908 0.191972 0.054710
v 0.341516 0.273043 0.082883
v 0.295802 0.718810 0.155870
v -0.313222 0.539138 0.156685
v -0.353161 1.535622 -0.044915
v -0.299934 1.785373 -0.211904
v -0.271035 1.816579 -0.234877
v 0.343996 0.712873 -0.140859
v 0.347152 0.654223 -0.130424
v 0.352342 0.567321 0.002489
v 0.351139 0.524561 0.033928
v 0.349032 0.476354 0.032224
v 0.350449 0.451683 0.034464
v 0.342393 0.245792 0.059631
v 0.343016 0.241461 0.072470
v 0.066632 1.081547 0.171384
v 0.045751 1.104523 0.174892
v 0.013821 1.142328 0.175231
v 0.010605 1.162645 0.174583
v -0.058718 1.204099 0.174878
v -0.075252 1.276762 0.176834
v -0.326113 1.611085 0.138677
v -0.350153 1.539440 0.043868
v -0.294106 1.798035 -0.220715
v 0.351110 0.614510 -0.039872
v 0.350596 0.538589 0.017839
v 0.351035 0.386836 -0.004760
v 0.350505 0.350868 -0.026861
v 0.348096 0.241191 -0.043221
v 0.359698 0.217261 -0.084158
v 0.352392 0.182750 0.007448
v 0.345958 0.204378 0.060341
v 0.338169 0.297005 0.103739
v -0.013147 1.166982 0.175038
v -0.338847 1.592127 0.105498
v -0.347376 1.549259 0.071395
v -0.352247 1.506783 0.012065
v -0.353491 1.517374 -0.006920
v -0.349888 0.540694 -0.011527
v 0.349176 0.314131 -0.037877
v 0.341374 0.254094 0.078593
v 0.332976 0.341293 0.103518
v 0.302577 0.649110 0.157832
v -0.299579 1.453520 0.154325
v -0.248774 1.810741 -0.239580
v 0.313945 0.802756 -0.212832
v 0.349272 0.595898 -0.075240
v 0.351015 0.514921 0.016159
v 0.351264 0.490822 0.020205
v 0.349843 0.443415 0.020119
v 0.344548 0.176066 0.042326
v -0.079403 1.209519 0.174850
v -0.360542 1.445717 -0.009119
v 0.351546 0.409537 0.000311
v 0.341924 0.152338 0.050771
v 0.343410 0.220843 0.075784
v 0.314603 0.562839 0.156053
v -0.344321 0.528915 -0.110245
v -0.078546 1.233571 0.175145
v -0.347969 0.548453 -0.072539
v -0.343491 0.505520 0.073743
v 0.276349 0.891907 -0.234868
v 0.351060 0.581792 -0.043305
v -0.226162 0.285584 0.168901
v 0.026148 1.111833 0.174939
v -0.033948 1.173681 0.174763
v -0.350334 1.508398 0.040700
v -0.283225 1.778830 -0.238772
v 0.343615 0.648900 -0.124747
v -0.235155 0.009704 0.067832
v 0.349908 0.467185 0.023441
v 0.350860 0.377806 -0.029602
v 0.342157 0.170705 0.065229
v 0.324031 0.322830 0.130469
v 0.326455 0.360511 0.133704
v -0.321687 1.477282 0.152195
v -0.338026 1.618155 -0.158634
v -0.307698 1.757020 -0.225117
v -0.132872 1.319384 -0.235848
v -0.206470 0.445023 -0.232083
v 0.338855 0.673590 -0.140688
v -0.301898 0.509000 -0.234198
v -0.326314 0.505135 -0.184670
v -0.327800 0.558964 -0.181121
v -0.349513 0.562552 -0.040757
v 0.340099 0.260014 0.093965
v -0.347693 0.519277 0.041875
v -0.325006 0.546254 0.130566
v -0.353336 1.491476 -0.044311
v -0.342410 1.596272 -0.138429
v 0.352170 0.542809 0.000257
v 0.351788 0.477792 0.005285
v 0.352563 0.437072 0.005286
v 0.348471 0.292517 -0.053822
v 0.343278 0.141534 0.032484
v 0.339971 0.141316 0.057849
v 0.323033 0.397446 0.144906
v 0.298251 0.657804 0.154096
v 0.054846 1.079058 0.175041
v -0.054481 1.172777 0.174807
v -0.346642 1.527557 0.074877
v -0.349030 1.491953 -0.093606
v -0.267704 1.783250 -0.238511
v 0.360672 0.191427 -0.058825
v 0.331589 0.188680 0.103932
v 0.314106 0.442615 0.157230
v 0.301730 0.534051 0.158644
v 0.298417 0.579943 0.153505
v -0.005129 1.134926 0.174930
v -0.034522 1.146030 0.174906
v -0.099305 1.227950 0.174844
v -0.351637 1.463124 -0.062984
v 0.351476 0.403294 -0.029445
v 0.339557 0.229614 0.086782
v 0.258970 0.663272 0.159412
v 0.073424 0.846433 0.172296
v 0.054913 1.052909 0.171859
v -0.351979 1.473369 0.012311
v -0.360475 1.428468 -0.037035
v -0.353114 1.432585 -0.036903
v 0.351656 0.564424 -0.028851
v 0.352511 0.523823 -0.002678
v 0.347259 0.170479 -0.002473
v 0.340628 0.184554 0.080581
v 0.341760 0.204070 0.078245
v -0.181066 0.070794 0.156470
v -0.085082 1.200265 0.174519
v -0.350272 1.485485 0.037482
v -0.353599 1.441548 -0.008390
v -0.358451 1.429631 -0.016882
v -0.360600 1.412410 -0.009959
v 0.313602 0.722571 -0.213090
v 0.351951 0.552556 -0.019217
v -0.153349 0.023504 -0.210825
v 0.045715 1.034090 0.165133
v -0.326756 1.537130 0.133599
v 0.276109 0.791137 -0.235998
v -0.348121 0.549220 0.036699
v -0.340521 0.525402 0.082848
v 0.352603 0.487530 -0.003554
v 0.348985 0.354085 -0.064092
v 0.342278 0.257421 -0.119840
v 0.339710 0.205909 0.091985
v 0.057333 0.953248 0.171176
v -0.312022 1.711478 -0.222867
v -0.279095 1.747508 -0.239576
v 0.349969 0.222124 -0.079189
v -0.116086 0.033490 0.133875
v -0.213818 0.009858 -0.156934
v -0.348140 1.488048 0.058078
v -0.351310 1.456038 0.026839
v -0.335984 1.574623 -0.163950
v -0.313465 1.671782 -0.214357
v -0.149572 0.025785 -0.221050
v 0.350132 0.582310 -0.066418
v 0.351779 0.504210 -0.008301
v 0.351356 0.423786 -0.023238
v 0.346940 0.169882 -0.043941
v 0.341729 0.127719 0.001703
v 0.324872 0.089994 0.050453
v 0.336902 0.217201 0.104754
v -0.038415 1.133533 0.174978
v -0.093357 1.191361 0.173989
v -0.120827 1.236311 0.171840
v -0.349225 0.549721 0.010437
v -0.354204 1.413237 -0.043915
v 0.351122 0.523485 -0.049383
v 0.352314 0.521168 -0.022879
v 0.351589 0.448984 0.003977
v 0.337550 0.111445 0.018240
v 0.340096 0.163293 0.079277
v 0.299874 0.437487 0.159823
v 0.297592 0.522339 0.155841
v -0.058921 1.156802 0.174578
v -0.275762 1.396921 0.163075
v 0.351924 0.451674 -0.018219
v 0.332087 0.117830 0.067762
v 0.337783 0.179570 0.091400
v 0.046086 0.976896 0.164181
v 0.042338 1.041079 0.170090
v -0.050392 1.076213 0.171714
v -0.003795 1.109182 0.175005
v -0.063923 1.138113 0.174957
v -0.347381 1.492914 0.074652
v 0.349059 0.179768 -0.063496
v 0.336097 0.145275 0.083958
v 0.324182 0.244488 0.130430
v 0.252298 0.553584 0.158209
v -0.080736 1.170919 0.174556
v -0.122707 1.206805 0.173077
v -0.351695 1.418748 0.012414
v -0.360287 1.331435 -0.009262
v -0.269748 1.607969 -0.236176
v 0.340819 0.127342 -0.038375
v 0.328420 0.086201 0.006899
v 0.186721 0.832841 0.166713
v -0.193230 0.035485 0.151189
v -0.348864 1.459833 0.053585
v -0.274374 1.757264 -0.234159
v 0.352105 0.487836 -0.025892
v 0.350276 0.396641 -0.058743
v 0.355916 0.194792 -0.100979
v 0.336850 0.158468 0.088944
v 0.023201 1.045883 0.164071
v -0.099075 1.174140 0.173608
v -0.335454 1.489371 0.105830
v -0.187701 0.447664 -0.236043
v -0.276700 0.448333 -0.235284
v -0.338948 0.542782 0.092615
v -0.034100 1.116699 0.174436
v -0.322816 0.562429 0.145130
v -0.326768 1.514275 0.137771
v -0.326768 1.514899 0.137771
v -0.297894 0.505699 0.155009
v -0.346461 1.472059 0.078791
v -0.351740 1.403670 -0.069752
v 0.349898 0.445936 -0.030190
v 0.350505 0.438855 -0.055744
v -0.326768 1.513629 0.137771
v -0.276026 1.691585 -0.234079
v -0.223850 0.000000 0.006143
v 0.347140 0.327423 -0.086227
v 0.345224 0.184200 -0.105044
v -0.350587 1.420139 0.034257
v -0.311796 1.576573 -0.223420
v -0.280066 0.590897 -0.239293
v 0.347729 0.365806 -0.086268
v -0.345785 0.576412 -0.092289
v 0.329522 0.144356 0.105385
v -0.020011 1.046255 0.165772
v -0.186746 1.303213 0.167359
v -0.360796 1.294150 -0.041263
v -0.313133 1.572362 -0.213720
v -0.045542 1.110945 0.174843
v -0.153082 1.208301 0.168531
v -0.211010 0.019324 0.104465
v -0.342213 1.476376 -0.142691
v 0.350360 0.542799 -0.065705
v 0.311367 0.079627 0.076425
v 0.325415 0.098352 0.066542
v 0.323888 0.107167 0.084781
v 0.316317 0.273677 0.153705
v -0.327282 1.477833 0.134314
v -0.351153 1.390087 0.028301
v -0.339100 1.484955 -0.155977
v 0.305386 0.738476 -0.231140
v 0.350716 0.481685 -0.057151
v 0.312583 0.064725 0.037267
v -0.325909 0.619077 0.130198
v -0.295876 0.398321 0.156660
v -0.064674 1.112257 0.174564
v -0.270931 0.473835 0.164109
v -0.347799 1.437887 0.058448
v -0.354638 1.374318 -0.045920
v 0.275704 0.716971 -0.235844
v 0.331416 0.130060 0.087705
v -0.035993 1.041029 0.170071
v -0.097901 1.146715 0.173388
v -0.353139 1.368052 -0.006189
v 0.338671 0.561062 -0.151477
v 0.335724 0.106107 -0.026865
v 0.294333 0.313465 0.159436
v -0.046946 1.038124 0.170219
v -0.138356 1.190710 0.172003
v -0.344873 1.447074 0.082890
v -0.342993 1.402026 -0.143937
v -0.335459 0.588563 -0.160096
v 0.348228 0.543977 -0.087133
v -0.348846 0.601149 0.007590
v -0.345023 0.537591 0.060579
v -0.338305 0.577710 0.102510
v 0.322982 0.193313 0.131143
v -0.348681 1.421954 0.058349
v -0.353183 1.335759 -0.007120
v -0.337741 1.529116 -0.160823
v 0.344415 0.309012 -0.111338
v 0.326099 0.271944 0.134128
v -0.169906 0.027094 0.141137
v 0.046443 0.876434 0.164690
v -0.120880 1.168692 0.172801
v -0.300893 1.387355 0.156501
v -0.350491 1.383959 0.039446
v 0.327146 0.640875 -0.183814
v -0.076076 0.025069 -0.212200
v 0.319289 0.070646 0.006769
v 0.306889 0.065988 0.067682
v 0.321286 0.186254 0.146678
v 0.301824 0.353316 0.161897
v -0.348772 0.600403 -0.038807
v -0.340368 0.560099 0.086475
v 0.314002 0.148486 0.131517
v -0.099980 1.120697 0.173233
v -0.339583 1.425959 -0.154428
v 0.344714 0.367202 -0.111666
v 0.327824 0.085451 -0.016829
v -0.169508 0.014181 0.104419
v -0.055726 1.078737 0.174872
v -0.218605 0.004234 -0.126600
v -0.297556 1.709667 -0.237211
v 0.280242 0.733076 -0.239454
v -0.099432 0.020052 -0.208077
v 0.348809 0.498418 -0.079088
v 0.350517 0.450192 -0.057445
v 0.346866 0.439837 -0.101241
v 0.296836 0.049904 0.048125
v -0.154306 1.177842 0.171022
v -0.323115 1.378384 0.150882
v -0.347816 1.404188 0.064543
v -0.350328 1.371561 0.044064
v 0.336904 0.256963 -0.145092
v 0.350413 0.198963 -0.125592
v 0.339125 0.140844 -0.100807
v 0.307468 0.053896 0.002534
v -0.351573 1.338998 0.015339
v -0.280527 1.627444 -0.239875
v 0.313125 0.659661 -0.220646
v 0.343577 0.494512 -0.121828
v 0.348239 0.475468 -0.084117
v 0.347615 0.404842 -0.091223
v 0.337433 0.184816 -0.147542
v 0.298218 0.265231 0.163621
v -0.042545 1.027408 0.165045
v -0.132904 1.153683 0.168506
v -0.159832 1.183590 0.167153
v -0.328196 1.406513 0.133670
v -0.352366 1.286030 -0.061056
v -0.352292 1.322747 -0.063404
v -0.342775 1.365761 -0.140764
v 0.025157 1.128652 -0.235710
v 0.344969 0.552573 -0.114578
v 0.318734 0.130688 0.104408
v 0.296085 0.405108 0.157484
v 0.265851 0.367399 0.165154
v -0.091008 1.110022 0.170180
v 0.345891 0.446705 -0.098773
v 0.345568 0.416999 -0.107583
v 0.312632 0.063342 -0.048383
v -0.244332 0.483573 0.166243
v 0.230138 0.497098 0.159583
v -0.347939 1.380959 0.063334
v -0.360114 1.264411 -0.009405
v -0.313421 1.489762 -0.213702
v 0.338412 0.329474 -0.142925
v -0.187122 0.009079 -0.169695
v -0.352468 1.312889 0.011572
v -0.343150 1.329736 -0.138090
v 0.313947 0.633045 -0.212827
v 0.329937 0.105951 -0.104163
v 0.318382 0.075835 -0.086567
v -0.269456 0.554218 -0.236119
v -0.312775 0.582093 -0.213862
v -0.344416 1.382232 0.084063
v -0.345947 0.558970 0.058005
v 0.336418 0.545199 -0.158056
v 0.342206 0.397651 -0.129689
v 0.339654 0.355007 -0.139503
v 0.340623 0.286743 -0.129911
v 0.304431 0.079057 0.096187
v 0.323430 0.161433 0.135015
v 0.150339 0.558594 0.165039
v -0.350505 1.305448 0.032576
v 0.338292 0.302113 -0.142105
v 0.321139 0.077596 -0.055760
v 0.303837 0.086669 0.106880
v 0.044827 0.962678 0.169827
v -0.039746 0.932627 0.170031
v -0.301100 1.315500 0.155905
v -0.280344 1.521969 -0.239853
v -0.060528 0.065923 -0.235427
v 0.341059 0.520801 -0.137679
v 0.300637 0.116412 0.132375
v 0.305795 0.194864 0.161509
v -0.348184 0.600705 -0.065132
v -0.355117 1.244667 -0.021613
v 0.289018 0.044351 0.034583
v 0.287596 0.051845 0.083160
v 0.057824 0.829670 0.171662
v 0.046521 0.813352 0.164903
v -0.343075 1.376274 0.092685
v -0.102506 0.910244 -0.235781
v 0.334245 0.301970 -0.159048
v 0.332124 0.259723 -0.166993
v 0.282214 0.030688 0.002514
v -0.267554 1.200873 0.159274
v -0.349184 1.334528 0.063510
v -0.349754 1.298735 0.042742
v -0.354111 1.276072 -0.038876
v -0.304124 1.524363 -0.232856
v 0.293683 0.038674 -0.024226
v 0.273076 0.035088 0.051836
v -0.350473 1.234061 -0.078157
v -0.339934 0.577473 0.085915
v -0.346320 0.574668 0.051329
v 0.341927 0.425031 -0.126487
v 0.333978 0.323328 -0.162044
v -0.333779 0.596480 0.102024
v 0.330655 0.224615 -0.172435
v 0.293779 0.084172 0.105474
v -0.353478 1.265606 -0.006864
v 0.285959 0.060710 0.108058
v 0.307873 0.136817 0.152618
v -0.158531 0.004205 -0.076893
v -0.305403 1.334301 0.158996
v -0.336163 1.361675 -0.164734
v 0.292843 0.039769 -0.059528
v 0.292949 0.204467 0.157632
v -0.352614 1.258109 0.011187
v 0.313047 0.592970 -0.220765
v 0.338499 0.493473 -0.147833
v 0.344672 0.463086 -0.113631
v 0.340410 0.376714 -0.139989
v 0.263276 0.037353 0.083170
v 0.295605 0.098643 0.138478
v -0.298398 0.545418 0.156736
v -0.346454 1.320909 0.076238
v -0.297529 1.446054 -0.237573
v 0.313399 0.505995 -0.213043
v 0.332035 0.510127 -0.171494
v 0.276123 0.023130 -0.037002
v 0.271869 0.052312 0.102372
v -0.179041 1.063773 0.165947
v -0.202455 0.009824 0.090490
v -0.343119 1.335736 0.092033
v 0.328263 0.287784 -0.175936
v 0.272746 0.023562 0.013346
v -0.151512 0.444544 -0.231839
v -0.351588 1.206309 -0.064934
v -0.347730 1.239739 -0.105095
v -0.341858 1.300649 -0.144391
v 0.340843 0.445007 -0.133291
v 0.334534 0.355205 -0.160406
v 0.324889 0.247847 -0.187076
v 0.250692 0.017246 0.061469
v -0.338367 0.624571 0.086446
v -0.313103 1.370159 -0.213660
v -0.313024 1.418294 -0.220587
v -0.128330 1.063697 -0.235827
v 0.334449 0.381689 -0.162779
v 0.233987 0.361714 0.166586
v -0.049031 0.940459 0.170687
v -0.269723 1.390438 -0.236096
v 0.290660 0.684614 -0.238976
v 0.291321 0.040226 -0.081805
v 0.260806 0.018943 0.036935
v 0.245187 0.289282 0.167284
v 0.322203 0.327322 -0.194036
v -0.327087 0.620053 -0.182076
v 0.284923 0.094151 0.133218
v -0.342899 0.591926 0.073242
v -0.319777 1.303392 0.155453
v 0.276518 0.621554 -0.236123
v 0.330308 0.132633 -0.144461
v 0.161513 0.287941 0.166617
v 0.058164 0.711259 0.171462
v 0.046441 0.735584 0.164692
v -0.353356 1.224788 -0.009646
v -0.346332 1.262107 -0.115906
v 0.323964 0.279181 -0.188842
v 0.044780 0.833366 0.170123
v -0.328024 1.338387 0.133908
v -0.345501 1.288720 0.080696
v -0.352165 1.215499 0.016526
v -0.335593 1.313869 -0.165607
v 0.280418 0.591067 -0.239413
v 0.338987 0.418886 -0.145147
v 0.281170 0.028764 -0.053266
v 0.294960 0.159083 0.162347
v -0.349177 0.602466 -0.012236
v -0.352484 1.188593 -0.049399
v 0.087989 0.748490 -0.235826
v 0.326667 0.557623 -0.186653
v -0.292125 0.577899 0.158548
v 0.325128 0.106551 -0.136156
v -0.349878 1.230295 0.045895
v -0.353131 1.173999 -0.028803
v 0.234768 0.016329 0.082311
v -0.343339 1.280097 0.091509
v -0.341717 1.249889 -0.143062
v 0.304170 0.620339 -0.231894
v 0.319102 0.224006 -0.199274
v 0.328947 0.191891 -0.174809
v 0.263380 0.053575 0.103713
v -0.276195 0.639077 -0.234007
v -0.311855 0.584937 -0.223146
v -0.344187 0.637853 -0.110069
v -0.337327 1.273910 -0.160794
v 0.334396 0.417992 -0.162452
v 0.314411 0.080832 -0.137319
v -0.350501 1.211080 0.043930
v -0.276192 1.425426 -0.234020
v 0.326744 0.393606 -0.182126
v 0.323163 0.372121 -0.193345
v 0.326689 0.342980 -0.184142
v 0.321310 0.305523 -0.195276
v 0.281555 0.026940 -0.017172
v -0.300961 1.207318 0.153664
v -0.335583 1.305920 0.106225
v 0.293526 0.534716 -0.238034
v 0.312639 0.523862 -0.222278
v 0.327971 0.373546 -0.179700
v 0.318913 0.138493 -0.177191
v 0.299647 0.052431 -0.104508
v 0.284639 0.110215 0.159407
v -0.039908 0.846111 0.170088
v 0.276044 0.534924 -0.235946
v 0.247215 0.005830 0.019576
v 0.284801 0.138004 0.156563
v -0.325984 0.690897 0.129431
v 0.044883 0.762623 0.169911
v -0.042331 0.854820 0.165804
v -0.049881 0.874215 0.171425
v -0.346469 1.245707 0.073145
v -0.349811 1.198345 0.051451
v -0.352107 1.182999 0.012210
v -0.345545 1.192157 -0.121928
v -0.304547 1.251508 0.158400
v -0.341564 1.203871 -0.144482
v -0.311706 1.281737 -0.223604
v -0.280147 1.403474 -0.239478
v 0.321165 0.511781 -0.198706
v 0.329430 0.444558 -0.174788
v 0.323717 0.159731 -0.177443
v 0.300959 0.061974 -0.131966
v 0.239022 0.032028 0.104383
v -0.030925 0.027907 -0.219352
v 0.335094 0.445874 -0.157314
v 0.312621 0.274848 -0.212564
v 0.261985 0.011908 -0.012867
v 0.267577 0.077535 0.151657
v 0.275129 0.115559 0.162661
v 0.263126 0.163682 0.161357
v -0.345480 0.607825 0.059504
v -0.328920 1.283524 0.135020
v 0.328151 0.420106 -0.180503
v 0.225741 0.004290 0.057323
v 0.262081 0.071962 0.134322
v -0.352433 1.113958 -0.041761
v -0.335358 1.226905 -0.166190
v 0.327364 0.475368 -0.182687
v 0.320778 0.401091 -0.198827
v 0.315503 0.111564 -0.167578
v 0.236982 0.054787 0.134765
v -0.350326 1.096814 -0.070915
v -0.351297 1.145665 -0.058872
v -0.071065 0.013153 -0.194953
v -0.296244 1.298998 -0.237701
v -0.042560 0.764732 0.165706
v -0.107602 0.958403 0.169942
v -0.346100 1.156946 -0.118058
v -0.347635 0.603559 0.037180
v 0.307922 0.172533 -0.222561
v -0.049011 0.796881 0.170751
v -0.307196 1.207661 0.159185
v -0.350692 1.168743 0.025787
v -0.352956 1.147917 -0.012470
v -0.341859 1.159809 -0.145044
v 0.217135 0.025683 0.104426
v -0.345329 1.213671 0.081036
v -0.333840 1.188093 -0.170131
v -0.313642 1.292794 -0.213349
v 0.310514 0.191567 -0.212343
v 0.224673 0.000171 0.015155
v 0.112900 0.326019 0.160789
v -0.352047 1.118697 -0.018895
v -0.347653 1.124856 -0.102098
v 0.323899 0.448604 -0.191767
v 0.298012 0.080046 -0.165304
v 0.255667 0.008430 -0.045310
v 0.056206 0.651535 0.170979
v 0.044444 0.654103 0.165344
v -0.349783 1.171294 0.049723
v -0.351445 1.138924 0.022050
v 0.312930 0.368039 -0.212945
v 0.310319 0.275495 -0.223182
v 0.169828 0.003734 0.041061
v -0.279935 1.300099 -0.239373
v 0.278734 0.039285 -0.124782
v -0.101594 0.025874 0.141113
v -0.233601 0.003096 0.044933
v -0.039542 0.706313 0.169979
v -0.346171 1.175390 0.072287
v 0.243133 0.002719 -0.033213
v -0.253338 0.994920 0.163664
v -0.344658 1.085544 -0.119396
v -0.342280 1.124222 -0.140779
v -0.349842 0.641386 -0.104864
v -0.353594 0.642250 -0.010905
v 0.311719 0.359498 -0.221674
v 0.172595 0.010778 0.098173
v -0.298379 0.635961 0.153310
v -0.304430 1.125858 0.157374
v -0.320294 1.176345 0.154621
v 0.250955 0.008428 -0.081506
v -0.119639 0.068275 0.155499
v -0.345368 1.153990 0.079662
v -0.351288 1.117358 0.033311
v 0.205400 0.244233 0.167159
v 0.044161 0.659011 0.169953
v 0.011602 0.067617 -0.233418
v -0.150629 0.441904 -0.236106
v -0.269064 0.729395 -0.236204
v 0.300321 0.447776 -0.235413
v -0.280201 0.645617 -0.239581
v -0.348439 0.636778 0.009030
v -0.351959 1.090456 -0.035034
v 0.206818 0.447562 -0.236103
v 0.296950 0.220480 -0.235342
v 0.068515 0.553649 0.168609
v 0.022041 0.638827 0.168881
v -0.276042 1.266602 -0.233874
v -0.191134 0.054615 0.162095
v 0.312710 0.444753 -0.212597
v 0.249574 0.010702 -0.105248
v 0.136867 0.005045 0.075717
v 0.249997 0.058598 0.138219
v -0.328443 1.157887 0.140256
v -0.352250 1.097649 0.001913
v -0.341042 1.090290 -0.145992
v -0.313541 1.144289 -0.212933
v -0.293489 1.214828 -0.238555
v -0.027751 0.074799 -0.235807
v 0.303967 0.147225 -0.212044
v 0.220850 0.000662 -0.083745
v -0.300327 1.051866 0.153904
v -0.335985 1.145458 0.104963
v 0.313337 0.448456 -0.215895
v -0.336490 0.666450 0.092347
v 0.011482 0.653015 0.169947
v -0.294488 1.118938 0.155877
v -0.168799 0.368777 0.164781
v -0.349213 1.035781 -0.088498
v -0.334143 1.121440 -0.168523
v 0.300775 0.380176 -0.234163
v 0.241577 0.003213 -0.064198
v 0.216919 0.049213 0.153789
v -0.348459 1.118899 0.054725
v -0.339970 1.063886 -0.134584
v 0.194760 0.036496 0.139289
v -0.328980 1.213352 0.133350
v 0.312318 0.441201 -0.223444
v 0.257359 0.036147 -0.159365
v 0.199494 0.039977 0.135187
v 0.227018 0.078373 0.154809
v -0.344692 0.637444 0.060384
v -0.351060 1.015038 -0.090098
v -0.311932 1.177829 -0.222679
v 0.264286 0.055530 -0.182390
v 0.233742 0.011829 -0.141491
v 0.254601 0.098248 0.156118
v -0.339475 1.153532 0.105164
v -0.340721 1.110895 0.085863
v -0.353421 1.079363 0.011477
v -0.352244 1.034680 -0.047359
v 0.281813 0.199423 -0.239272
v -0.279686 0.736612 -0.239200
v -0.036810 0.652753 0.166228
v -0.304009 1.036698 0.157567
v -0.313287 1.086327 0.157051
v -0.350644 1.016639 -0.062831
v -0.349756 1.012720 -0.080602
v -0.041902 0.229389 -0.235807
v 0.095714 0.453624 0.164964
v -0.323410 1.065502 0.149197
v -0.345692 1.093790 0.059465
v -0.351200 1.075029 0.041781
v -0.353383 1.059043 0.065995
v -0.243164 0.870789 0.165170
v -0.352377 1.007882 -0.040874
v 0.292890 0.441440 -0.238917
v 0.282155 0.370971 -0.240303
v 0.287803 0.140166 -0.234673
v 0.125016 0.004167 0.005364
v 0.235378 0.067481 0.160729
v -0.210629 0.079940 0.157033
v 0.148784 0.230644 0.165758
v -0.349232 1.086092 0.068424
v -0.350164 0.993965 -0.085432
v -0.331041 1.083106 -0.171927
v 0.298336 0.444606 -0.229711
v 0.289339 0.114381 -0.211331
v -0.143242 0.003712 -0.116160
v 0.198827 0.069240 0.153052
v -0.048340 0.668655 0.169933
v -0.031649 0.200819 -0.245126
v -0.349663 0.979425 -0.090661
v 0.275567 0.191777 -0.235988
v 0.216749 0.003369 -0.120250
v 0.064274 0.240996 0.159139
v -0.033769 0.655768 0.170178
v 0.280521 0.448419 -0.239553
v 0.280333 0.281918 -0.239006
v -0.351250 0.986396 -0.064276
v 0.268302 0.084923 -0.211596
v -0.156558 0.004178 0.041455
v -0.269472 1.214735 -0.236177
v 0.222592 0.072305 0.161455
v -0.000621 0.042473 -0.232945
v -0.036320 0.233751 -0.245182
v -0.336943 1.060876 0.092873
v -0.351953 0.989283 -0.043871
v -0.070190 0.444900 -0.231860
v 0.071630 0.010076 0.099905
v -0.135001 0.810778 0.169914
v -0.345151 1.063381 0.067633
v 0.291817 0.118768 -0.219872
v -0.037996 0.639118 0.170814
v -0.293630 0.970335 0.156478
v -0.313301 1.063517 -0.213448
v 0.276124 0.441732 -0.236219
v 0.275553 0.404298 -0.236088
v 0.276108 0.350121 -0.235309
v -0.339905 0.966917 -0.136117
v 0.135770 0.039339 0.153701
v 0.109589 0.019725 -0.045277
v 0.106830 0.003197 0.039886
v 0.275320 0.447860 -0.235938
v 0.267355 0.140870 -0.236384
v 0.094631 0.020910 0.002482
v -0.180724 0.465069 0.159870
v -0.280302 1.126233 -0.239660
v -0.139356 0.041752 0.159783
v -0.344093 0.936013 0.071050
v -0.352985 0.942058 0.067810
v 0.202744 0.008163 -0.161024
v 0.109708 0.015887 0.029952
v 0.178726 0.064324 0.161349
v -0.010222 0.396858 0.164383
v -0.276064 1.084263 -0.233987
v 0.126589 0.003942 -0.051572
v 0.170620 0.051476 0.160355
v 0.113536 0.145939 0.156502
v -0.312580 0.698795 -0.220663
v 0.241868 0.442537 -0.232317
v 0.152834 0.003376 -0.098762
v -0.112947 0.680946 0.169443
v -0.032691 0.575840 -0.235797
v 0.121618 0.013871 -0.066949
v -0.133232 0.064799 0.160818
v -0.351097 0.918413 -0.082714
v 0.267771 0.102213 -0.233361
v -0.021805 0.021903 -0.210574
v -0.304087 0.958522 0.157752
v -0.343118 1.055897 0.089311
v 0.165698 0.036151 0.135662
v -0.100149 0.447882 -0.236033
v -0.276061 0.772116 -0.233978
v -0.312843 1.061036 -0.220748
v -0.302016 1.093849 -0.234093
v -0.346078 0.648250 0.075178
v 0.244191 0.074744 -0.232761
v 0.197554 0.016106 -0.186464
v 0.116348 0.001737 -0.087877
v 0.110161 0.014660 -0.086483
v 0.037243 0.020782 0.026354
v -0.125235 0.004191 -0.052640
v -0.339342 0.917922 -0.136095
v 0.037920 0.024410 -0.057942
v 0.084579 0.014163 0.040698
v -0.026650 0.242038 0.159932
v -0.315979 0.979634 0.156339
v -0.353349 0.918646 -0.026319
v -0.335618 0.725599 0.093602
v -0.353965 0.919590 0.056794
v -0.345696 0.916596 -0.096673
v 0.131503 0.005449 -0.156136
v -0.328610 1.011768 0.129962
v -0.293351 0.957981 -0.238414
v -0.268853 1.042451 -0.236110
v 0.227463 0.094145 -0.235198
v -0.345638 0.916666 0.052730
v 0.110229 0.063945 0.160654
v 0.159948 0.070062 0.154076
v -0.327547 0.879029 -0.181467
v 0.222106 0.034110 -0.197051
v -0.294725 0.607473 -0.238005
v -0.270814 0.943588 -0.235976
v -0.118814 0.231811 0.164542
v 0.046735 0.003242 0.044665
v 0.097034 0.030805 0.141773
v 0.019084 0.218498 0.158927
v -0.322258 0.942348 0.150959
v -0.015231 0.593645 0.170522
v 0.039453 0.017823 -0.207861
v 0.074521 0.213614 -0.235864
v 0.062647 0.033852 0.133913
v 0.106826 0.068200 0.152892
v 0.009719 0.135762 0.158910
v -0.313326 0.963846 -0.213624
v 0.275747 0.303414 -0.236183
v 0.246262 0.062970 -0.220227
v 0.237027 0.055552 -0.210835
v 0.088124 0.015106 -0.093396
v -0.299951 0.909696 0.153973
v -0.342946 0.910078 0.089857
v -0.145430 0.625218 0.166102
v -0.038454 0.005290 0.082863
v 0.062313 0.223466 0.165262
v 0.052433 0.238462 0.161920
v -0.276752 0.755445 0.159546
v -0.118450 0.003781 0.021735
v 0.200786 0.036267 -0.221083
v -0.112590 0.002840 -0.087167
v 0.086138 0.000724 -0.099647
v -0.035065 0.197604 -0.235919
v -0.348571 0.917335 -0.025581
v 0.237885 0.097538 -0.238657
v 0.186399 0.029758 -0.211459
v -0.298411 0.849630 0.151659
v -0.070993 0.185453 0.159781
v -0.047389 0.024862 -0.045911
v 0.131659 0.446989 -0.235186
v -0.066389 0.007704 -0.171915
v 0.055210 0.025283 -0.225884
v 0.018737 0.062946 -0.238041
v -0.047389 0.018620 0.034202
v 0.062290 0.044739 0.128065
v 0.046522 0.068276 0.155065
v -0.338703 0.833093 -0.137529
v -0.002869 0.013278 0.042957
v -0.084577 0.469759 0.165538
v -0.229162 0.724176 0.161827
v -0.280526 0.862318 -0.239811
v -0.279973 0.994902 -0.239441
v 0.199921 0.069459 -0.240189
v 0.144817 0.023613 -0.210623
v 0.063452 0.052147 0.161261
v 0.079190 0.441840 -0.235908
v 0.171788 0.068860 -0.233403
v 0.123764 0.010756 -0.190279
v 0.032881 0.012367 -0.097565
v 0.061075 0.023216 0.117595
v -0.107751 0.030583 0.150837
v 0.052996 0.043523 0.119337
v -0.328426 0.918927 0.129272
v -0.336139 0.871778 0.092947
v -0.342326 0.801106 -0.130128
v 0.000953 0.000115 -0.100983
v -0.017648 0.047567 0.161345
v -0.313460 0.836007 -0.213159
v -0.348311 0.672786 -0.055254
v 0.199935 0.051998 -0.236629
v 0.130658 0.018240 -0.206696
v -0.024364 0.020129 -0.082579
v -0.342340 0.716741 0.089395
v -0.293230 0.642482 0.156195
v -0.303377 0.855397 0.157451
v -0.342553 0.852265 0.089985
v 0.013280 0.028293 0.140693
v -0.299445 0.787532 0.153931
v -0.317034 0.823264 0.155785
v -0.324545 0.827908 0.144879
v -0.010949 0.064317 0.160854
v -0.036852 0.224705 0.165909
v -0.044675 0.220693 0.159654
v -0.091738 0.011974 -0.095716
v -0.088423 0.003143 0.043852
v -0.089731 0.000864 -0.098824
v -0.303373 0.766725 0.157615
v 0.146568 0.073013 -0.235979
v 0.060743 0.236687 -0.235986
v 0.008204 0.034247 0.133655
v -0.327612 0.849382 0.129581
v -0.292576 0.806331 -0.239001
v 0.071212 0.447413 -0.235954
v -0.338471 0.669260 -0.138366
v -0.311962 0.858251 -0.223134
v -0.276309 0.873488 -0.234028
v -0.102572 0.016596 0.032364
v -0.064268 0.012960 0.042411
v -0.348586 0.768506 -0.027433
v -0.339631 0.765895 -0.021623
v -0.339678 0.760636 -0.033023
v 0.070109 0.022367 -0.210316
v -0.029247 0.067925 0.155737
v -0.339320 0.735727 -0.028836
v -0.348720 0.737466 -0.030770
v -0.333973 0.676889 -0.160257
v -0.052761 0.349390 -0.235821
v 0.032374 0.044608 0.130893
v -0.341168 0.683682 -0.134049
v -0.346793 0.675524 0.032714
v -0.326499 0.766609 0.129150
v -0.322776 0.688437 0.147313
v 0.061432 0.197263 -0.235801
v -0.302718 0.673904 0.157501
v 0.061534 0.200143 -0.245123
v 0.069973 0.046341 -0.238777
v -0.031344 0.012194 -0.097612
v -0.113438 0.016138 -0.078021
v -0.339417 0.713997 -0.020264
v 0.151570 0.024958 -0.221280
v -0.117474 0.014819 0.017632
v 0.049138 0.445171 -0.231935
v -0.120625 0.017382 -0.035866
v -0.298767 0.746668 0.152226
v -0.315887 0.697449 0.155548
v 0.079779 0.067199 -0.233904
v -0.306019 0.772543 -0.230390
v -0.102048 0.341824 0.160440
v -0.348712 0.714158 -0.020057
v -0.348062 0.712413 -0.032758
v -0.017151 0.001287 -0.123132
v 0.159543 0.034324 -0.231218
v -0.029044 0.044213 0.130158
v -0.032052 0.033788 0.133636
v -0.141403 0.006016 0.086209
v -0.036730 0.012230 0.103195
v -0.027690 0.043753 0.119329
v -0.242258 0.589153 0.156852
v -0.148646 0.453526 0.160718
v -0.313282 0.740413 -0.214342
v -0.276114 0.824917 -0.234020
v -0.012607 0.444364 -0.235552
vn -0.5564 -0.8308 -0.0149
vn -0.5369 -0.8437 -0.0006
vn -0.3246 -0.9459 -0.0047
vn 0.9999 -0.0017 0.0167
vn 0.9982 0.0022 -0.0596
vn 0.9995 0.0006 0.0309
vn 0.9901 -0.0297 0.1375
vn 0.9910 0.0409 0.1272
vn 0.9835 0.0108 0.1807
vn 0.9980 -0.0058 0.0636
vn 0.9995 0.0037 0.0298
vn 0.9951 -0.0091 0.0988
vn 0.9879 -0.0763 0.1351
vn 0.9922 0.0996 -0.0753
vn 0.9921 0.0193 0.1238
vn 0.9860 0.0139 0.1661
vn 0.9852 -0.0066 0.1710
vn 0.9921 0.0193 0.1239
vn 0.9693 0.1843 0.1630
vn 0.9834 0.1728 0.0553
vn 0.9727 0.1824 0.1435
vn 0.9546 -0.2808 0.0997
vn 0.9530 -0.2806 0.1138
vn 0.9591 -0.2810 0.0341
vn 0.9848 0.0062 0.1734
vn 0.9671 0.1128 0.2280
vn 0.9880 0.0370 0.1501
vn 0.9982 -0.0147 0.0586
vn 0.9441 -0.2791 0.1752
vn 0.9501 0.1917 0.2462
vn 0.9694 -0.2385 -0.0587
vn 0.9561 0.0699 0.2846
vn 0.9989 -0.0096 0.0452
vn 0.7696 -0.5844 0.2574
vn 0.9990 -0.0178 0.0405
vn 0.8716 -0.1353 0.4712
vn 0.8584 0.3030 0.4139
vn 0.9814 -0.0637 0.1813
vn 0.9447 -0.1835 0.2718
vn 0.9358 0.1963 0.2929
vn 0.8185 0.5556 -0.1462
vn 0.9989 -0.0211 0.0422
vn 0.9947 0.0158 0.1019
vn 0.9959 -0.0061 0.0905
vn 0.9989 -0.0066 0.0463
vn 0.9697 -0.2209 -0.1040
vn 0.9898 -0.0228 0.1406
vn 0.9561 0.0698 0.2846
vn 0.9989 -0.0001 0.0469
vn 0.9960 0.0297 0.0847
vn 0.9589 0.2133 0.1869
vn 0.9677 0.2058 0.1455
vn 0.9674 0.2062 0.1474
vn 0.9812 -0.0167 0.1921
vn 0.9926 -0.0032 0.1210
vn 0.9759 0.0022 0.2180
vn 0.9927 -0.0114 0.1203
vn 0.9346 -0.0367 0.3539
vn 0.9888 -0.0036 0.1493
vn 0.9820 -0.0553 0.1804
vn 0.9931 -0.0180 -0.1155
vn -0.8535 0.5175 -0.0608
vn -0.8843 0.4668 -0.0057
vn -0.7854 0.6184 0.0259
vn -0.7539 0.6410 0.1442
vn -0.6991 0.7006 0.1428
vn -0.7286 0.6752 0.1152
vn 0.9722 -0.0011 0.2339
vn 0.9781 -0.0099 0.2078
vn 0.9744 -0.0173 0.2242
vn 0.8067 0.5270 0.2675
vn 0.9698 0.1797 0.1646
vn 0.8810 0.3467 0.3218
vn 0.9840 0.1050 0.1442
vn 0.9938 0.0527 0.0976
vn 0.9857 0.0932 0.1402
vn 0.9451 0.2852 0.1595
vn 0.9125 0.3586 0.1968
vn 0.9932 0.0250 0.1141
vn 0.9988 0.0315 0.0364
vn 0.9572 0.1569 0.2433
vn 0.9192 0.3918 -0.0397
vn 0.9954 0.0744 0.0602
vn 0.9878 0.1076 0.1129
vn 0.9975 0.0224 0.0674
vn 0.8536 0.4126 0.3179
vn 0.8986 0.3983 0.1843
vn 0.9876 0.0534 0.1473
vn 0.9946 0.0139 0.1027
vn 0.9840 0.1630 0.0716
vn 0.9990 0.0441 0.0001
vn 0.9672 0.0824 0.2404
vn 0.9668 0.2491 0.0570
vn 0.8088 0.5377 0.2382
vn 0.9239 0.3577 0.1360
vn 0.9778 0.0209 0.2085
vn 0.8354 0.5327 0.1352
vn 0.9952 0.0963 0.0156
vn 0.9941 -0.0071 0.1086
vn 0.9193 0.2320 0.3180
vn 0.8568 0.4393 0.2701
vn 0.9854 -0.0043 0.1700
vn 0.9924 -0.0034 0.1228
vn 0.9775 0.0372 0.2078
vn 0.9894 0.0104 0.1449
vn -0.1191 -0.0550 0.9914
vn -0.0917 -0.0126 0.9957
vn -0.0675 -0.0205 0.9975
vn 0.9143 0.3992 0.0688
vn 0.9975 0.0343 -0.0618
vn 0.9992 0.0386 0.0138
vn 0.7766 0.6156 0.1336
vn 0.8496 0.5243 0.0577
vn 0.9931 0.0492 0.1061
vn 0.9178 0.2648 0.2959
vn 0.9371 0.1960 0.2889
vn 0.8628 0.4199 0.2813
vn 0.7326 0.6643 0.1481
vn 0.9905 0.1378 0.0007
vn 0.7653 0.5480 0.3378
vn 0.2172 0.5035 0.8362
vn 0.7503 0.1842 0.6350
vn 0.9973 0.0101 0.0726
vn 0.9608 0.0441 0.2736
vn -0.0049 -0.0035 1.0000
vn 0.9330 0.3600 -0.0052
vn 0.9947 0.0943 -0.0416
vn 1.0000 0.0034 0.0063
vn 0.9999 0.0085 0.0058
vn 1.0000 0.0036 0.0058
vn 0.6820 0.7260 0.0887
vn -0.0030 -0.0029 1.0000
vn 0.7362 0.6617 0.1418
vn 0.7797 0.6202 0.0867
vn 0.9601 0.0741 0.2696
vn 0.7845 0.4970 0.3708
vn 0.9964 0.0547 -0.0643
vn -0.2311 0.5944 -0.7702
vn 0.9968 -0.0013 0.0798
vn 0.9941 0.0150 0.1076
vn -0.0282 -0.0186 0.9994
vn 0.6240 0.3400 -0.7035
vn 1.0000 0.0007 0.0082
vn 0.0273 0.0072 0.9996
vn 0.0241 0.0073 0.9997
vn 0.1184 0.0019 0.9930
vn 0.9836 0.0009 0.1804
vn 0.9641 0.0483 0.2610
vn 0.8628 0.4200 0.2814
vn 0.8459 0.4511 0.2844
vn -0.0267 -0.0180 0.9995
vn 0.9953 0.0163 -0.0959
vn 0.1870 -0.0021 0.9824
vn 0.9983 -0.0287 0.0507
vn 0.9976 0.0026 0.0695
vn 0.8706 0.3760 -0.3173
vn 0.7958 0.5083 0.3292
vn 0.9816 0.1867 -0.0392
vn 0.9916 0.0157 0.1287
vn 0.8385 0.0492 0.5427
vn 0.8292 0.0733 0.5542
vn 0.8186 0.0987 0.5658
vn 0.8811 0.1224 -0.4568
vn 0.8918 0.1283 -0.4339
vn 0.8264 0.0859 -0.5566
vn 0.9015 0.1950 0.3863
vn 0.8588 0.2613 0.4406
vn 0.8865 0.1672 0.4315
vn 0.0991 0.0562 0.9935
vn 0.1316 0.0355 0.9907
vn -0.0319 -0.0510 0.9982
vn 0.1499 0.0576 0.9870
vn 0.0154 -0.0139 0.9998
vn 0.0170 -0.0149 0.9997
vn 0.1535 0.0740 0.9854
vn -0.7692 -0.3708 0.5204
vn 0.8499 0.2674 0.4541
vn 0.6858 0.6893 0.2336
vn 0.7291 0.6802 0.0758
vn 0.7228 0.6339 0.2750
vn 0.5653 0.8210 0.0804
vn 0.5657 0.8229 0.0526
vn 0.5654 0.8216 0.0729
vn 0.8376 0.5463 0.0035
vn 0.9893 -0.0168 0.1452
vn 0.9691 0.0072 0.2467
vn 0.9202 0.0356 -0.3898
vn 0.3163 0.1486 0.9369
vn 0.7253 0.2594 -0.6377
vn 0.7148 0.3978 -0.5752
vn 0.7232 0.3148 -0.6147
vn 0.7786 0.4413 0.4462
vn 0.9824 0.0061 0.1869
vn 0.8781 0.0602 0.4746
vn 0.6436 0.7220 0.2540
vn 0.9556 0.2925 -0.0357
vn 0.9899 0.0448 -0.1342
vn 0.7834 0.5587 0.2722
vn 0.6776 0.7215 0.1427
vn 1.0000 -0.0032 0.0049
vn 0.9679 0.0015 0.2512
vn 0.0241 0.1124 -0.9934
vn 0.0351 0.1109 -0.9932
vn 0.2714 0.0293 -0.9620
vn 1.0000 0.0014 -0.0032
vn 0.9947 -0.0071 0.1027
vn 0.9941 -0.0130 0.1081
vn 0.6453 0.6985 0.3094
vn 0.9941 -0.0210 0.1062
vn 0.9951 0.0542 0.0822
vn -0.0011 0.0013 1.0000
vn 0.1736 0.0207 0.9846
vn 0.1497 0.1060 0.9830
vn 0.8273 0.5046 0.2469
vn 0.8535 0.4810 0.2005
vn 0.7639 0.5481 0.3407
vn 0.6863 0.6597 0.3061
vn 0.7595 0.5486 0.3495
vn 0.6575 0.7338 0.1712
vn 0.7177 0.6940 0.0572
vn 0.2799 0.0425 -0.9591
vn 0.9259 0.0114 -0.3776
vn 0.9881 -0.0099 0.1534
vn -0.0943 -0.0743 -0.9928
vn -0.0556 -0.0441 0.9975
vn 0.9881 0.1293 -0.0829
vn 0.9939 0.0046 -0.1106
vn 0.9945 0.0056 -0.1044
vn 0.9998 -0.0043 0.0187
vn -0.0165 0.0039 0.9999
vn 0.8423 0.0126 0.5388
vn 0.7232 0.3149 -0.6147
vn 0.7148 0.3978 -0.5751
vn 0.7055 0.4531 -0.5449
vn 0.6866 0.7213 0.0912
vn 0.9144 0.4039 -0.0267
vn 0.9787 -0.0037 0.2051
vn -0.4111 -0.0930 0.9068
vn 0.0535 0.0574 0.9969
vn 0.0155 -0.0139 0.9998
vn 0.5839 0.4439 0.6797
vn 0.6238 0.7240 0.2944
vn 0.7530 0.6578 0.0164
vn 0.9867 0.0060 -0.1626
vn 0.9985 0.0387 0.0388
vn 0.9948 -0.0009 0.1016
vn 0.9653 -0.0325 0.2590
vn 0.7022 0.0175 0.7118
vn 0.0592 0.0130 0.9982
vn 0.1535 0.0739 0.9854
vn 0.7345 0.5637 0.3779
vn 0.8273 0.5046 0.2470
vn 0.7638 0.5481 0.3408
vn 0.5488 0.2828 -0.7866
vn 0.4976 0.3323 -0.8013
vn 0.4862 0.3427 -0.8039
vn 0.6424 0.7144 0.2775
vn 0.6421 0.7119 0.2842
vn 0.5658 0.8234 0.0432
vn 0.7144 0.6947 0.0837
vn 0.7969 0.6032 -0.0344
vn 0.6162 -0.0580 0.7855
vn 0.1408 -0.4179 0.8975
vn 0.9990 0.0194 0.0403
vn 0.9845 0.0003 0.1755
vn 0.2098 -0.0125 -0.9777
vn 0.9583 0.0103 0.2856
vn -0.3156 0.2050 0.9265
vn -0.2665 0.2381 0.9340
vn -0.2785 0.2301 0.9325
vn 0.9985 0.0388 0.0388
vn 0.9962 0.0861 0.0135
vn 0.9958 0.0713 0.0571
vn 0.9896 0.0258 0.1416
vn 0.9360 0.3381 -0.0982
vn 0.9734 0.1854 -0.1348
vn -0.3307 0.1945 0.9235
vn -0.2786 0.2301 0.9325
vn 0.9883 0.0147 0.1520
vn 0.9777 -0.0014 0.2099
vn 0.5426 0.7987 0.2602
vn 0.5475 0.8218 0.1577
vn 0.8610 0.5033 -0.0733
vn 0.8663 -0.4681 0.1747
vn 0.9683 0.0347 -0.2472
vn 0.8826 0.4657 0.0650
vn -0.0873 -0.1194 0.9890
vn 0.7486 0.4920 0.4445
vn 0.6472 0.7614 0.0377
vn 0.9711 0.0156 -0.2382
vn 0.2066 -0.0128 -0.9784
vn 0.9967 -0.0054 0.0813
vn 0.9873 -0.0467 0.1520
vn 0.9991 0.0405 0.0094
vn 0.6911 0.7228 0.0048
vn 0.5197 0.8031 0.2915
vn 0.7147 0.6994 -0.0003
vn 1.0000 -0.0036 -0.0081
vn 0.9999 0.0058 -0.0086
vn 0.9859 0.0171 0.1663
vn 0.8476 0.0235 0.5301
vn 0.4975 0.3323 -0.8013
vn 0.4316 0.3901 -0.8133
vn 0.4958 0.8034 0.3296
vn 0.5847 0.8070 0.0827
vn 0.9017 0.4114 -0.1330
vn 0.9747 0.0175 -0.2229
vn 0.9664 0.0237 -0.2560
vn 0.3871 -0.0126 0.9220
vn 0.4797 0.0095 0.8774
vn 0.4721 0.0075 0.8815
vn 0.9929 0.0103 0.1182
vn 0.1897 0.0081 0.9818
vn 0.1316 0.0356 0.9907
vn 0.1111 0.1778 0.9778
vn 0.5258 0.5638 -0.6369
vn 0.9944 0.0046 -0.1054
vn 0.9936 0.0036 -0.1128
vn 0.0662 0.0020 0.9978
vn -0.9072 -0.0205 0.4202
vn 0.4920 0.8662 0.0876
vn 0.5192 0.8332 0.1903
vn 0.5141 0.8409 0.1691
vn 0.4851 0.7879 0.3793
vn 0.9769 0.0735 -0.2004
vn -0.7011 -0.0271 0.7126
vn -0.6973 -0.0279 0.7162
vn -0.7659 -0.0129 0.6429
vn 0.2451 0.3938 0.8859
vn 0.2482 0.4016 0.8815
vn 0.2736 0.4650 0.8420
vn 0.7430 0.6669 -0.0574
vn 0.9494 0.0053 -0.3141
vn 0.9434 -0.0978 0.3169
vn 0.9419 -0.0634 0.3298
vn 0.9518 0.0173 0.3064
vn 0.3658 0.1949 0.9100
vn 0.5044 0.2697 0.8203
vn 0.5633 0.2313 0.7932
vn 0.2876 0.5004 0.8166
vn 0.2736 0.4650 0.8419
vn 0.2482 0.4017 0.8815
vn 0.4207 0.8369 0.3501
vn 0.5037 0.8475 0.1674
vn 0.8183 0.5714 -0.0625
vn 0.9794 0.0462 -0.1965
vn 0.4415 -0.2631 -0.8578
vn -0.0047 -0.4548 -0.8906
vn 0.0236 0.4404 -0.8975
vn 0.5465 0.7329 0.4053
vn 0.9411 0.0179 -0.3377
vn 0.9812 -0.0348 0.1898
vn 0.0479 0.0886 0.9949
vn 0.3056 0.4884 -0.8174
vn 0.3044 0.4824 -0.8214
vn 0.2649 0.5333 -0.8034
vn 0.4412 0.7536 0.4874
vn 0.4400 0.7707 0.4609
vn 0.9419 0.0082 0.3359
vn 1.0000 -0.0015 0.0017
vn 1.0000 -0.0019 0.0058
vn 0.9177 -0.1979 0.3444
vn 0.9125 -0.1638 0.3748
vn 0.9139 -0.1714 0.3681
vn 0.9928 0.1176 -0.0230
vn 0.9944 0.1054 -0.0111
vn 0.9877 0.0063 0.1563
vn 0.4522 0.8101 0.3731
vn 0.8142 0.5649 -0.1341
vn 0.8649 0.4588 -0.2037
vn 0.3126 0.0012 0.9499
vn 0.9382 0.2338 -0.2551
vn 0.9843 0.1538 -0.0860
vn 0.9756 0.2038 -0.0819
vn 0.9991 0.0404 0.0095
vn 0.9873 -0.0467 0.1521
vn 0.9936 -0.0267 0.1093
vn 0.9767 -0.0445 0.2101
vn -0.0257 0.0020 0.9997
vn 0.0422 0.0603 0.9973
vn 0.4723 0.7349 0.4867
vn -0.0308 -0.0774 0.9965
vn 0.6656 0.7461 -0.0204
vn 0.9253 0.3086 -0.2205
vn 0.9994 0.0058 0.0327
vn 0.9719 -0.0566 0.2284
vn 0.6194 0.3451 0.7052
vn 0.5595 0.2857 0.7780
vn 0.2024 0.5302 -0.8233
vn 0.7562 0.0658 -0.6510
vn 0.9611 -0.0730 0.2664
vn 0.9851 -0.0309 0.1690
vn 0.1989 0.0138 0.9799
vn 0.6207 0.6987 0.3556
vn 0.7270 0.5786 0.3697
vn 0.6863 0.6231 0.3753
vn 0.5064 0.8608 0.0505
vn 0.9325 0.2347 -0.2746
vn 0.9070 -0.1362 0.3985
vn 0.5745 0.3552 -0.7374
vn 0.8470 0.4004 0.3497
vn 0.8550 0.3927 0.3389
vn 0.7271 0.5785 0.3697
vn 0.4920 0.8662 0.0875
vn 0.5141 0.8409 0.1690
vn 0.4840 0.8729 0.0610
vn 0.5117 0.8592 0.0017
vn 0.9929 0.0007 -0.1193
vn 0.9925 0.0104 -0.1218
vn 0.3123 -0.0023 0.9500
vn 0.9747 0.1997 -0.1006
vn 0.9616 0.2657 -0.0690
vn 0.9395 0.3412 -0.0314
vn -0.0159 0.0040 0.9999
vn 0.7145 0.6454 0.2701
vn 0.9664 0.0068 0.2568
vn 0.3447 0.1990 0.9174
vn 0.5043 0.2697 0.8203
vn 0.3658 0.1950 0.9100
vn 0.0423 0.1540 0.9872
vn 0.4512 0.8891 0.0765
vn 0.9938 -0.0420 0.1027
vn 0.9953 0.0627 0.0744
vn 0.9930 0.0267 0.1151
vn 0.9848 -0.0338 0.1705
vn -0.7659 -0.0129 0.6428
vn -0.7529 -0.0085 0.6581
vn 0.0744 0.0316 0.9967
vn 0.0371 0.0389 0.9986
vn 0.0958 0.0873 0.9916
vn 0.5036 0.8475 0.1675
vn 0.9580 0.0345 -0.2846
vn 0.9996 0.0088 0.0282
vn 0.9877 -0.0357 0.1520
vn 0.1463 -0.0056 0.9892
vn 0.3154 0.8955 0.3141
vn 0.6741 0.7369 -0.0515
vn 0.7586 0.6347 -0.1471
vn 0.9338 0.0114 -0.3576
vn 0.9850 -0.0000 -0.1725
vn 0.9987 -0.0022 0.0515
vn 0.8098 -0.0055 0.5866
vn 0.7240 0.1358 0.6763
vn 0.7323 0.6808 0.0158
vn -0.0564 -0.0872 0.9946
vn 0.1701 0.9092 0.3802
vn 0.1133 0.8762 0.4685
vn 0.1594 0.9008 0.4040
vn 0.0348 0.9987 0.0366
vn 0.1202 0.9881 0.0963
vn 0.1018 0.9933 0.0541
vn 0.9574 0.1350 -0.2551
vn 0.9987 0.0158 0.0477
vn 0.9522 0.0184 0.3050
vn 0.2132 0.2752 0.9375
vn 0.0816 0.0389 0.9959
vn 0.4588 0.5360 0.7087
vn 0.4568 0.5357 0.7102
vn 0.4640 0.5367 0.7047
vn 0.2921 0.9560 0.0286
vn 0.9924 -0.0341 0.1185
vn 0.6153 0.1393 0.7759
vn 0.5634 0.2313 0.7932
vn 0.6347 0.1368 0.7606
vn 0.2044 0.1328 0.9698
vn 0.2045 0.2078 0.9566
vn 0.0405 0.0925 0.9949
vn 0.0468 0.9986 0.0264
vn 0.8839 0.3885 -0.2601
vn 0.9484 0.0025 -0.3172
vn 0.9934 -0.0045 -0.1143
vn 0.9925 0.0105 -0.1218
vn 0.9947 -0.0094 -0.1021
vn 0.4568 -0.0240 -0.8893
vn 0.2726 0.0065 -0.9621
vn 0.2830 0.0049 -0.9591
vn 0.9091 0.4164 0.0076
vn 0.4092 0.1625 -0.8979
vn -0.2521 -0.3167 0.9144
vn -0.3825 -0.1423 0.9129
vn -0.2889 -0.2104 0.9340
vn 0.3078 0.0042 0.9514
vn 0.9852 0.0078 0.1711
vn 0.0988 -0.0235 0.9948
vn -0.0037 -0.0325 0.9995
vn 0.0775 -0.0271 0.9966
vn 0.2120 0.3045 0.9286
vn 1.0000 -0.0053 -0.0014
vn 0.9977 0.0068 0.0672
vn 0.9866 0.0009 0.1635
vn 0.9870 0.0101 0.1601
vn 0.5121 0.6805 0.5240
vn 0.5070 0.5545 0.6599
vn 0.5105 0.5706 0.6432
vn 0.0172 0.0283 0.9995
vn -0.0449 -0.8093 0.5857
vn 0.8098 0.5491 -0.2069
vn 0.1797 0.0027 0.9837
vn 0.1837 0.0051 0.9830
vn 0.3646 0.2480 0.8975
vn 0.7212 0.6814 -0.1250
vn 0.4568 -0.0240 -0.8892
vn 0.2831 0.0049 -0.9591
vn 0.4662 -0.0257 -0.8843
vn -0.2178 -0.3631 0.9059
vn 0.0090 0.2051 0.9787
vn 0.2595 0.9431 0.2081
vn 0.2224 0.9613 0.1624
vn 0.2393 0.9535 0.1831
vn -0.0189 -0.1409 0.9898
vn 0.0419 0.9301 0.3649
vn 0.5040 0.8629 -0.0366
vn 1.0000 -0.0068 -0.0028
vn 0.5862 -0.0724 0.8069
vn 0.1633 -0.0047 0.9866
vn 0.6182 0.1768 -0.7659
vn 0.7464 0.2261 -0.6259
vn 0.7526 0.2285 -0.6176
vn 0.9217 0.2693 0.2790
vn 0.0229 0.0085 0.9997
vn 0.2223 0.3851 0.8957
vn 0.0158 0.0190 0.9997
vn 0.0153 0.0167 0.9997
vn 0.1773 0.9203 0.3487
vn 0.0075 1.0000 -0.0015
vn 0.9115 0.2132 -0.3517
vn 0.9118 0.0538 -0.4070
vn 0.9406 -0.0025 -0.3395
vn 0.7509 -0.1341 0.6466
vn 0.4016 0.3438 0.8488
vn 0.4101 0.2638 0.8730
vn 0.3425 0.4240 0.8384
vn 0.2688 0.9378 0.2197
vn 0.1224 0.7050 0.6986
vn 0.2011 0.7614 0.6162
vn 0.2010 0.7588 0.6196
vn 0.0959 0.7019 0.7058
vn 0.1802 0.9836 0.0006
vn 0.6542 0.7501 -0.0966
vn 0.9313 0.0704 -0.3573
vn 1.0000 -0.0076 -0.0023
vn 0.9905 0.0024 0.1373
vn 0.6138 0.1751 -0.7698
vn 0.9247 0.2681 0.2704
vn 0.0952 0.0132 0.9954
vn 0.1015 0.9425 0.3184
vn 0.0149 -0.0216 0.9997
vn 0.7613 0.5909 -0.2671
vn 0.8715 0.3908 -0.2963
vn 0.9993 -0.0199 0.0319
vn 0.9843 -0.0072 0.1762
vn 0.8388 0.0148 0.5442
vn -0.7194 -0.0082 0.6946
vn 0.0420 0.8678 0.4952
vn 0.0393 0.8690 0.4932
vn 0.0629 0.8648 0.4981
vn 0.9942 -0.0125 -0.1067
vn 0.9989 -0.0016 0.0478
vn 0.9785 0.0010 0.2061
vn 0.9794 0.0047 0.2018
vn -0.0137 0.0012 0.9999
vn 0.4650 0.7123 0.5258
vn 0.5033 0.8093 0.3030
vn 0.9928 -0.0139 0.1192
vn 0.2970 0.4204 0.8574
vn 0.5105 0.7804 0.3610
vn 0.1449 0.7587 -0.6352
vn 0.1674 0.7318 -0.6607
vn 0.0610 0.8441 -0.5327
vn 0.1511 0.5216 -0.8397
vn -0.0535 -0.3287 0.9429
vn 0.9714 0.0042 0.2376
vn 0.4898 -0.0973 0.8664
vn 0.5523 -0.0683 0.8308
vn 0.5711 -0.0792 0.8170
vn -0.1246 -0.4307 0.8939
vn 0.8136 0.4731 -0.3380
vn 0.9134 0.0046 -0.4071
vn 0.9829 -0.0095 -0.1839
vn -0.1037 -0.1658 -0.9807
vn 0.9974 -0.0009 0.0718
vn 0.4662 0.5370 0.7030
vn 0.1350 0.3898 0.9110
vn 0.5517 0.8267 -0.1105
vn 0.7166 0.6742 -0.1788
vn 0.9747 0.0042 0.2233
vn 0.9857 0.0023 0.1683
vn 0.9745 0.0037 0.2245
vn 0.6812 -0.0179 0.7319
vn 0.9166 0.0350 0.3984
vn 0.0019 0.2066 0.9784
vn 0.0298 0.9402 0.3394
vn 0.9654 0.0023 -0.2606
vn 0.9595 -0.0018 -0.2818
vn 0.9971 -0.0225 -0.0729
vn 0.5616 -0.4943 -0.6636
vn 0.5598 -0.4953 -0.6643
vn 0.5763 -0.4852 -0.6577
vn 0.9996 -0.0154 0.0234
vn 0.9994 -0.0127 0.0330
vn -0.0332 -0.0007 0.9994
vn 0.4445 0.1092 0.8891
vn -0.0708 -0.1393 0.9877
vn -0.0797 -0.1128 0.9904
vn -0.0837 -0.1062 0.9908
vn 0.0268 0.2430 0.9697
vn 0.5783 -0.4839 -0.6568
vn 0.2134 -0.0069 0.9769
vn 0.5791 0.1641 0.7986
vn 0.7313 0.1677 0.6611
vn 0.7449 0.1677 0.6458
vn 0.5512 0.5490 0.6283
vn 0.0059 0.0063 1.0000
vn 0.0167 -0.4804 0.8769
vn 0.0166 -0.4784 0.8780
vn 0.0070 -0.2725 0.9621
vn 0.0243 0.8545 0.5188
vn 0.5309 0.0025 0.8475
vn 0.5460 0.0044 0.8378
vn 0.5455 0.0043 0.8381
vn 0.8157 -0.0274 -0.5778
vn 0.7907 -0.0241 -0.6118
vn 0.7934 -0.0245 -0.6082
vn 0.9982 -0.0248 0.0546
vn 0.1237 -0.0025 0.9923
vn 0.1194 -0.0051 0.9928
vn 0.1326 -0.0226 0.9909
vn 0.3821 0.7948 0.4714
vn 0.4649 0.7123 0.5258
vn 0.2104 0.3923 0.8955
vn 0.0360 0.8652 -0.5001
vn 0.0166 -0.0154 0.9997
vn 0.6515 0.7442 -0.1472
vn 0.9877 -0.0379 0.1519
vn -0.0583 0.0001 0.9983
vn 0.9268 0.0059 0.3755
vn -0.7189 -0.0072 0.6950
vn 0.8158 -0.0274 -0.5777
vn 0.8163 -0.0275 -0.5769
vn 0.0521 0.0050 0.9986
vn 0.1165 -0.0189 0.9930
vn -0.8551 -0.2009 0.4781
vn 0.8840 0.4592 0.0873
vn 0.8868 0.4197 0.1938
vn 0.8870 0.4243 0.1821
vn -0.0950 -0.4485 0.8887
vn 0.4807 0.8480 0.2234
vn 0.4113 0.8371 0.3606
vn 0.0210 0.2678 0.9632
vn 0.0213 0.9471 0.3202
vn 0.4023 0.9143 -0.0476
vn 0.9648 0.0035 -0.2628
vn 0.9852 -0.0048 0.1716
vn 0.5682 0.1636 0.8065
vn 0.0118 0.8520 0.5235
vn 0.0817 0.9957 -0.0439
vn 0.9993 -0.0139 -0.0352
vn 0.9980 0.0032 0.0625
vn 0.9935 0.0062 0.1135
vn -0.3328 -0.0087 0.9429
vn 0.2325 0.1090 0.9665
vn 0.8840 0.4592 0.0872
vn 0.8820 0.4669 0.0644
vn 0.6077 0.7744 0.1762
vn -0.0879 -0.0725 0.9935
vn 0.2146 0.4135 0.8849
vn 0.0152 0.0348 0.9993
vn 0.1838 0.5433 0.8192
vn 0.0023 0.9964 -0.0846
vn 0.0038 0.9980 -0.0624
vn 0.0029 0.9979 -0.0647
vn 0.0047 0.2820 0.9594
vn 0.0002 0.2830 0.9591
vn 0.0056 0.2836 0.9589
vn 0.0033 1.0000 0.0008
vn 0.9887 -0.0060 0.1499
vn 0.9804 -0.0014 0.1968
vn 0.1584 0.5224 0.8378
vn 0.0060 0.9495 0.3137
vn 0.1020 0.9943 -0.0322
vn 0.9734 0.0006 0.2290
vn -0.6450 -0.2207 0.7316
vn -0.0865 -0.0692 0.9938
vn -0.0111 -0.0821 0.9966
vn 0.0030 0.9996 0.0276
vn 0.9934 0.0098 -0.1143
vn 0.9932 -0.0022 -0.1165
vn 0.9977 0.0062 -0.0672
vn 0.9928 -0.0028 -0.1195
vn 0.3311 0.8957 0.2969
vn 0.8722 0.0025 -0.4892
vn 0.7740 -0.0076 -0.6331
vn 0.7411 0.0032 -0.6714
vn 0.9990 -0.0040 0.0443
vn 0.9932 -0.0039 0.1161
vn 0.3073 0.1113 0.9451
vn 0.3044 0.1933 0.9327
vn 0.1631 0.2811 0.9457
vn 0.2102 0.3324 0.9194
vn 0.2805 0.8086 0.5171
vn 0.1380 0.4036 0.9044
vn -0.0000 0.0236 0.9997
vn 0.0078 0.0095 0.9999
vn -0.0000 -1.0000 -0.0000
vn 0.0039 0.0052 1.0000
vn 0.1223 0.7050 0.6986
vn 0.0958 0.7019 0.7058
vn 0.0188 0.6980 0.7158
vn 0.6373 0.7432 -0.2035
vn 0.8632 0.2974 -0.4080
vn 0.1733 -0.0310 0.9844
vn 0.1909 -0.0354 0.9810
vn 0.5390 -0.0304 0.8417
vn 0.6407 0.1030 0.7608
vn 0.4446 0.1092 0.8890
vn 0.0110 0.0183 0.9998
vn 0.1014 0.5202 0.8480
vn 0.9472 -0.0031 -0.3205
vn 0.9798 0.0005 -0.2001
vn 0.9965 -0.0075 -0.0830
vn 0.9899 0.0050 0.1420
vn 0.9824 -0.0024 0.1867
vn 0.4772 -0.8701 0.1235
vn -0.3317 0.0416 0.9425
vn 0.1426 0.4003 0.9052
vn 0.0038 0.1955 0.9807
vn 0.4625 0.8816 -0.0943
vn 0.9932 0.0099 -0.1156
vn 0.9934 0.0098 -0.1144
vn 0.9977 0.0062 -0.0673
vn 0.7762 0.0600 -0.6277
vn 0.9993 -0.0040 0.0363
vn 0.9840 0.0012 0.1782
vn -0.2645 -0.5409 -0.7984
vn 0.0440 0.9482 0.3145
vn 0.0014 0.9985 0.0542
vn 0.6695 0.6717 -0.3171
vn 0.9997 -0.0139 -0.0180
vn 0.9568 0.0003 0.2908
vn 0.1034 0.0091 0.9946
vn 0.6140 0.0030 -0.7893
vn 0.9096 0.0009 -0.4155
vn 0.9297 -0.0040 -0.3683
vn 0.9471 -0.0091 -0.3209
vn 0.4389 0.0076 0.8985
vn 0.4731 -0.1810 0.8622
vn 0.8389 -0.3028 0.4524
vn 0.8297 -0.3020 0.4695
vn 0.8298 -0.3316 0.4489
vn 0.0166 -0.4783 0.8780
vn 0.0068 -0.2685 0.9632
vn 0.0019 0.2406 0.9706
vn 0.5110 0.8395 -0.1846
vn 0.7300 0.5567 -0.3965
vn 0.9960 0.0003 0.0896
vn 0.1380 -0.0549 0.9889
vn 0.0993 0.4984 0.8612
vn -0.0017 0.0280 0.9996
vn 0.9785 -0.0031 0.2061
vn -0.2060 -0.0130 0.9785
vn 0.8159 -0.2842 0.5035
vn 0.2757 0.0506 0.9599
vn 0.1348 0.1379 0.9812
vn 0.3652 0.8810 0.3008
vn 0.0101 -0.3186 0.9478
vn 0.0149 -0.2871 0.9578
vn 0.0555 -0.1813 0.9819
vn 0.0709 0.4272 0.9014
vn 0.9767 0.1285 0.1717
vn 0.9915 -0.0058 -0.1301
vn 0.9999 -0.0116 0.0025
vn 0.6528 -0.0024 0.7575
vn 0.6540 -0.0026 0.7565
vn 0.6316 0.0018 0.7753
vn -0.7353 -0.0059 0.6777
vn -0.7309 0.1592 0.6637
vn 0.9923 0.0368 0.1183
vn 0.4109 0.0991 0.9063
vn -0.0210 0.5448 0.8383
vn -0.0041 0.2444 0.9697
vn -0.0038 0.9987 0.0503
vn 0.5594 0.0001 -0.8289
vn 0.7580 0.0113 -0.6521
vn 0.9997 -0.0108 0.0236
vn 0.9988 0.0005 0.0484
vn 0.9998 -0.0203 0.0038
vn 0.1484 -0.0006 0.9889
vn 0.4684 -0.1763 0.8657
vn 0.8152 -0.4162 0.4028
vn 0.3854 -0.0587 0.9209
vn 0.0323 0.3423 0.9390
vn 0.1514 0.5099 0.8468
vn 0.1062 -0.1186 0.9872
vn 0.1637 0.9843 -0.0665
vn 0.7300 0.5566 -0.3965
vn 0.9853 -0.0057 0.1706
vn 0.9909 -0.0085 0.1343
vn -0.0080 0.2906 0.9568
vn 0.1183 0.3142 0.9419
vn 0.1001 0.3111 0.9451
vn 0.2049 0.8302 0.5184
vn 0.2327 0.9229 0.3067
vn 0.2420 0.6578 0.7133
vn 0.1563 0.5451 0.8237
vn -0.0044 0.1196 0.9928
vn 0.6085 0.7410 -0.2840
vn 0.9449 0.2250 -0.2378
vn 0.6562 0.1179 -0.7454
vn 0.9966 -0.0063 -0.0827
vn 0.9824 -0.0016 0.1870
vn 0.0743 0.0036 0.9972
vn 0.4109 0.0990 0.9063
vn 0.2923 0.0125 0.9562
vn 0.1782 0.8432 0.5072
vn 0.1405 0.9395 0.3124
vn 0.9933 0.0244 0.1131
vn -0.7592 -0.0001 0.6508
vn 0.1363 -0.0744 0.9879
vn 0.0258 -0.4738 0.8803
vn 0.0041 0.0327 0.9995
vn 0.0130 0.9951 -0.0983
vn 0.0901 0.9930 -0.0764
vn -0.6132 0.1537 0.7749
vn 0.5715 -0.1719 0.8024
vn 0.4123 -0.1528 0.8981
vn 0.4236 -0.1543 0.8926
vn 0.0964 0.7264 0.6804
vn -0.0507 0.2763 0.9597
vn -0.0051 0.9477 0.3190
vn -0.0095 0.9993 0.0356
vn 0.4854 0.8416 -0.2369
vn 0.9998 -0.0212 -0.0036
vn 0.9934 -0.0353 0.1092
vn 0.4368 0.0077 0.8995
vn 0.7070 0.0222 0.7069
vn -0.0917 0.5277 0.8445
vn -0.0144 0.5055 0.8627
vn -0.0165 0.5018 0.8649
vn -0.0046 0.5245 0.8514
vn -0.0132 0.9453 0.3261
vn -0.0104 0.7257 0.6879
vn -0.0106 0.7262 0.6874
vn -0.0110 0.7263 0.6873
vn 0.8483 0.4617 0.2591
vn 0.4433 -0.0031 -0.8964
vn 0.9875 0.0004 0.1577
vn 0.0240 0.5267 0.8497
vn 0.3656 0.8953 -0.2545
vn 0.7069 0.2861 -0.6469
vn 0.9877 -0.0001 -0.1562
vn -0.0260 0.4159 0.9090
vn 0.0011 1.0000 -0.0001
vn 0.6151 0.6781 -0.4022
vn 0.4817 0.1278 -0.8670
vn 0.9431 -0.0036 -0.3324
vn 0.9348 0.3468 -0.0768
vn 0.9306 0.3369 -0.1432
vn 0.9350 0.3479 -0.0688
vn 0.1116 -0.0055 0.9937
vn 0.1429 -0.0118 0.9897
vn 0.5785 -0.1726 0.7972
vn 0.1049 -0.0054 0.9945
vn -0.0223 -0.1024 0.9945
vn -0.0814 -0.0886 0.9927
vn -0.0503 -0.1020 0.9935
vn 0.0114 0.9504 0.3108
vn 0.0211 0.9163 0.4000
vn -0.0031 0.2611 0.9653
vn 0.0722 0.0015 -0.9974
vn 0.0694 0.0003 -0.9976
vn 0.0732 0.0004 -0.9973
vn 0.9899 0.0134 0.1409
vn -0.0165 0.2888 0.9572
vn 0.2640 -0.0181 0.9643
vn -0.0156 0.2233 0.9746
vn 0.1140 0.0361 0.9928
vn 0.0776 -0.4861 0.8705
vn 0.9974 -0.0120 -0.0716
vn 0.9985 -0.0472 0.0291
vn 0.9986 -0.0529 0.0002
vn 0.9979 -0.0080 0.0641
vn 0.9808 -0.0021 0.1950
vn -0.2678 0.1324 0.9543
vn 0.5765 0.7339 -0.3593
vn 0.7540 0.6555 -0.0423
vn 0.7820 0.6202 -0.0619
vn 0.8290 0.5507 -0.0978
vn 0.0856 0.0231 -0.9961
vn 0.9953 -0.0247 -0.0935
vn 0.9128 -0.0008 -0.4084
vn 0.9989 -0.0158 -0.0435
vn 0.0690 -0.0255 0.9973
vn -0.2716 0.1252 0.9542
vn 0.0815 0.9302 0.3578
vn -0.0202 0.1672 0.9857
vn 0.0034 1.0000 -0.0081
vn 0.0289 0.9873 -0.1563
vn 0.7175 -0.4233 0.5531
vn 0.8129 -0.3963 0.4268
vn 0.7973 -0.4019 0.4503
vn -0.0175 0.9088 0.4169
vn -0.0047 0.9998 0.0173
vn 0.1661 0.9613 -0.2196
vn 0.4443 0.8378 -0.3174
vn 0.7189 0.4399 -0.5383
vn 0.7010 0.3815 -0.6025
vn 0.0659 0.0021 -0.9978
vn 0.9829 -0.1103 0.1474
vn 0.9775 -0.0511 0.2046
vn 0.8802 -0.0010 0.4746
vn 0.7555 -0.5021 0.4209
vn -0.3882 0.2086 0.8976
vn 0.0506 0.7562 0.6524
vn -0.0344 0.3955 0.9178
vn 0.0184 0.9944 -0.1038
vn 0.9637 -0.0026 -0.2669
vn 0.1110 -0.0063 0.9938
vn 0.5310 -0.2118 0.8205
vn -0.0150 0.9443 0.3288
vn -0.0008 0.9995 0.0319
vn 0.1499 0.0920 -0.9844
vn -0.6406 0.0017 -0.7679
vn -0.6391 0.0025 -0.7691
vn -0.5858 -0.0010 -0.8104
vn 0.6753 0.7348 0.0636
vn 0.9831 -0.1242 0.1344
vn 0.9726 -0.0261 0.2308
vn 0.4089 -0.2261 0.8841
vn -0.0174 0.9088 0.4169
vn -0.0269 0.9190 0.3934
vn 0.4706 0.7844 -0.4041
vn 0.9345 0.3559 -0.0033
vn 0.3683 -0.9297 -0.0067
vn 0.3632 -0.9317 -0.0070
vn 0.5537 -0.8325 -0.0204
vn 0.9794 -0.0066 0.2018
vn 0.9961 0.0012 0.0881
vn 0.7346 -0.5102 0.4473
vn 0.8152 -0.4162 0.4029
vn 0.2605 -0.0252 0.9651
vn 0.1527 -0.0978 0.9834
vn 0.5716 0.7214 -0.3910
vn 0.6990 0.7151 -0.0068
vn 0.3561 -0.9344 -0.0056
vn 0.9931 -0.0015 0.1171
vn -0.2103 -0.0134 0.9775
vn -0.2060 -0.0131 0.9785
vn -0.0584 -0.0000 0.9983
vn 0.5159 -0.0065 0.8566
vn 0.5034 -0.0051 0.8640
vn -0.7269 -0.0056 0.6868
vn 0.0485 -0.0159 0.9987
vn -0.0055 0.0186 0.9998
vn -0.0111 0.7264 0.6871
vn -0.0127 0.7400 0.6725
vn -0.0567 0.9529 0.2978
vn -0.6677 -0.0107 -0.7444
vn 1.0000 0.0029 -0.0013
vn 0.9984 0.0334 0.0458
vn 0.9992 0.0089 0.0398
vn 0.8450 -0.2083 0.4925
vn 0.8453 -0.2206 0.4866
vn 0.8454 -0.2242 0.4848
vn 0.2136 -0.0245 0.9766
vn 0.1511 -0.1042 0.9830
vn -0.1351 0.8043 -0.5786
vn -0.0059 0.2575 0.9663
vn -0.6410 0.0007 -0.7675
vn 0.9961 -0.0322 -0.0827
vn 0.5664 -0.8239 -0.0214
vn 0.8805 -0.0001 0.4740
vn -0.1639 0.3802 0.9103
vn -0.2409 0.5381 0.8077
vn -0.0245 0.8165 -0.5769
vn -0.0122 0.8204 -0.5716
vn -0.0173 0.8182 -0.5746
vn 0.9709 -0.0002 -0.2396
vn 0.9955 -0.0416 -0.0854
vn -0.7524 0.5788 0.3143
vn 0.0354 0.0479 0.9982
vn -0.2065 0.9634 0.1709
vn 0.0007 0.9583 0.2858
vn 0.2587 0.8582 -0.4434
vn 0.9410 0.0020 -0.3385
vn 0.9822 -0.0106 0.1876
vn 0.4492 -0.2965 0.8428
vn 0.0939 -0.0004 0.9956
vn -0.2311 0.4878 0.8418
vn -0.0084 0.0093 0.9999
vn 0.1562 0.1147 -0.9810
vn -0.5859 -0.0010 -0.8104
vn -0.7075 -0.0001 -0.7067
vn 0.9873 -0.0050 -0.1588
vn 0.9746 0.0049 -0.2239
vn 0.9706 0.0011 0.2406
vn -0.0088 0.0415 0.9991
vn 0.1250 -0.0851 0.9885
vn 0.1485 -0.0882 0.9850
vn 0.0814 0.9303 0.3577
vn -0.0513 0.9690 0.2418
vn -0.0056 0.9999 0.0133
vn 0.4728 0.5177 -0.7130
vn -0.9859 -0.0462 -0.1609
vn 0.6082 -0.0047 -0.7938
vn 0.9487 0.0111 -0.3159
vn 0.9946 0.0973 -0.0351
vn 0.9940 -0.0002 -0.1089
vn 0.1032 -0.0004 0.9947
vn -0.0175 0.5543 0.8322
vn 0.4672 0.7848 -0.4071
vn 0.5818 0.7250 -0.3686
vn 0.5424 0.7920 -0.2801
vn -0.7138 -0.0071 0.7003
vn 0.1351 -0.0169 0.9907
vn 0.1093 -0.0206 0.9938
vn 0.4004 -0.3023 0.8650
vn 0.5091 -0.8602 0.0311
vn 0.2054 -0.0599 0.9768
vn 0.0074 -0.0328 0.9994
vn -0.1082 0.2593 0.9597
vn -0.0188 0.0051 0.9998
vn 0.1067 -0.0100 0.9942
vn 0.6990 -0.4269 0.5737
vn -0.5800 -0.2363 -0.7796
vn 0.9510 -0.0025 -0.3092
vn 0.3560 -0.9345 -0.0056
vn 0.8455 -0.2363 0.4788
vn 0.4369 -0.3483 0.8294
vn -0.1667 0.6284 0.7598
vn 0.1666 -0.1294 0.9775
vn 0.2447 -0.3813 0.8915
vn -0.0199 0.9995 0.0250
vn 0.0014 1.0000 0.0004
vn 0.9839 0.0458 -0.1730
vn 0.9510 -0.0698 0.3011
vn -0.1378 0.8699 0.4736
vn 0.1814 -0.9410 0.2857
vn 0.1389 -0.9614 0.2376
vn 0.2456 -0.9011 0.3575
vn -0.0076 0.0160 0.9998
vn -0.0139 0.9042 0.4268
vn -0.0129 0.9082 0.4184
vn 0.5909 -0.0009 -0.8067
vn 0.0821 -0.4852 -0.8705
vn -0.2042 0.1532 0.9669
vn -0.1498 0.2358 0.9602
vn 0.1914 0.3304 -0.9242
vn 0.2739 0.3329 -0.9023
vn 0.2228 0.3160 -0.9222
vn 0.9482 -0.0012 -0.3178
vn 0.6676 -0.2502 -0.7013
vn -0.0094 -0.1712 0.9852
vn -0.0683 0.3907 0.9180
vn -0.0191 0.6795 0.7335
vn -0.7465 -0.5997 0.2882
vn 0.6358 -0.1101 -0.7640
vn 0.9979 -0.0080 0.0642
vn 0.9994 -0.0002 0.0344
vn -0.0949 0.0232 0.9952
vn -0.1263 0.3262 0.9368
vn -0.4066 0.9130 0.0316
vn -0.2613 0.9606 0.0947
vn -0.3196 0.9461 0.0530
vn -0.0315 0.0808 0.9962
vn -0.0981 0.9174 0.3857
vn -0.0510 0.9331 0.3559
vn -0.0303 0.9391 0.3424
vn -0.0144 0.9999 0.0044
vn 0.1529 0.1151 -0.9815
vn 0.9907 -0.0000 -0.1359
vn 0.9599 0.0045 -0.2805
vn 0.9151 0.3912 -0.0976
vn 0.9986 -0.0125 0.0518
vn 0.9997 -0.0076 0.0226
vn -0.2275 0.8042 0.5491
vn 0.9931 -0.0691 0.0945
vn 0.1407 -0.1282 0.9817
vn -0.0022 0.2626 0.9649
vn -0.0069 0.9999 0.0094
vn 0.5298 0.8024 -0.2746
vn 0.1154 0.1747 -0.9778
vn 0.0388 0.0223 -0.9990
vn 0.0017 0.0009 -1.0000
vn 0.9734 0.0081 -0.2288
vn -0.0719 -0.2990 0.9515
vn 0.9957 -0.0005 0.0925
vn 0.0010 1.0000 -0.0020
vn 0.1691 0.1426 -0.9752
vn 0.1155 0.1748 -0.9778
vn 1.0000 0.0028 -0.0013
vn 0.9695 -0.0169 0.2445
vn 0.9714 -0.0208 0.2363
vn 0.9751 -0.0143 0.2215
vn 0.9723 -0.0135 0.2335
vn 0.4971 -0.3766 0.7817
vn 0.4996 -0.3703 0.7831
vn -0.1679 0.1899 0.9674
vn -0.0016 1.0000 -0.0009
vn -0.5750 -0.6149 -0.5396
vn 0.1334 -0.0022 -0.9911
vn -0.0152 0.0812 0.9966
vn 0.4565 -0.4146 0.7872
vn 0.0851 -0.1735 0.9812
vn -0.3528 0.8469 0.3978
vn -0.3582 0.8259 0.4354
vn -0.3867 0.8618 0.3282
vn -0.0174 -0.0219 0.9996
vn -0.0130 -0.0315 0.9994
vn 0.0534 -0.1729 0.9835
vn -0.0093 1.0000 0.0031
vn -0.0035 -0.0016 -1.0000
vn 0.8925 0.0004 -0.4511
vn -0.4863 0.8313 0.2691
vn -0.1740 0.2826 0.9433
vn 0.0757 0.9540 -0.2901
vn 0.2515 0.7540 -0.6068
vn 0.9350 0.0006 -0.3546
vn 0.4672 0.5144 0.7192
vn -0.1486 0.2822 0.9478
vn 0.1987 -0.4037 0.8930
vn 0.3076 0.8955 0.3216
vn 0.1750 0.3171 -0.9321
vn 0.9318 -0.0499 -0.3596
vn 0.3966 -0.0047 -0.9180
vn 0.3920 -0.0052 -0.9199
vn 0.4941 0.0063 -0.8694
vn 0.3512 -0.3934 0.8496
vn -0.2694 0.4476 0.8527
vn -0.0652 0.0871 0.9941
vn -0.0673 0.0824 0.9943
vn -0.0621 0.0941 0.9936
vn 0.2834 -0.8719 0.3994
vn -0.0114 0.0083 0.9999
vn 0.0011 1.0000 -0.0092
vn 0.1062 0.9310 -0.3492
vn -0.6632 -0.0015 0.7484
vn 0.0893 -0.0995 0.9910
vn 0.1097 -0.1370 0.9845
vn 0.1098 -0.1370 0.9845
vn 0.3124 -0.4283 0.8479
vn -0.0154 -0.0018 0.9999
vn -0.0223 -0.1023 0.9945
vn 0.0074 -0.0327 0.9994
vn -0.4910 0.8696 0.0523
vn -0.0193 0.6777 0.7351
vn -0.1694 0.9294 0.3280
vn 0.9228 -0.0166 -0.3849
vn 0.4981 0.0067 -0.8671
vn 0.8769 -0.0012 0.4807
vn 0.0858 -0.0077 0.9963
vn -0.0028 0.9999 -0.0165
vn 0.1360 -0.0018 -0.9907
vn 0.9998 -0.0072 0.0188
vn -0.0162 -0.1937 0.9809
vn -0.5702 0.7535 0.3272
vn 0.9997 -0.0052 0.0239
vn 0.9532 -0.0637 -0.2955
vn 0.9969 -0.0026 0.0781
vn 0.0468 0.0189 0.9987
vn 0.0589 -0.1673 0.9842
vn -0.2026 -0.1235 0.9714
vn -0.2453 0.0576 0.9677
vn -0.1264 0.3262 0.9368
vn -0.2378 0.2086 0.9486
vn 0.0375 -0.0201 0.9991
vn 0.4632 -0.8862 0.0063
vn -0.1226 0.9079 0.4008
vn 0.1920 0.9378 -0.2892
vn 0.8785 -0.0051 -0.4777
vn 0.8827 0.0006 -0.4699
vn 0.9799 -0.0061 0.1992
vn 0.9665 0.0082 0.2567
vn -0.9526 -0.2630 0.1528
vn -0.0331 0.8436 -0.5359
vn 0.0101 0.9702 -0.2422
vn 0.2029 0.7433 -0.6374
vn 0.1906 0.7145 -0.6732
vn 0.1970 0.7296 -0.6549
vn 0.0421 0.1626 -0.9858
vn 0.6217 -0.4851 0.6149
vn 0.7107 -0.4076 0.5733
vn 0.5782 -0.5177 0.6306
vn 0.7387 -0.3796 0.5570
vn 0.9664 0.0082 0.2568
vn 0.9543 0.0039 0.2989
vn 0.5599 -0.7381 0.3765
vn 0.4762 -0.8273 0.2980
vn 0.5328 -0.7751 0.3395
vn -0.7121 0.2342 0.6618
vn -0.3658 0.3791 0.8500
vn -0.0065 -0.0069 1.0000
vn -0.0114 0.0082 0.9999
vn -0.1378 0.1467 0.9795
vn -0.0097 0.0172 0.9998
vn 0.2123 0.7650 -0.6081
vn -0.6201 0.0073 -0.7845
vn 0.8267 -0.0091 -0.5625
vn 0.9801 0.0100 -0.1981
vn 0.9994 -0.0065 -0.0335
vn 0.8837 -0.0055 0.4680
vn 0.6860 -0.7266 -0.0389
vn 0.0318 -0.0279 0.9991
vn 0.0217 -0.0514 0.9984
vn 0.5648 -0.8206 -0.0868
vn 0.5730 -0.8175 -0.0580
vn 0.5669 -0.8199 -0.0796
vn 0.0449 -0.1461 0.9882
vn 0.0260 -0.0129 0.9996
vn -0.0337 0.8482 -0.5286
vn -0.6132 0.0022 -0.7900
vn 0.7894 -0.3337 -0.5153
vn -0.4738 0.6185 -0.6269
vn 0.4323 -0.5269 0.7318
vn 0.4646 -0.6155 -0.6366
vn 0.4755 -0.6206 -0.6235
vn 0.3757 -0.5703 -0.7305
vn 0.2063 -0.4722 0.8570
vn -0.2095 0.9153 0.3441
vn -0.0042 1.0000 -0.0070
vn -0.0007 0.9915 -0.1300
vn -0.0012 -0.0001 -1.0000
vn -0.0230 0.0135 -0.9996
vn 0.9984 0.0003 -0.0561
vn 0.0736 -0.0946 0.9928
vn 0.0722 -0.0851 0.9938
vn 0.0712 -0.1019 0.9922
vn -0.0868 -0.1230 0.9886
vn -0.5160 0.8542 0.0632
vn 0.0535 -0.0831 0.9951
vn -0.2241 0.7508 0.6214
vn -0.2113 0.7424 0.6358
vn -0.2153 0.7451 0.6313
vn 0.0196 0.1279 -0.9916
vn 0.5829 0.8107 -0.0551
vn 0.0866 0.0038 0.9962
vn 0.5770 -0.8156 -0.0429
vn 0.9978 -0.0058 -0.0654
vn 1.0000 -0.0023 0.0055
vn 0.9964 -0.0493 0.0690
vn 0.4188 -0.0071 0.9081
vn -0.6383 -0.0060 0.7698
vn 0.1065 -0.1642 0.9807
vn -0.1223 0.3825 0.9158
vn -0.0602 0.0983 0.9933
vn 0.0559 -0.1525 0.9867
vn -0.2437 0.7630 0.5987
vn -0.0881 0.9943 0.0604
vn -0.1714 0.9837 0.0551
vn 0.0007 0.5448 -0.8386
vn 0.0005 0.5463 -0.8376
vn 0.0004 0.5465 -0.8375
vn 0.0001 0.9959 -0.0902
vn 0.0073 0.9993 -0.0358
vn 0.0065 0.9992 -0.0400
vn -0.3185 -0.9393 -0.1278
vn 0.0277 0.0113 0.9996
vn 0.6563 -0.6865 0.3131
vn 0.5754 -0.7111 0.4040
vn 0.6014 -0.7047 0.3765
vn -0.6356 0.7112 0.3003
vn -0.0003 0.9999 -0.0141
vn -0.1517 0.9460 -0.2864
vn -0.5196 0.8208 0.2370
vn -0.4933 0.8182 0.2954
vn -0.3586 0.8909 0.2788
vn -0.2558 0.9643 0.0684
vn -0.0554 0.5541 -0.8306
vn 0.0229 0.5696 -0.8216
vn 0.0260 0.5618 -0.8268
vn 0.6005 0.0015 -0.7997
vn -0.7181 -0.0155 0.6958
vn 0.0979 -0.0024 0.9952
vn -0.3814 0.3386 0.8602
vn -0.5193 0.8528 0.0563
vn -0.7010 0.6718 0.2392
vn 0.2910 0.9567 0.0015
vn 0.2956 0.9553 0.0079
vn 0.2915 0.9566 0.0016
vn 0.1503 0.0135 0.9886
vn 0.1473 0.0136 0.9890
vn 0.0776 0.0236 0.9967
vn 0.1472 0.0136 0.9890
vn 0.0668 0.0226 0.9975
vn 0.0819 -0.2037 0.9756
vn 0.3887 -0.3484 0.8529
vn -0.3762 0.8720 0.3131
vn 0.9931 0.0040 -0.1173
vn 0.3771 -0.5832 0.7195
vn 0.0094 -0.1436 0.9896
vn -0.0221 0.0159 0.9996
vn -0.4222 0.8475 0.3216
vn -0.4417 0.8422 0.3091
vn 0.0055 0.0486 -0.9988
vn 0.1183 0.3268 -0.9377
vn -0.0046 0.0195 -0.9998
vn -0.0008 -0.0005 -1.0000
vn -0.0009 -0.0001 -1.0000
vn 0.9766 0.0105 -0.2148
vn 0.9861 0.0058 -0.1660
vn 0.0065 0.9992 -0.0401
vn -0.0020 0.9956 -0.0941
vn 0.9713 -0.0029 -0.2378
vn 0.9453 -0.0008 -0.3263
vn -0.4266 0.9016 -0.0722
vn -0.1871 0.3678 0.9109
vn 0.2140 -0.4950 0.8421
vn -0.3160 0.0194 0.9486
vn -0.0852 0.1126 0.9900
vn -0.0630 0.0391 0.9972
vn -0.1857 0.9818 0.0398
vn -0.3042 0.9344 0.1852
vn -0.2339 0.9653 0.1161
vn -0.1420 -0.6823 -0.7172
vn -0.0458 0.0022 -0.9989
vn 0.6018 0.0015 -0.7987
vn 0.4743 0.0031 0.8804
vn 0.3507 0.0184 0.9363
vn 0.4586 0.0051 0.8886
vn 0.2852 0.9582 0.0206
vn 0.0208 0.0035 0.9998
vn 0.0061 -0.0265 0.9996
vn 0.3183 -0.6506 0.6895
vn 0.4645 -0.6155 -0.6366
vn 0.3699 -0.5671 -0.7359
vn -0.2914 -0.1271 0.9481
vn -0.8061 0.5881 0.0656
vn -0.7301 0.6785 0.0812
vn -0.7332 0.6763 0.0710
vn -0.0747 0.3680 0.9268
vn -0.0875 0.5648 -0.8206
vn 0.6254 0.0446 -0.7790
vn 0.9993 0.0005 -0.0379
vn 0.9805 -0.0083 0.1964
vn 0.9840 -0.0102 0.1781
vn -0.7504 -0.0032 0.6609
vn 0.0901 -0.5208 0.8489
vn 0.0133 -0.5059 0.8625
vn -0.0276 -0.0873 0.9958
vn -0.2353 0.5779 0.7814
vn -0.3569 0.9294 0.0934
vn 0.0004 0.1031 -0.9947
vn -0.0472 -0.0008 -0.9989
vn 0.1469 0.0020 -0.9892
vn 0.9989 0.0345 0.0321
vn 0.3958 0.0055 0.9183
vn 0.0069 -0.0569 0.9984
vn 0.0175 -0.0518 0.9985
vn 0.3843 -0.8955 -0.2245
vn 0.3766 -0.9058 -0.1940
vn 0.3100 -0.9471 -0.0828
vn 0.0377 0.0112 0.9992
vn -0.0180 0.0088 0.9998
vn 0.1217 -0.4733 0.8725
vn -0.6430 0.7399 0.1978
vn -0.6678 0.7287 0.1516
vn 0.0416 0.0204 -0.9989
vn -0.0167 -0.0112 -0.9998
vn -0.0353 -0.0212 -0.9992
vn -0.1311 -0.0731 -0.9887
vn 0.2930 0.8818 -0.3696
vn 0.7952 -0.6038 -0.0553
vn -0.4790 -0.8768 -0.0424
vn 0.7458 0.6660 0.0160
vn 0.7822 0.6220 0.0364
vn 0.7785 0.6263 0.0402
vn -0.9912 0.1176 0.0607
vn -0.9933 0.0938 0.0671
vn -0.9960 0.0126 0.0885
vn 0.6424 -0.7624 0.0780
vn 0.5874 -0.8088 0.0294
vn 0.6078 -0.7927 0.0470
vn -0.9958 -0.0009 0.0920
vn 0.6909 0.7217 -0.0435
vn 0.8351 0.5323 -0.1391
vn 0.9562 0.2892 -0.0441
vn 0.6209 0.7829 -0.0398
vn -0.0075 0.0097 -0.9999
vn -0.0256 -0.0020 -0.9997
vn 0.0392 -0.0346 -0.9986
vn -0.6997 -0.7100 -0.0792
vn -0.8191 -0.5670 -0.0864
vn -0.7813 -0.6120 -0.1224
vn -0.7814 -0.6119 -0.1224
vn -0.8192 -0.5670 -0.0864
vn -0.8398 -0.5303 -0.1164
vn -0.9100 -0.4098 -0.0631
vn -0.0104 0.0086 -0.9999
vn -0.0016 -0.0088 -1.0000
vn 0.0006 0.0051 -1.0000
vn -0.0033 0.0236 -0.9997
vn -0.0067 -0.0224 -0.9997
vn -0.0236 -0.0134 -0.9996
vn 0.0141 0.0397 -0.9991
vn -0.3806 -0.9198 -0.0952
vn -0.4063 -0.9070 -0.1103
vn -0.3945 -0.9131 -0.1033
vn 0.0148 0.0389 -0.9991
vn -0.3569 0.9325 -0.0549
vn 0.9761 -0.2122 -0.0473
vn 0.9688 -0.2391 -0.0651
vn 0.9605 -0.2658 -0.0829
vn -0.0037 -0.0153 -0.9999
vn 0.1169 -0.0031 -0.9931
vn 0.8517 0.0025 -0.5240
vn 0.9090 -0.0022 -0.4168
vn 0.3456 0.0190 0.9382
vn 0.9814 -0.0014 0.1919
vn 0.3904 -0.8726 0.2936
vn 0.3234 -0.9075 0.2681
vn -0.3345 0.8815 0.3333
vn 0.0901 -0.2239 0.9704
vn -0.0597 0.0434 0.9973
vn -0.6086 0.7760 0.1655
vn -0.1771 0.9842 -0.0015
vn 0.0127 -0.0220 -0.9997
vn 0.6267 0.7714 -0.1106
vn 0.5809 -0.8016 -0.1411
vn 0.6029 -0.7872 -0.1296
vn 0.6372 -0.7627 -0.1107
vn 0.9514 -0.2913 -0.0999
vn 0.4579 0.1413 -0.8777
vn -0.9923 0.0577 -0.1095
vn -0.9923 0.0564 -0.1105
vn -0.9923 0.0568 -0.1101
vn 0.9997 0.0023 -0.0254
vn 0.0238 0.0118 0.9996
vn 0.7232 -0.0180 0.6905
vn 0.7264 -0.0195 0.6869
vn 0.6950 -0.0051 0.7190
vn 0.0906 -0.2222 0.9708
vn -0.4877 0.1209 0.8646
vn -0.4605 0.2448 0.8532
vn -0.8227 0.5663 0.0500
vn -0.4440 0.7885 0.4256
vn -0.2340 0.9653 0.1161
vn -0.3043 0.9344 0.1852
vn -0.2040 0.4782 -0.8543
vn -0.3683 -0.9255 -0.0880
vn 0.2782 0.9484 -0.1522
vn 0.9998 0.0029 -0.0214
vn 0.9450 -0.0025 0.3271
vn 0.1373 -0.0017 0.9905
vn 0.0761 0.0036 0.9971
vn 0.5542 -0.4070 0.7261
vn -0.6094 0.7822 0.1295
vn -0.3030 0.9496 0.0798
vn 0.0040 0.0417 -0.9991
vn 0.9868 0.1534 -0.0518
vn 0.2799 0.9597 0.0269
vn -0.7229 0.0058 0.6909
vn 0.0654 -0.0236 0.9976
vn -0.0467 0.4583 0.8876
vn -0.0242 -0.0119 0.9996
vn 0.3838 -0.2075 0.8998
vn 0.6790 -0.6769 0.2844
vn -0.1693 0.2055 0.9639
vn -0.4230 0.7929 0.4387
vn -0.0226 0.9959 -0.0879
vn 0.6078 -0.7927 0.0471
vn 0.6711 -0.7339 0.1050
vn 0.0085 -0.0253 -0.9996
vn 0.0126 -0.0133 -0.9998
vn 0.0090 0.0120 -0.9999
vn -0.9923 0.0567 -0.1102
vn -0.9923 0.0563 -0.1105
vn -0.9923 0.0553 -0.1112
vn -0.6109 -0.0001 -0.7917
vn 0.1125 -0.0042 0.9936
vn 0.0651 -0.2126 0.9750
vn -0.1899 -0.4576 0.8686
vn -0.0831 -0.5028 0.8604
vn 0.0445 0.0309 0.9985
vn 0.0467 0.0180 0.9987
vn -0.0244 0.0074 0.9997
vn -0.5851 0.7453 0.3197
vn -0.5479 0.7493 0.3719
vn -0.5691 0.7096 0.4156
vn -0.5690 0.7096 0.4156
vn 0.0272 -0.0334 -0.9991
vn 0.6669 -0.7393 -0.0935
vn -0.6102 -0.0004 -0.7922
vn 0.2333 -0.9647 -0.1223
vn 0.0258 -0.0195 0.9995
vn 0.0559 -0.0750 0.9956
vn -0.6199 0.7802 0.0841
vn -0.6751 0.7319 0.0928
vn 0.0089 0.4782 -0.8782
vn -0.0201 -0.8822 -0.4705
vn -0.0030 -0.0145 -0.9999
vn 0.9978 -0.0095 -0.0653
vn 0.9782 -0.0038 0.2077
vn 0.0135 0.0662 0.9977
vn -0.8067 0.5321 0.2573
vn -0.3977 0.6599 -0.6375
vn -0.3553 0.6732 -0.6486
vn -0.4317 0.6480 -0.6275
vn 0.0010 0.9957 -0.0927
vn -0.2261 -0.3303 0.9164
vn 0.0294 -0.9962 -0.0818
vn 0.0563 -0.9937 -0.0973
vn 0.0440 -0.9950 -0.0902
vn -0.1365 -0.0106 -0.9906
vn -0.0195 0.0042 -0.9998
vn -0.0173 0.0040 -0.9998
vn 0.0615 -0.0024 -0.9981
vn 0.9730 -0.0068 0.2307
vn -0.7444 0.5912 0.3104
vn 0.0707 -0.9919 -0.1056
vn 0.0072 0.0044 -1.0000
vn -0.0510 0.9987 0.0064
vn 0.0231 -0.0640 -0.9977
vn 0.3865 0.4945 -0.7785
vn -0.0039 -0.0076 -1.0000
vn -0.5218 0.0883 0.8485
vn -0.3747 0.9271 -0.0062
vn 0.0096 -0.0000 -1.0000
vn 0.7666 0.0858 0.6364
vn 0.8747 -0.0072 0.4846
vn -0.2345 -0.4601 0.8564
vn -0.3533 -0.3670 0.8605
vn 0.0237 -0.0038 0.9997
vn -0.0525 0.8924 -0.4482
vn -0.1108 0.8936 -0.4351
vn -0.0457 0.8920 -0.4497
vn -0.0309 -0.0313 -0.9990
vn -0.1141 -0.9823 -0.1484
vn 0.1894 -0.9815 -0.0296
vn 0.6096 0.0006 -0.7927
vn -0.1765 0.9754 0.1318
vn 0.9979 -0.0038 -0.0643
vn 0.3183 -0.6507 0.6894
vn 0.2291 -0.6246 0.7466
vn 0.3964 -0.1604 0.9039
vn -0.8061 0.5881 0.0657
vn -0.8227 0.5662 0.0500
vn -0.8895 0.4224 0.1741
vn -0.6603 0.6814 0.3157
vn -0.0354 -0.0329 -0.9988
vn 0.0220 -0.0162 -0.9996
vn 0.9727 -0.0007 -0.2319
vn -0.7815 0.4052 0.4744
vn -0.6727 0.7390 0.0375
vn 0.1054 -0.0010 0.9944
vn 0.0991 0.0035 0.9951
vn 0.0818 0.0040 0.9966
vn -0.3967 -0.3344 0.8549
vn -0.4749 -0.1578 0.8658
vn -0.5089 -0.0434 0.8597
vn -0.5203 0.7119 0.4717
vn -0.1574 0.4300 -0.8890
vn -0.7135 0.6915 -0.1129
vn -0.6208 0.7639 -0.1764
vn -0.6812 0.7193 -0.1363
vn 0.8547 0.0016 0.5192
vn 0.0468 0.0106 0.9988
vn 0.0013 0.0071 1.0000
vn -0.2402 0.1675 0.9562
vn -0.5770 0.8148 0.0558
vn -0.7999 0.5985 0.0435
vn 0.0114 0.8874 -0.4608
vn -0.0020 -0.7215 -0.6924
vn -0.0032 -0.7104 -0.7038
vn -0.0031 -0.7104 -0.7038
vn 0.9999 0.0051 0.0110
vn 0.9834 0.0029 0.1816
vn 0.2348 -0.9108 0.3397
vn -0.0314 0.0090 0.9995
vn -0.9588 0.2722 0.0814
vn -0.7775 0.6044 0.1738
vn -0.8472 0.5258 0.0756
vn -0.7373 0.6738 0.0478
vn -0.6250 0.7786 0.0554
vn -0.0813 0.9959 -0.0388
vn -0.1773 0.3593 -0.9162
vn -0.0031 -0.0144 -0.9999
vn 0.0015 -0.0020 -1.0000
vn 0.0142 -0.0216 -0.9997
vn -0.6399 0.7469 -0.1810
vn -0.8088 0.5855 -0.0546
vn 0.9070 0.0030 -0.4211
vn 0.2629 -0.0011 0.9648
vn 0.1436 -0.9256 0.3502
vn 0.1899 -0.9814 -0.0283
vn 0.7412 -0.4267 0.5182
vn 0.7439 -0.4298 0.5118
vn 0.7157 -0.3420 0.6089
vn -0.5481 0.7581 0.3534
vn -0.7188 0.6255 0.3034
vn -0.3110 0.9468 -0.0831
vn 0.0010 0.2629 -0.9648
vn -0.6426 -0.7654 -0.0346
vn -0.6968 -0.7126 -0.0811
vn -0.6607 -0.7490 -0.0496
vn 0.1947 -0.6053 0.7718
vn 0.0364 -0.0031 0.9993
vn 0.0204 -0.1375 0.9903
vn 0.7153 -0.3343 0.6136
vn 0.1244 -0.2277 0.9658
vn 0.0092 0.4757 -0.8796
vn 0.0424 0.5748 -0.8172
vn 0.0184 0.5031 -0.8640
vn 0.0300 0.5102 -0.8595
vn 0.1310 0.0062 -0.9914
vn 0.8504 0.0052 -0.5262
vn 0.5126 -0.1104 0.8515
vn -0.2237 0.0805 0.9713
vn -0.8488 0.5032 0.1622
vn -0.6681 0.7439 -0.0149
vn 0.0140 0.9981 -0.0603
vn 0.0832 0.9965 0.0100
vn 0.0606 0.9981 -0.0101
vn 0.4499 -0.8897 -0.0774
vn 0.5642 -0.8173 -0.1167
vn 0.5570 -0.8252 -0.0937
vn -0.7712 0.6330 -0.0668
vn -0.9950 -0.0320 -0.0951
vn -0.9918 0.0172 -0.1265
vn -0.9941 -0.0127 -0.1075
vn -0.0025 -0.0222 -0.9998
vn 0.9469 -0.0013 0.3214
vn 0.0357 0.0070 0.9993
vn 0.0041 0.4431 0.8965
vn 0.0151 0.4277 0.9038
vn -0.0350 0.0510 0.9981
vn -0.7328 0.6343 0.2462
vn -0.6391 0.7691 0.0085
vn -0.1341 0.9900 -0.0439
vn -0.0058 0.8351 -0.5500
vn -0.0093 0.8212 -0.5705
vn -0.0092 0.8219 -0.5695
vn 0.6146 -0.7801 -0.1170
vn -0.6101 -0.0004 -0.7923
vn -0.6082 0.0003 -0.7938
vn 0.6660 -0.0019 -0.7460
vn 0.9661 -0.0039 -0.2581
vn 0.7937 0.0007 0.6084
vn -0.1201 0.9793 0.1627
vn -0.1215 0.9762 0.1794
vn -0.1086 0.9933 0.0381
vn 0.1654 -0.9847 0.0548
vn -0.4739 0.6316 -0.6136
vn -0.3977 0.6598 -0.6375
vn 0.0999 0.7086 -0.6985
vn -0.0236 0.3639 -0.9312
vn -0.0020 -0.0088 -1.0000
vn 0.0043 -0.0017 -1.0000
vn -0.9952 -0.0629 -0.0751
vn -0.0551 0.0995 -0.9935
vn -0.0012 0.0003 -1.0000
vn -0.6072 -0.0005 -0.7946
vn 0.1693 -0.0027 -0.9856
vn 0.9625 -0.0006 -0.2714
vn 0.0878 -0.0032 0.9961
vn 0.4570 -0.0348 0.8888
vn -0.1477 0.0760 0.9861
vn -0.6906 0.6525 0.3119
vn -0.2889 0.9506 -0.1135
vn -0.6034 0.7950 -0.0621
vn -0.5053 0.8627 0.0186
vn -0.5016 0.8650 -0.0139
vn -0.0562 0.9846 -0.1655
vn -0.0125 -0.7748 -0.6320
vn -0.6124 -0.7905 -0.0104
vn 0.0936 0.0002 -0.9956
vn 0.2511 0.0012 0.9680
vn 0.2257 -0.7494 -0.6224
vn -0.4913 -0.1927 0.8494
vn -0.8737 0.4007 0.2758
vn -0.0590 0.0305 0.9978
vn -0.6714 0.7404 -0.0311
vn -0.7102 0.7034 -0.0299
vn -0.6666 0.7448 -0.0312
vn -0.7839 0.5789 0.2245
vn -0.7455 0.6664 -0.0111
vn 0.0177 -0.0072 -0.9998
vn 0.9224 -0.0019 -0.3861
vn -0.7553 0.0049 0.6553
vn -0.7360 0.0087 0.6769
vn 0.0670 -0.9205 0.3849
vn -0.0404 0.0043 0.9992
vn -0.9682 0.2442 0.0541
vn -0.0091 0.0034 1.0000
vn -0.8496 0.4301 0.3051
vn -0.7650 0.5788 0.2824
vn -0.0461 0.0506 0.9977
vn 0.1227 -0.0122 0.9924
vn -0.0044 -0.0629 0.9980
vn -0.1079 0.9937 0.0306
vn 0.2209 0.6320 0.7428
vn 0.2825 0.4186 0.8631
vn 0.2211 0.6376 0.7380
vn 0.7342 -0.2945 0.6117
vn -0.6468 0.7585 -0.0791
vn -0.4004 0.9148 -0.0530
vn -0.0010 0.0002 -1.0000
vn -0.0012 0.0007 -1.0000
vn -0.0010 0.0003 -1.0000
vn 0.1109 0.0007 -0.9938
vn 0.0783 -0.5302 0.8442
vn -0.3231 0.1124 0.9397
vn -0.0786 0.0286 0.9965
vn -0.8300 0.5034 0.2404
vn -0.9217 0.3730 0.1069
vn 0.9073 -0.4052 -0.1124
vn 0.9218 -0.3755 -0.0963
vn 0.9365 -0.3418 -0.0782
vn -0.0247 -0.0205 -0.9995
vn -0.0185 -0.0038 -0.9998
vn -0.0029 -0.0076 -1.0000
vn -0.0006 -0.0002 -1.0000
vn 0.9750 -0.0063 0.2220
vn 0.5871 0.5644 0.5803
vn 0.5918 0.6590 0.4643
vn 0.6141 0.6710 0.4155
vn 0.0287 0.0089 0.9995
vn 0.2411 -0.9602 0.1413
vn 0.2427 0.5142 0.8226
vn -0.9702 0.2194 0.1029
vn -0.9837 0.1752 0.0395
vn 0.0783 0.7259 -0.6833
vn -0.0061 -0.0007 -1.0000
vn 0.8494 0.0087 -0.5276
vn 0.9783 -0.0076 0.2071
vn 0.0293 -0.5174 0.8553
vn 0.0087 -0.1144 0.9934
vn -0.0367 -0.0493 0.9981
vn -0.0116 -0.0569 0.9983
vn 0.9023 -0.2802 0.3277
vn -0.6164 0.7867 -0.0325
vn -0.6714 0.7405 -0.0311
vn -0.8184 0.4930 0.2952
vn -0.8952 0.3984 0.1997
vn -0.7531 0.6541 -0.0709
vn -0.0011 0.2870 -0.9579
vn 0.5443 -0.7809 0.3064
vn 0.6536 -0.7511 -0.0932
vn 0.0631 0.0681 -0.9957
vn -0.9480 0.3178 0.0151
vn -0.2348 0.9652 -0.1152
vn 0.9480 -0.3121 -0.0624
vn 0.9861 -0.0000 -0.1661
vn 0.9683 -0.0257 0.2485
vn 0.9667 -0.0056 0.2557
vn 0.9718 -0.0056 0.2356
vn 0.5838 0.5549 0.5926
vn 0.0696 -0.0116 0.9975
vn 0.0288 -0.0348 0.9990
vn 0.0285 -0.0199 0.9994
vn 0.5908 0.6581 0.4668
vn -0.0093 -0.0681 0.9976
vn 0.4296 -0.0045 0.9030
vn -0.0122 0.0055 0.9999
vn -0.1815 0.0608 0.9815
vn -0.0056 0.8359 -0.5488
vn 0.9868 -0.0109 -0.1616
vn 0.8750 -0.0082 0.4841
vn 0.1384 -0.9891 0.0505
vn -0.0147 0.0092 0.9998
vn -0.9967 0.0805 -0.0050
vn -0.6423 0.7567 -0.1214
vn -0.2023 0.9668 -0.1559
vn -0.0244 0.6352 -0.7720
vn 0.8579 0.5035 -0.1023
vn 0.8351 0.5367 -0.1205
vn 0.8805 0.4668 -0.0827
vn 0.9891 -0.0052 -0.1469
vn 0.1103 -0.9939 -0.0081
vn 0.0286 -0.9976 0.0637
vn 0.0378 -0.9977 0.0557
vn 0.1295 0.1358 0.9822
vn 0.0687 -0.0143 0.9975
vn 0.3011 0.3546 0.8852
vn -0.9345 0.3106 0.1738
vn 0.7136 -0.4613 0.5273
vn -0.0720 0.9903 -0.1190
vn 0.0675 0.1128 -0.9913
vn 0.1434 0.1609 -0.9765
vn 0.0978 0.1254 -0.9873
vn 0.0459 0.9920 -0.1174
vn 0.0853 0.9837 -0.1584
vn 0.0694 0.9736 -0.2176
vn -0.5910 0.0016 -0.8067
vn 0.9995 0.0096 -0.0298
vn 0.9994 0.0183 0.0298
vn 0.9993 0.0172 0.0331
vn 0.9995 0.0080 0.0307
vn 0.2082 -0.0055 0.9781
vn 0.7509 -0.0157 0.6602
vn 0.4593 0.2010 0.8652
vn 0.5451 0.1692 0.8211
vn 0.7061 0.1594 0.6900
vn -0.9682 0.2441 0.0542
vn -0.9885 0.1386 0.0600
vn -0.9563 0.2613 0.1316
vn -0.9939 0.0934 0.0587
vn 0.0172 -0.0044 -0.9998
vn 0.0202 0.9953 -0.0950
vn 0.0053 0.0170 -0.9998
vn -0.0232 0.0912 -0.9956
vn -0.0395 -0.9916 0.1228
vn 0.1081 -0.3045 0.9464
vn 0.0472 0.0044 0.9989
vn 0.4183 0.2097 0.8838
vn 0.7135 0.1593 0.6823
vn -0.1952 0.0325 0.9802
vn -0.8162 0.4960 0.2963
vn 0.9941 0.0477 -0.0972
vn 0.9929 0.0593 -0.1028
vn 0.9956 0.0301 -0.0887
vn 0.0791 -0.0096 -0.9968
vn 0.9764 -0.0077 0.2160
vn 0.0575 0.0043 0.9983
vn 0.0114 -0.9063 0.4225
vn -0.1908 -0.9753 0.1113
vn -0.2624 -0.9644 -0.0326
vn -0.2808 -0.9571 -0.0717
vn -0.0452 -0.0493 0.9978
vn 0.5659 -0.0493 0.8230
vn -0.0155 0.0023 0.9999
vn -0.8829 0.3563 0.3059
vn -0.8645 0.4940 0.0931
vn -0.5502 0.8269 -0.1161
vn 0.0773 0.0563 0.9954
vn 0.0490 0.0664 0.9966
vn 0.1508 -0.0234 0.9883
vn 0.9995 -0.0157 -0.0269
vn 0.0920 -0.0026 -0.9958
vn 0.0079 0.0050 1.0000
vn -0.1719 -0.9741 0.1473
vn -0.4264 0.1879 0.8848
vn -0.7570 0.4526 0.4713
vn 0.0517 -0.0142 0.9986
vn -0.6289 0.7641 -0.1437
vn 0.9965 0.0157 -0.0817
vn 0.5681 0.8198 -0.0718
vn 0.5528 0.8293 -0.0818
vn 0.5330 0.8408 -0.0946
vn 0.0348 0.0521 -0.9980
vn -0.0009 -0.0000 -1.0000
vn -0.0000 -0.0000 -1.0000
vn 0.9998 -0.0218 -0.0046
vn 0.1228 -0.0122 0.9924
vn 0.2261 -0.0038 0.9741
vn 0.9929 0.0679 0.0975
vn 0.0559 -0.0086 0.9984
vn -0.3209 -0.6455 0.6931
vn 0.6473 0.5377 0.5402
vn -0.0249 -0.0059 0.9997
vn -0.3044 0.0870 0.9486
vn -0.6496 0.4388 -0.6208
vn -0.6294 0.4476 -0.6352
vn -0.7021 0.4135 -0.5797
vn -0.9636 0.2523 0.0881
vn -0.9990 0.0376 0.0249
vn -0.9883 0.1465 -0.0424
vn -0.7668 0.6276 -0.1346
vn 0.0694 0.9735 -0.2177
vn 0.0853 0.9837 -0.1585
vn 0.0761 0.9598 -0.2703
vn 0.1610 -0.0423 0.9860
vn 0.9982 -0.0259 -0.0533
vn 0.0569 0.0024 0.9984
vn -0.0323 -0.0155 0.9994
vn -0.9199 0.0650 0.3868
vn -0.1785 0.0317 0.9834
vn -0.8967 0.3308 0.2941
vn -0.9484 0.3114 -0.0597
vn -0.0203 0.6028 -0.7977
vn -0.3239 -0.2801 0.9037
vn 0.0958 0.0010 0.9954
vn 0.0884 0.0026 0.9961
vn 0.0865 0.0038 0.9962
vn 0.0706 -0.0195 0.9973
vn 0.0551 0.0010 0.9985
vn 0.0228 -0.0202 0.9995
vn -0.0357 -0.0190 0.9992
vn -0.0193 -0.0002 0.9998
vn -0.9345 0.3105 0.1738
vn -0.8738 0.4007 0.2757
vn -0.9480 0.2888 0.1339
vn -0.8750 0.2378 -0.4216
vn -0.8754 0.2380 -0.4207
vn -0.8896 0.2457 -0.3850
vn -0.2878 0.0311 0.9572
vn -0.9980 0.0460 -0.0440
vn -0.6093 0.7608 -0.2235
vn -0.4991 0.8449 -0.1923
vn 0.6758 0.0004 -0.7371
vn -0.1977 0.0517 -0.9789
vn 0.9852 -0.0066 0.1712
vn -0.4764 -0.8542 0.2081
vn -0.6020 -0.7977 0.0368
vn -0.4899 -0.8540 0.1752
vn -0.0482 -0.0362 0.9982
vn -0.5787 0.0600 0.8133
vn -0.5797 0.0573 0.8128
vn -0.5704 0.1179 0.8129
vn -0.8514 -0.0150 0.5243
vn -0.9686 -0.0765 0.2365
vn -0.8205 0.5547 -0.1385
vn -0.7348 0.6539 -0.1801
vn -0.4312 0.8452 -0.3156
vn -0.0173 0.9989 -0.0436
vn 0.9851 -0.0026 -0.1718
vn -0.7549 0.0031 0.6558
vn -0.0323 -0.1920 0.9809
vn 0.1239 0.9393 0.3199
vn 0.2039 0.6970 0.6874
vn -0.6430 -0.7654 0.0248
vn -0.4493 0.0389 0.8925
vn -0.2879 0.0311 0.9572
vn -0.9537 0.3006 -0.0068
vn -0.9312 0.3625 -0.0379
vn -0.9630 0.2687 0.0214
vn -0.9226 0.1938 0.3336
vn -0.2625 0.8979 -0.3534
vn 0.0069 0.0295 -0.9995
vn 0.5833 0.8099 -0.0616
vn 0.0610 0.0036 0.9981
vn 0.5293 -0.4460 0.7218
vn 0.4579 -0.1157 0.8814
vn -0.7246 0.4014 -0.5602
vn -0.8818 0.3411 0.3256
vn -0.9478 0.3188 -0.0029
vn -0.9217 0.3875 -0.0171
vn -0.9445 0.3284 -0.0048
vn -0.9125 0.4085 -0.0216
vn -0.9920 0.0517 0.1153
vn -0.8866 0.4435 -0.1317
vn 0.9753 0.0034 -0.2210
vn 0.1425 -0.0990 0.9848
vn 0.5497 -0.6874 0.4747
vn 0.2554 -0.7853 0.5640
vn 0.9605 0.0240 0.2771
vn 0.9626 -0.0107 0.2709
vn 0.9370 0.0987 0.3352
vn 0.0224 -0.0242 0.9995
vn 0.0154 -0.0128 0.9998
vn 0.3601 0.8207 0.4436
vn 0.3714 0.7935 0.4822
vn 0.4148 0.6964 0.5856
vn 0.5893 -0.1477 0.7943
vn -0.9556 0.1420 0.2581
vn -0.9951 0.0263 0.0957
vn -0.9362 0.3323 -0.1147
vn -0.1446 0.7246 -0.6738
vn -0.1590 0.7100 -0.6860
vn 0.8994 0.4324 -0.0646
vn 0.9940 0.0457 0.0994
vn 0.9571 0.0047 0.2896
vn 0.9557 -0.0022 0.2942
vn 0.0551 0.0011 0.9985
vn 0.6941 -0.6380 0.3334
vn 0.7072 -0.6002 0.3737
vn 0.7115 -0.5853 0.3887
vn 0.0683 -0.0203 0.9975
vn -0.9717 0.0805 0.2219
vn -0.9989 0.0308 0.0366
vn -0.5455 0.7730 -0.3240
vn -0.0956 0.9843 -0.1483
vn 0.3060 0.3874 -0.8696
vn 0.0986 -0.0005 -0.9951
vn 0.7161 -0.0005 0.6980
vn 0.1365 -0.0070 0.9906
vn -0.0163 -0.0406 0.9990
vn -0.0206 -0.0442 0.9988
vn -0.9923 -0.1180 -0.0373
vn -0.8642 0.4612 -0.2014
vn -0.0236 0.1036 -0.9943
vn 0.3269 -0.0406 0.9442
vn 0.8986 -0.0002 -0.4387
vn -0.5183 0.2876 0.8054
vn 0.3600 0.9211 0.1482
vn 0.8765 -0.0075 0.4814
vn 0.0549 -0.0103 0.9984
vn -0.0165 -0.0404 0.9990
vn -0.0253 -0.0406 0.9989
vn 0.3714 0.7934 0.4822
vn 0.5508 0.6848 0.4771
vn 0.4149 0.6963 0.5856
vn -0.8791 -0.2952 0.3741
vn -0.9153 -0.2857 0.2840
vn -0.9333 -0.2784 0.2268
vn -0.8898 0.2459 -0.3844
vn -0.2118 0.0109 0.9773
vn -0.9974 0.0360 -0.0620
vn -0.9923 0.0820 -0.0924
vn -0.6864 0.6733 -0.2750
vn -0.3857 0.7996 -0.4603
vn -0.2355 0.8634 -0.4462
vn -0.2446 0.8760 -0.4156
vn -0.5746 -0.0016 -0.8184
vn -0.3111 0.4161 0.8544
vn 0.0211 -0.0153 0.9997
vn 0.0012 -0.0242 0.9997
vn 0.0017 -0.0168 0.9999
vn 0.0073 -0.0357 0.9993
vn -0.0842 -0.9833 0.1614
vn 0.5967 0.6362 0.4892
vn -0.7415 -0.6680 0.0628
vn -0.8737 -0.2963 0.3858
vn -0.0192 -0.0003 0.9998
vn -0.0196 -0.0003 0.9998
vn 0.9643 -0.1380 0.2262
vn -0.7582 0.5940 -0.2689
vn -0.0131 -0.7776 -0.6286
vn -0.0125 -0.7749 -0.6320
vn 0.0138 0.0023 -0.9999
vn 0.0432 -0.0303 -0.9986
vn 0.6147 -0.0060 -0.7887
vn 0.9882 0.0099 -0.1527
vn 0.9184 0.1237 0.3759
vn 0.8720 0.2437 0.4245
vn 0.5116 0.1029 0.8530
vn 0.1345 -0.0085 0.9909
vn 0.0419 -0.0032 0.9991
vn 0.0352 0.0038 0.9994
vn -0.8628 -0.4971 0.0925
vn -0.7870 -0.6093 0.0963
vn -0.7871 -0.6093 0.0963
vn -0.8628 -0.4970 0.0925
vn -0.8743 -0.4777 0.0858
vn -0.9019 -0.4211 0.0964
vn 0.9422 0.0883 -0.3233
vn -0.8506 0.1215 0.5115
vn -0.0514 0.3079 -0.9500
vn 0.9989 0.0001 -0.0458
vn 0.9972 0.0318 -0.0672
vn 0.9790 0.0227 0.2025
vn 0.9855 0.0006 0.1698
vn 0.9804 0.0204 0.1961
vn 0.9488 -0.0004 0.3160
vn 0.9527 -0.0024 0.3040
vn -0.8076 0.0069 0.5897
vn -0.1164 -0.3806 0.9174
vn -0.0446 -0.0379 0.9983
vn -0.0333 -0.0384 0.9987
vn 0.0033 0.0071 1.0000
vn -0.9678 0.0623 0.2438
vn -0.9976 0.0421 -0.0556
vn -0.7570 0.5705 -0.3184
vn -0.0007 -0.9265 -0.3762
vn -0.0176 0.1803 -0.9835
vn 0.0847 0.1433 -0.9860
vn 0.0348 0.0522 -0.9980
vn 0.9859 0.0248 0.1655
vn 0.8714 0.3263 0.3663
vn 0.0135 0.0271 0.9995
vn 0.0213 0.0001 0.9998
vn -0.9744 0.2023 0.0977
vn -0.9645 0.1330 0.2281
vn 0.9884 0.0630 0.1379
vn 0.9539 -0.0054 0.3000
vn -0.8164 -0.0011 0.5775
vn 0.0323 0.0011 0.9995
vn 0.0108 -0.0015 0.9999
vn 0.6139 0.3518 0.7067
vn -0.6373 -0.0395 0.7696
vn -0.9761 0.0314 0.2148
vn -0.9804 0.1418 -0.1366
vn -0.2778 0.9462 0.1659
vn 0.9813 -0.0110 0.1924
vn 0.9855 0.0005 0.1698
vn 0.9880 0.0080 0.1540
vn 0.2537 0.0011 0.9673
vn 0.2527 0.0039 0.9675
vn 0.2591 0.0085 0.9658
vn -0.0201 0.0218 0.9996
vn -0.2657 -0.8658 0.4241
vn -0.2566 -0.8590 0.4430
vn -0.4662 -0.8537 0.2322
vn 0.6932 0.6244 0.3600
vn -0.4844 0.7580 -0.4368
vn 0.9950 0.1001 0.0013
vn -0.0418 -0.0045 -0.9991
vn 0.8126 -0.0088 0.5827
vn 0.0073 -0.0236 0.9997
vn -0.0323 -0.1919 0.9809
vn -0.2041 0.0073 0.9789
vn 0.2105 -0.0223 0.9773
vn -0.9976 0.0173 0.0670
vn -0.9907 0.0083 0.1359
vn -0.8999 0.3313 -0.2836
vn -0.5995 0.6975 -0.3924
vn 0.9628 0.0034 -0.2701
vn 0.9877 0.0081 0.1563
vn 0.9824 -0.0183 0.1861
vn 0.9841 0.0057 0.1773
vn 0.9493 0.0031 0.3143
vn 0.9576 0.0010 0.2880
vn 0.9923 0.0104 0.1233
vn 0.8190 -0.0036 0.5738
vn 0.6989 0.6261 0.3457
vn -0.2271 0.7268 -0.6482
vn -0.0355 0.0367 -0.9987
vn 0.1060 0.0032 -0.9944
vn 0.9062 -0.0012 -0.4229
vn 0.0461 -0.0094 -0.9989
vn 0.9884 -0.0376 0.1471
vn 0.9243 0.0158 0.3813
vn 0.7364 -0.0068 -0.6765
vn 0.7040 -0.0152 -0.7100
vn 0.7019 -0.0157 -0.7121
vn 0.0329 0.0111 0.9994
vn 0.0318 0.0040 0.9995
vn -0.4028 -0.8840 0.2372
vn -0.0568 -0.0374 0.9977
vn -0.0627 -0.0404 0.9972
vn -0.3997 -0.9152 0.0510
vn -0.4254 -0.9047 0.0239
vn -0.4224 -0.9060 0.0272
vn -0.9544 0.0665 0.2911
vn -0.9559 0.0328 0.2918
vn -0.8139 0.4604 -0.3543
vn -0.3510 0.9278 -0.1263
vn -0.6388 -0.0167 -0.7692
vn 0.9418 -0.0000 0.3361
vn -0.5812 -0.7766 0.2431
vn -0.2031 -0.0728 0.9764
vn -0.9528 -0.1990 0.2292
vn -0.9558 -0.2074 0.2086
vn -0.9612 -0.2294 0.1531
vn -0.4516 -0.8922 -0.0045
vn -0.9971 -0.0032 0.0761
vn -0.9773 0.0905 -0.1915
vn -0.0256 0.1217 -0.9922
vn 0.0069 0.0296 -0.9995
vn 0.9967 0.0731 0.0352
vn 0.9874 0.1190 0.1047
vn 0.9909 0.0895 0.1006
vn 0.9889 -0.0166 0.1473
vn 0.8253 -0.0036 0.5646
vn 0.0910 -0.0118 0.9958
vn 0.0725 0.0023 0.9974
vn 0.0247 -0.0018 0.9997
vn 0.0067 -0.0320 0.9995
vn -0.6547 -0.7439 0.1341
vn -1.0000 -0.0078 0.0014
vn -0.9999 -0.0084 0.0102
vn -0.9998 -0.0088 0.0158
vn -1.0000 -0.0079 0.0018
vn 0.0807 -0.0177 0.9966
vn 0.1047 -0.0214 0.9943
vn 0.0237 -0.0021 0.9997
vn -0.9914 -0.0004 0.1309
vn -0.9999 0.0119 -0.0022
vn 0.9848 -0.0326 0.1709
vn 0.9874 0.0169 0.1574
vn 0.9538 -0.0125 0.3000
vn 0.9699 -0.0013 0.2434
vn 0.0595 -0.0084 0.9982
vn 0.6878 -0.6486 0.3260
vn -0.0086 -0.0512 0.9987
vn -0.6899 -0.7236 -0.0207
vn -0.9820 0.0530 0.1810
vn 0.1135 -0.0019 0.9935
vn -0.9757 0.0108 0.2187
vn -0.9947 -0.0041 -0.1027
vn 0.9782 0.0024 -0.2077
vn 0.6423 -0.7657 0.0341
vn 0.5724 -0.8200 0.0013
vn 0.6520 -0.7573 0.0385
vn 0.9840 -0.0078 0.1778
vn 0.9694 -0.0037 0.2454
vn -0.5521 0.0019 0.8338
vn 0.1375 -0.0869 0.9867
vn 0.0234 0.0073 0.9997
vn 0.0136 -0.0011 0.9999
vn -0.6804 0.0140 0.7327
vn -0.2122 0.3559 0.9101
vn -0.6690 0.5989 -0.4401
vn 0.3873 -0.9196 0.0655
vn 0.9905 -0.0024 0.1377
vn 0.9879 0.0266 0.1527
vn 0.9858 0.0061 0.1681
vn 0.2527 0.0040 0.9675
vn 0.1642 0.0022 0.9864
vn 0.1596 0.0018 0.9872
vn 0.1851 -0.0042 0.9827
vn -0.0015 -0.0136 0.9999
vn -0.0273 -0.0465 0.9985
vn -0.1165 -0.3807 0.9174
vn -0.0834 -0.2047 0.9753
vn -0.9619 -0.2339 0.1413
vn -0.5789 -0.0965 0.8097
vn -0.9697 0.0406 0.2411
vn -0.9477 0.2511 -0.1971
vn 0.9926 0.0894 -0.0824
vn 0.9895 0.0066 0.1446
vn 0.9889 0.0039 0.1485
vn 0.6342 -0.0000 -0.7732
vn 0.6596 -0.5812 0.4766
vn 0.0075 -0.0125 0.9999
vn -0.8398 -0.4586 0.2905
vn -0.8551 -0.3629 0.3702
vn -0.8577 -0.3824 0.3438
vn 0.0200 -0.0051 0.9998
vn -0.9985 -0.0098 0.0533
vn -0.9953 0.0899 -0.0373
vn -0.9862 0.1505 -0.0696
vn -0.9994 0.0339 -0.0055
vn -0.0015 -0.0002 -1.0000
vn -0.0016 0.0005 -1.0000
vn -0.0011 0.0002 -1.0000
vn 0.6015 -0.0028 -0.7989
vn 0.9839 0.0159 0.1779
vn 0.9861 0.0377 0.1615
vn 0.8246 -0.0000 0.5657
vn 0.0017 -0.0295 0.9996
vn -0.0686 -0.1062 0.9920
vn -0.5139 -0.1891 0.8367
vn -0.6311 0.0038 0.7757
vn 0.9922 0.0001 0.1245
vn 0.9858 -0.0041 0.1678
vn 0.6581 0.7467 0.0967
vn 0.7826 0.5989 0.1696
vn 0.7908 0.5865 0.1749
vn 0.9917 0.0038 0.1282
vn 0.9737 0.1992 0.1102
vn 0.9677 0.2058 0.1454
vn 0.9497 -0.3124 0.0198
vn 0.6332 0.7694 0.0834
vn 0.6327 0.0001 -0.7744
vn 0.7680 -0.0096 0.6404
vn 0.8764 -0.0075 0.4814
vn 0.8253 -0.0036 0.5647
vn -0.0016 -0.0369 0.9993
vn -0.0015 -0.0249 0.9997
vn -0.2099 -0.1938 0.9583
vn -0.7899 -0.4245 0.4426
vn -0.8059 -0.4753 0.3531
vn 0.0439 0.0195 0.9988
vn 0.7355 -0.0060 0.6775
vn 0.7359 -0.0060 0.6771
vn 0.7601 -0.0040 0.6498
vn -0.9932 -0.0002 0.1161
vn -0.9985 -0.0098 0.0532
vn -0.9698 0.1275 -0.2079
vn 0.3198 -0.8993 -0.2984
vn 0.2847 -0.8564 -0.4307
vn 0.3177 -0.8971 -0.3071
vn -0.7448 0.0004 -0.6673
vn 0.8324 0.0974 -0.5455
vn 0.9544 -0.0095 0.2982
vn 0.0087 0.0001 1.0000
vn 0.0461 0.0225 0.9987
vn -0.4130 0.4168 -0.8097
vn -0.9865 0.0248 -0.1621
vn -0.0143 0.1289 -0.9916
vn 0.2809 -0.8511 -0.4435
vn 0.9988 0.0264 0.0404
vn 0.9994 0.0238 0.0245
vn 0.9852 0.0096 0.1713
vn 0.9981 -0.0606 0.0143
vn 0.9954 0.0178 0.0939
vn 0.9991 0.0391 0.0174
vn 0.9948 -0.0191 0.0996
vn 0.9793 -0.0101 0.2023
vn 0.9862 -0.0179 0.1647
vn 0.0040 -0.0080 1.0000
vn -0.6945 -0.7160 -0.0708
vn 0.7601 -0.0039 0.6497
vn 0.7360 -0.0060 0.6769
vn 0.7596 -0.0038 0.6503
vn 0.0850 -0.0022 0.9964
vn -0.9792 0.0027 0.2029
vn -0.9976 -0.0106 -0.0678
vn -0.6044 0.7951 0.0497
vn -0.0755 0.1566 -0.9848
vn 0.1086 -0.0039 -0.9941
vn 0.9913 0.0310 -0.1278
vn 0.6113 -0.7909 -0.0290
vn 0.6296 -0.7604 0.1596
vn 0.9973 -0.0118 0.0723
vn 0.9988 -0.0424 -0.0225
vn 0.9693 -0.0053 0.2459
vn -0.7374 0.0017 0.6754
vn 0.0696 -0.0037 0.9976
vn 0.0110 -0.0072 0.9999
vn -0.7901 -0.3667 0.4912
vn 0.7962 0.4035 0.4508
vn 0.0443 0.0243 0.9987
vn 0.0460 0.0225 0.9987
vn -0.5474 -0.1553 0.8223
vn -0.9549 0.0117 0.2967
vn -0.9531 0.0171 0.3022
vn -0.5220 0.7968 0.3044
vn -0.0001 -0.0000 -1.0000
vn 0.9957 0.0032 0.0927
vn 0.9909 0.0396 0.1288
vn 0.9892 -0.0143 0.1460
vn 0.9882 0.0194 0.1521
vn 0.8779 -0.4499 0.1639
vn 0.9427 -0.3104 0.1225
vn 0.8873 -0.4330 0.1587
vn 0.9923 0.0065 0.1240
vn 0.9999 -0.0155 -0.0016
vn 0.9995 -0.0116 -0.0290
vn 0.9878 0.0753 0.1363
vn 0.9869 0.0050 0.1611
vn 0.3128 0.6769 -0.6663
vn 0.9918 -0.0133 0.1273
vn 0.9982 -0.0182 -0.0566
vn 0.9232 -0.0655 -0.3787
vn 0.8662 -0.0048 -0.4997
vn 0.8718 -0.0100 -0.4898
vn 0.8291 0.0010 0.5591
vn 0.1933 -0.0061 0.9811
vn 0.0148 0.0045 0.9999
vn -0.1330 -0.1049 0.9856
vn -0.8491 0.4498 -0.2767
vn -0.2308 0.3582 -0.9047
vn -0.2369 0.3566 -0.9037
vn -0.2199 0.3366 -0.9156
vn 0.9991 -0.0263 0.0342
vn 0.9575 -0.0004 0.2885
vn 0.6576 -0.5770 0.4844
vn -0.0003 -0.0153 0.9999
vn -0.0199 0.3571 0.9339
vn -0.1828 0.9422 -0.2807
vn -0.9979 -0.0080 0.0648
vn -0.9037 0.2370 -0.3566
vn 0.9901 -0.0099 0.1398
vn 0.9496 -0.0070 0.3134
vn 0.0927 -0.0027 0.9957
vn -0.1094 0.0018 0.9940
vn -0.0959 0.0011 0.9954
vn -0.2117 0.0109 0.9773
vn -0.9996 0.0254 0.0076
vn -0.9653 -0.0063 0.2612
vn -0.2865 0.0065 0.9581
vn -0.2025 0.0212 0.9791
vn -0.2088 0.0204 0.9777
vn -0.9474 0.0464 -0.3168
vn 0.2597 -0.0649 -0.9635
vn 0.9346 0.0161 -0.3554
vn 0.5467 -0.8339 -0.0761
vn 0.9991 0.0412 -0.0040
vn 0.9977 0.0245 -0.0635
vn 0.9979 0.0047 0.0652
vn 0.9936 0.0742 0.0852
vn -0.2935 0.1111 -0.9495
vn 0.9975 0.0208 0.0675
vn 0.9492 0.0961 0.2995
vn 0.2928 0.9560 0.0153
vn 0.3212 0.9440 0.0753
vn 0.2745 0.9607 0.0403
vn 0.9905 0.0641 0.1218
vn 0.9884 -0.0281 0.1490
vn 0.9555 -0.0790 0.2844
vn 0.9841 -0.0143 0.1768
vn -0.0032 -0.0017 1.0000
vn -0.0184 -0.0030 0.9998
vn -0.0170 -0.0029 0.9999
vn 0.0179 0.0109 0.9998
vn 0.0122 0.0085 0.9999
vn 0.0058 -0.0066 1.0000
vn -0.0059 -0.0267 0.9996
vn -0.0074 -0.0415 0.9991
vn -0.0307 -0.0159 0.9994
vn -0.1761 -0.1063 0.9786
vn -0.4500 -0.1935 0.8718
vn -0.9823 -0.0071 0.1869
vn -0.9944 -0.0021 0.1060
vn -0.2917 0.0021 0.9565
vn -0.9993 0.0074 0.0361
vn -0.9953 0.0009 -0.0971
vn 0.9995 0.0193 -0.0256
vn 0.9994 0.0253 0.0247
vn 0.9952 0.0433 0.0872
vn 0.9975 -0.0708 -0.0077
vn 0.9977 0.0422 0.0539
vn 0.9993 0.0155 0.0336
vn 0.3313 0.9402 0.0789
vn 0.9539 -0.0150 0.2998
vn -0.2766 -0.2435 0.9296
vn -0.4768 -0.1932 0.8575
vn -0.9979 -0.0016 0.0645
vn -0.5034 0.5739 -0.6459
vn 0.3835 -0.0100 -0.9235
vn 0.3778 -0.0095 -0.9259
vn 0.0743 0.0052 -0.9972
vn 0.9834 -0.0120 -0.1812
vn 0.9964 -0.0034 0.0849
vn 0.8990 -0.4364 -0.0375
vn 0.9568 -0.1599 0.2427
vn 0.9873 0.0051 0.1591
vn -0.0031 -0.0102 0.9999
vn -0.0094 -0.0114 0.9999
vn -0.0168 -0.0402 0.9991
vn 0.9708 0.0116 -0.2396
vn 0.9933 -0.0265 0.1127
vn 0.9994 -0.0211 -0.0285
vn 0.2387 -0.9596 0.1493
vn -0.0234 0.0019 0.9997
vn 0.7817 0.0015 0.6236
vn -0.7042 0.0126 0.7098
vn 0.0123 0.0073 0.9999
vn 0.0341 0.0040 0.9994
vn -0.9580 0.0054 -0.2867
vn -0.8345 0.3651 -0.4127
vn -0.8003 0.5943 -0.0792
vn -0.1533 0.2267 -0.9618
vn -0.0014 -0.0000 -1.0000
vn 0.9998 0.0163 -0.0068
vn 0.9986 0.0524 0.0119
vn 0.9950 0.0070 0.0995
vn 0.2025 -0.0015 0.9793
vn -0.7635 -0.0715 0.6418
vn -0.9963 0.0046 -0.0859
vn -0.9484 0.0154 -0.3166
vn -0.2307 0.3582 -0.9047
vn -0.2199 0.3365 -0.9156
vn -0.1765 0.1986 -0.9640
vn 0.4619 -0.6728 -0.5779
vn 0.7334 0.2371 0.6371
vn 0.9636 0.0313 -0.2655
vn -0.2085 0.7195 0.6625
vn -0.1794 -0.0944 0.9792
vn 0.7518 -0.0079 0.6593
vn 0.6965 0.0060 0.7175
vn -0.8873 -0.0109 0.4611
vn -0.8837 -0.0039 0.4680
vn -0.8741 0.0140 0.4855
vn -0.9999 0.0106 0.0130
vn -0.9965 0.0012 0.0835
vn -0.9990 -0.0373 0.0236
vn -0.0310 0.1659 -0.9857
vn 0.9881 0.0234 0.1517
vn 1.0000 -0.0012 -0.0095
vn 0.9993 -0.0230 -0.0280
vn 0.9975 0.0593 -0.0385
vn 0.9806 -0.1662 -0.1037
vn 0.9862 -0.0204 0.1641
vn 0.9518 -0.0085 0.3067
vn 0.9303 -0.0749 -0.3591
vn 0.8886 -0.0062 0.4587
vn 0.3477 -0.4017 0.8472
vn 0.0061 0.0081 0.9999
vn 0.0067 0.0063 1.0000
vn 0.0017 -0.0042 1.0000
vn -0.1873 0.0049 0.9823
vn -0.6723 0.0017 0.7403
vn -0.9867 0.0069 0.1624
vn -1.0000 0.0001 -0.0053
vn -0.8206 0.5287 0.2170
vn 0.7400 -0.6550 -0.1531
vn 0.5259 -0.8458 -0.0895
vn 0.5466 -0.8339 -0.0761
vn 0.9997 0.0108 0.0237
vn 0.9998 -0.0214 0.0055
vn 0.9987 -0.0209 -0.0463
vn 0.1967 0.0044 0.9804
vn -0.9097 0.1479 -0.3881
vn 0.0015 -0.0000 -1.0000
vn -0.7121 0.0092 -0.7020
vn 0.9911 0.0713 0.1126
vn -0.1799 -0.5671 0.8037
vn 0.4016 0.0362 0.9151
vn 0.9814 0.0588 0.1827
vn 0.9862 -0.0159 0.1646
vn 0.7990 -0.0046 0.6013
vn -0.6513 0.0040 0.7588
vn 0.0980 -0.0143 0.9951
vn 0.1138 -0.0121 0.9934
vn 0.0181 0.0104 0.9998
vn 0.0233 0.0074 0.9997
vn 0.0108 0.0080 0.9999
vn 0.0002 0.0038 1.0000
vn -0.0170 0.0027 0.9999
vn -0.9979 -0.0045 0.0646
vn -0.5037 0.0150 -0.8637
vn -0.8676 0.0926 -0.4886
vn -0.1630 0.1626 -0.9731
vn 0.6011 -0.7334 -0.3176
vn 0.9948 -0.0271 0.0985
vn 0.9966 -0.0110 0.0817
vn 0.9981 0.0379 0.0485
vn 0.9786 -0.0318 0.2034
vn -0.0215 0.0030 0.9998
vn -0.6631 -0.0041 0.7485
vn 0.6925 0.0068 0.7214
vn -0.7100 0.5245 -0.4699
vn 0.6898 0.0119 -0.7239
vn 0.0428 -0.0100 -0.9990
vn 0.9961 0.0098 -0.0881
vn 0.9992 -0.0079 0.0386
vn 0.9988 0.0014 0.0485
vn 0.9817 -0.1639 0.0967
vn 0.9869 0.0240 -0.1595
vn 0.9975 -0.0709 -0.0077
vn 0.9993 0.0154 0.0336
vn 0.9739 -0.2047 0.0978
vn 0.9529 -0.2904 0.0874
vn 0.9882 -0.0916 0.1227
vn 0.9496 -0.0027 0.3133
vn -0.0140 -0.0153 0.9998
vn -0.0793 -0.0221 0.9966
vn -0.1557 -0.0053 0.9878
vn 0.9993 0.0056 -0.0359
vn 0.9993 -0.0020 0.0362
vn 0.9996 0.0154 -0.0228
vn 0.9049 -0.4177 0.0816
vn 0.9529 -0.2905 0.0875
vn 0.9902 -0.0870 0.1096
vn 0.9846 -0.1512 0.0883
vn 0.9681 0.0003 0.2507
vn 0.9831 0.1828 0.0139
vn 0.1848 0.0061 0.9828
vn -0.0002 -0.0023 1.0000
vn -0.0033 0.0012 1.0000
vn -0.7347 -0.3017 0.6076
vn -0.9604 0.0098 0.2786
vn -1.0000 0.0002 -0.0053
vn -0.9983 -0.0502 0.0286
vn -0.9874 0.0495 -0.1506
vn -0.9389 0.3182 -0.1310
vn -0.9336 0.3255 -0.1498
vn -0.9586 0.2817 -0.0411
vn 0.9756 0.0042 -0.2196
vn 0.9881 0.0823 0.1299
vn 0.9817 -0.1638 0.0966
vn 0.9808 -0.1839 0.0645
vn 0.9995 -0.0170 -0.0260
vn 0.9868 0.1589 -0.0328
vn 0.4382 0.8987 0.0163
vn 0.9946 -0.0973 0.0373
vn 0.9663 -0.0733 0.2466
vn 0.9785 -0.0281 0.2045
vn 0.0030 -0.0010 1.0000
vn -0.9631 0.0115 0.2688
vn -0.2305 -0.0124 -0.9730
vn -0.5983 0.1319 -0.7903
vn -0.6601 0.2930 -0.6917
vn -0.6544 0.2883 -0.6990
vn 0.0273 -0.0370 -0.9989
vn -0.0062 0.0075 -1.0000
vn 0.0346 -0.0626 -0.9974
vn -0.1655 0.1539 -0.9741
vn -0.1765 0.1986 -0.9641
vn 0.6819 -0.0924 -0.7256
vn 0.9794 0.0140 -0.2014
vn 0.4545 0.8906 0.0182
vn 0.7986 -0.0149 -0.6017
vn 0.7976 -0.0150 -0.6030
vn 0.8556 -0.0108 -0.5176
vn 0.1797 0.0082 0.9837
vn -0.0680 -0.0000 0.9977
vn -0.8702 0.0209 0.4922
vn -0.9957 -0.0106 0.0918
vn -0.9938 0.0019 -0.1115
vn -0.9962 0.0036 -0.0871
vn 0.9055 -0.0019 -0.4243
vn -0.3669 -0.5535 -0.7477
vn 0.9977 0.0069 -0.0675
vn 0.9995 0.0032 -0.0308
vn 0.9981 -0.0231 0.0570
vn 0.9998 -0.0093 -0.0181
vn -0.7886 0.0108 0.6148
vn -0.0058 -0.0044 1.0000
vn -0.6722 0.0017 0.7403
vn -0.6313 0.0038 0.7755
vn -0.6729 0.0016 0.7397
vn -0.9967 -0.0039 -0.0812
vn -0.9614 0.2742 -0.0236
vn 0.7098 -0.5078 -0.4882
vn -0.9496 0.0189 0.3129
vn 0.9933 0.0081 0.1155
vn -0.3909 0.0468 0.9193
vn -0.6393 0.0368 0.7681
vn -0.0049 -0.0022 1.0000
vn -0.0032 0.0050 1.0000
vn -0.9977 0.0028 0.0684
vn -0.9983 -0.0502 0.0287
vn -0.9778 -0.1795 0.1086
vn -0.6274 0.2403 -0.7407
vn 0.9992 -0.0274 0.0291
vn 0.7505 -0.6608 0.0073
vn 0.7210 -0.6905 -0.0580
vn 0.7541 -0.6567 0.0082
vn 0.9666 -0.2559 0.0171
vn 0.9730 -0.1806 0.1438
vn 0.9568 -0.0086 0.2905
vn 0.1321 -0.0146 0.9911
vn -0.9841 -0.0016 0.1777
vn -0.1235 -0.0183 0.9922
vn 0.1315 -0.2040 -0.9701
vn 0.3253 -0.1263 -0.9372
vn 0.1691 -0.1898 -0.9671
vn 0.3496 -0.1156 -0.9297
vn 0.9997 0.0060 -0.0220
vn 0.9984 -0.0196 -0.0529
vn 0.9790 -0.0571 0.1957
vn -0.0168 0.0052 0.9998
vn -0.0301 -0.0189 0.9994
vn -0.9710 -0.0080 0.2390
vn -0.9725 -0.0075 0.2326
vn -0.9960 -0.0062 0.0895
vn -0.1158 -0.0191 0.9931
vn 0.9974 -0.0020 -0.0722
vn 0.9995 0.0192 -0.0246
vn 0.9532 -0.2970 0.0571
vn 0.9425 -0.3058 0.1352
vn 0.9772 -0.0942 0.1902
vn 0.9301 -0.0210 0.3667
vn 0.1721 0.0207 0.9849
vn 0.1737 0.0159 0.9847
vn -0.6066 0.0238 0.7946
vn 0.7708 0.0049 0.6371
vn -0.1056 0.0006 0.9944
vn -0.3529 -0.4435 0.8239
vn -0.9974 0.0212 -0.0693
vn -0.9965 -0.0044 -0.0834
vn -0.9963 0.0291 -0.0805
vn -0.9713 0.0736 -0.2261
vn -0.9657 0.0795 -0.2472
vn 0.4909 -0.2650 -0.8300
vn -0.1618 0.0001 -0.9868
vn 0.0126 -0.0017 -0.9999
vn 0.9901 -0.0014 -0.1403
vn 0.9961 0.0843 0.0258
vn 0.9681 -0.0337 0.2484
vn 0.0388 -0.8798 -0.4738
vn -0.1556 -0.0053 0.9878
vn -0.1642 -0.0090 0.9864
vn 0.7340 -0.0052 0.6791
vn -0.0108 0.0022 0.9999
vn -0.9768 -0.0060 0.2139
vn -0.9973 0.0079 0.0729
vn -0.9976 -0.0051 0.0693
vn -0.2186 0.3873 0.8957
vn -0.9942 0.0153 -0.1069
vn -0.6833 0.0266 -0.7296
vn -0.1211 0.0091 -0.9926
vn 0.9150 -0.2830 -0.2876
vn -0.8709 0.4915 -0.0029
vn 0.6723 -0.0041 -0.7402
vn 0.9835 0.0618 -0.1701
vn 0.9785 -0.0329 0.2035
vn 0.9449 -0.1100 0.3083
vn 0.1039 0.0027 0.9946
vn -0.0456 -0.0142 0.9989
vn -0.9867 0.0141 0.1618
vn -0.9152 0.0105 -0.4029
vn 0.9986 -0.0024 -0.0531
vn 0.9999 -0.0123 -0.0112
vn 0.7227 -0.6859 -0.0847
vn 0.9753 -0.2174 -0.0382
vn 0.9810 -0.1941 -0.0013
vn 0.0317 0.0040 0.9995
vn 0.0021 0.0157 0.9999
vn -0.0017 0.0012 1.0000
vn -0.0324 -0.0064 0.9995
vn -0.1008 0.0109 0.9948
vn -0.9968 -0.0052 0.0796
vn -0.9972 -0.0062 0.0750
vn -0.8620 -0.0102 0.5068
vn -0.9898 0.0739 -0.1218
vn -0.1432 0.0034 -0.9897
vn -0.0063 0.0075 -1.0000
vn -0.7101 0.0096 -0.7041
vn 0.9998 -0.0004 -0.0222
vn 0.9996 -0.0019 -0.0280
vn 0.9978 0.0608 -0.0255
vn 0.8347 -0.0059 -0.5507
vn -0.6335 0.0184 0.7735
vn -0.0063 -0.0104 0.9999
vn -0.0037 0.0039 1.0000
vn -0.5863 0.5923 0.5526
vn -0.9990 0.0392 0.0213
vn -0.9833 0.1587 0.0896
vn -0.9978 0.0590 0.0304
vn -0.1759 0.3442 -0.9223
vn -0.9397 0.0081 -0.3420
vn -0.9868 0.0008 -0.1621
vn 0.8357 -0.0161 -0.5489
vn 0.9987 -0.0002 -0.0517
vn 0.9964 -0.0196 -0.0831
vn 0.8970 -0.4400 0.0422
vn 0.8817 -0.4430 0.1625
vn 0.9321 -0.2898 0.2170
vn 0.9642 -0.0672 0.2567
vn -0.5522 -0.0156 0.8336
vn -0.5293 -0.0010 0.8484
vn -0.5638 -0.0179 0.8257
vn -0.1775 -0.2531 0.9510
vn -0.0196 -0.0019 0.9998
vn -0.5681 -0.0069 0.8230
vn -0.5642 -0.0077 0.8256
vn -0.5747 -0.0030 0.8183
vn 0.9081 0.0047 -0.4188
vn 0.9009 -0.4188 -0.1141
vn 0.9542 -0.1968 0.2253
vn -0.2419 0.0171 0.9702
vn 0.8847 0.0004 -0.4662
vn -0.5668 -0.0174 0.8237
vn -0.9463 0.0057 -0.3231
vn -0.7029 0.0170 -0.7110
vn 0.9988 0.0148 -0.0460
vn 0.9982 -0.0115 -0.0584
vn 0.9822 -0.0262 -0.1859
vn 0.9494 -0.1169 0.2913
vn 0.0701 -0.0013 0.9975
vn 0.3717 0.6498 -0.6630
vn -0.0835 0.0141 0.9964
vn -0.9960 -0.0006 0.0890
vn -0.9977 -0.0036 0.0676
vn -0.9741 -0.0015 -0.2260
vn -0.9101 0.0022 -0.4143
vn 0.7230 -0.6769 -0.1379
vn 0.7238 -0.6756 -0.1400
vn 0.9779 -0.2040 -0.0453
vn -0.0564 -0.2490 0.9669
vn -0.0056 0.0138 0.9999
vn 0.2809 -0.0735 -0.9569
vn 0.9993 -0.0032 -0.0373
vn 0.9556 0.0180 -0.2942
vn 0.9906 -0.0175 -0.1357
vn 0.5751 0.6685 0.4716
vn 0.8783 -0.3894 0.2773
vn -0.0471 -0.0102 0.9988
vn -0.9431 -0.0000 0.3325
vn -0.9544 -0.0008 0.2987
vn -0.8174 0.1067 0.5661
vn -0.9822 -0.0101 0.1877
vn -0.9983 0.0017 0.0588
vn -0.2116 0.0474 0.9762
vn -0.2350 0.0430 0.9710
vn -0.4015 0.0063 0.9158
vn -0.2351 0.0430 0.9710
vn -0.2929 -0.0087 0.9561
vn -0.4016 0.0063 0.9158
vn 0.9942 -0.0073 -0.1075
vn 0.9559 -0.2928 -0.0215
vn 0.9557 -0.2934 -0.0211
vn 0.9534 -0.3007 -0.0249
vn 0.9468 -0.3195 -0.0398
vn 0.9444 -0.0950 0.3149
vn 0.8941 0.0048 0.4478
vn 0.8994 0.0055 0.4371
vn 0.0663 0.0309 0.9973
vn -0.0137 0.0013 0.9999
vn -0.9585 0.0042 0.2851
vn -0.9811 0.0032 0.1936
vn -0.0000 -0.0000 -0.0000
vn -1.0000 -0.0000 -0.0026
vn 0.7746 -0.0196 -0.6321
vn 0.7715 -0.0202 -0.6359
vn 0.8301 -0.0088 -0.5576
vn -0.1126 0.0099 -0.9936
vn 0.9700 -0.0097 -0.2430
vn 0.9955 -0.0150 -0.0939
vn 0.8639 -0.3569 0.3555
vn 0.9175 -0.2870 0.2753
vn -0.5660 0.0085 0.8243
vn 0.8237 -0.0041 0.5670
vn 0.0012 0.0095 1.0000
vn -0.9609 -0.0048 -0.2769
vn 0.9978 -0.0039 -0.0655
vn 0.9739 0.0038 0.2269
vn 0.9595 0.0258 0.2804
vn 0.9573 0.0294 0.2877
vn 0.0180 -0.7778 0.6282
vn -0.1191 0.0126 0.9928
vn -0.7686 0.0283 -0.6390
vn -0.7121 0.0238 -0.7017
vn -0.7175 0.0242 -0.6961
vn -0.9935 0.0002 -0.1136
vn -0.9813 0.0026 -0.1927
vn -0.9904 -0.0014 -0.1382
vn -0.2555 0.0051 -0.9668
vn 0.6722 -0.0041 -0.7403
vn 0.4692 0.0006 -0.8831
vn 0.9975 -0.0110 -0.0691
vn 0.9510 0.0897 -0.2958
vn 0.9172 -0.2164 0.3345
vn 0.0013 -0.7800 0.6258
vn -0.9967 0.0046 0.0816
vn -0.9995 -0.0291 -0.0077
vn -0.9907 0.0006 -0.1363
vn -0.1529 0.0067 -0.9882
vn 0.8781 -0.4754 -0.0543
vn 0.8395 -0.5361 0.0885
vn 0.0293 0.8246 0.5649
vn -0.0390 -0.0063 0.9992
vn 0.2221 0.0047 -0.9750
vn -0.6172 -0.0024 -0.7868
vn -0.6264 0.0018 -0.7795
vn -0.6258 0.0013 -0.7800
vn 0.4330 0.0842 -0.8975
vn 0.8025 -0.5834 0.1247
vn 0.7771 -0.5793 0.2462
vn -0.4031 0.0487 0.9139
vn -0.0922 0.0298 0.9953
vn -0.9927 -0.0055 0.1202
vn -0.9982 0.0070 0.0603
vn -0.7687 0.0283 -0.6390
vn -0.8572 0.0360 -0.5137
vn 0.8029 -0.0021 -0.5962
vn 0.9798 -0.0119 -0.1997
vn 0.8885 -0.4583 -0.0221
vn 0.8412 -0.4673 0.2719
vn 0.1693 0.0282 0.9852
vn -0.4480 0.0273 0.8936
vn 0.7583 -0.0006 0.6519
vn -0.0290 -0.0050 0.9996
vn -0.2519 -0.0032 0.9677
vn -0.9842 -0.0232 0.1755
vn -0.2801 -0.0190 0.9598
vn -0.9998 -0.0034 0.0199
vn 0.9692 -0.0184 0.2458
vn -0.5185 0.0014 0.8550
vn -0.0006 0.6364 0.7713
vn -0.8882 0.0327 0.4583
vn -0.9958 0.0285 0.0869
vn -0.9974 0.0083 0.0720
vn 0.7912 -0.0030 -0.6116
vn 0.9493 -0.0242 -0.3133
vn 0.4753 0.0061 0.8798
vn 0.4367 -0.0131 0.8995
vn 0.4404 -0.0122 0.8977
vn -0.0099 0.0249 0.9996
vn -0.9981 0.0056 0.0615
vn -0.7583 0.0053 -0.6519
vn -0.1553 -0.0002 -0.9879
vn 0.9753 -0.1905 -0.1117
vn -0.0401 -0.0005 0.9992
vn 0.0745 -0.0259 0.9969
vn 0.1697 -0.0233 0.9852
vn 0.0201 -0.0113 0.9997
vn -0.9452 -0.0014 -0.3265
vn -0.9471 -0.0000 -0.3210
vn 0.9948 -0.0000 -0.1023
vn 0.9946 -0.0065 -0.1040
vn 0.9900 -0.0125 -0.1405
vn 0.8859 -0.4456 -0.1293
vn -0.1514 0.0489 0.9873
vn -0.1389 0.0389 0.9895
vn -0.2473 0.1291 0.9603
vn 0.0301 0.0222 0.9993
vn -0.9981 0.0074 0.0604
vn -0.9075 0.0017 -0.4200
vn 0.9957 0.0029 -0.0922
vn 0.9876 -0.0091 -0.1567
vn 0.1727 -0.0132 0.9849
vn 0.0663 0.0310 0.9973
vn 0.1249 0.0224 0.9919
vn -0.0834 0.0248 0.9962
vn -0.6951 0.0122 0.7189
vn -0.9876 -0.0055 0.1571
vn 0.9783 -0.0240 -0.2058
vn 0.9815 -0.1458 -0.1242
vn 0.7934 -0.5027 0.3432
vn 0.8837 -0.3288 0.3331
vn 0.9092 -0.2517 0.3317
vn 0.9511 0.0021 0.3087
vn 0.8809 -0.4704 -0.0523
vn 0.0564 -0.0144 0.9983
vn -0.0390 -0.0042 0.9992
vn 0.7727 0.0055 0.6348
vn -0.9962 -0.0025 0.0866
vn 0.1630 -0.0697 -0.9842
vn 0.9944 -0.0007 -0.1055
vn 0.9942 -0.0092 -0.1069
vn 0.9884 0.0853 -0.1259
vn 0.9713 0.0407 -0.2342
vn 0.7090 -0.6888 0.1510
vn 0.8311 -0.5535 0.0536
vn 0.4753 0.0141 0.8797
vn -0.5146 0.0012 0.8574
vn -0.5063 0.0905 0.8576
vn -0.9609 0.0048 0.2770
vn -0.9966 -0.0075 -0.0824
vn -0.9943 -0.0069 -0.1064
vn 0.9600 0.2724 -0.0643
vn 0.9424 0.3273 -0.0683
vn 0.9785 -0.0165 -0.2057
vn 0.9773 -0.0115 -0.2115
vn 0.8824 -0.3809 -0.2763
vn 0.8790 -0.3972 -0.2638
vn 0.9336 -0.2020 -0.2960
vn 0.7234 -0.6756 -0.1424
vn 0.8122 -0.5816 -0.0452
vn 0.9474 -0.0262 -0.3189
vn 0.0013 -0.0004 1.0000
vn -0.0002 -0.0034 1.0000
vn 0.0012 -0.0019 1.0000
vn -0.3698 0.4730 -0.7997
vn 0.5413 -0.0065 0.8408
vn 0.5407 -0.0064 0.8412
vn 0.5602 -0.0077 0.8283
vn -0.9880 -0.0125 0.1540
vn -0.9957 -0.0043 -0.0925
vn 0.9770 -0.0134 -0.2129
vn 0.7267 -0.6824 0.0788
vn -0.6969 -0.6632 0.2730
vn -0.6967 -0.6493 0.3051
vn -0.6398 -0.6534 0.4046
vn -0.0692 -0.0043 0.9976
vn -0.9980 0.0002 0.0629
vn -0.9976 0.0248 0.0639
vn -0.3532 0.0043 0.9356
vn 0.8712 -0.4877 -0.0564
vn 0.9919 0.0695 -0.1064
vn 0.8087 -0.4431 0.3868
vn 0.9440 -0.0267 -0.3290
vn -0.0061 0.0372 0.9993
vn 0.9447 0.0049 0.3280
vn 0.2511 -0.3353 0.9080
vn -0.7417 -0.6656 0.0823
vn -0.7428 -0.6656 0.0722
vn -0.9864 0.0230 0.1629
vn -0.9811 -0.0132 -0.1930
vn -0.9908 0.0034 -0.1351
vn -0.8684 -0.0249 -0.4952
vn 0.7817 0.0005 -0.6236
vn 0.9227 -0.0094 -0.3853
vn 0.9877 -0.0025 -0.1563
vn 0.9319 0.0118 -0.3624
vn 0.8626 -0.4994 -0.0809
vn 0.7966 -0.4644 -0.3870
vn 0.9740 -0.0217 0.2253
vn -0.5758 -0.7102 -0.4051
vn -0.6333 -0.6517 0.4174
vn -0.2247 -0.0060 0.9744
vn -0.9898 -0.1141 -0.0853
vn 0.8099 0.0010 -0.5866
vn 0.7241 -0.6309 0.2786
vn -0.4837 0.0369 0.8745
vn -0.4481 0.0274 0.8936
vn -0.4812 0.0364 0.8759
vn -0.9974 0.0204 0.0691
vn 0.9790 -0.0096 -0.2035
vn 0.9404 -0.3218 -0.1100
vn 0.8168 -0.5765 -0.0241
vn -0.1711 0.1257 0.9772
vn 0.0572 -0.0241 0.9981
vn -0.1202 -0.0033 0.9927
vn -0.9566 0.0012 0.2915
vn -0.9970 -0.0161 0.0757
vn -0.3224 0.0001 -0.9466
vn 0.9858 0.0074 -0.1677
vn 0.9598 0.0024 -0.2806
vn 0.6870 -0.7255 0.0399
vn 0.8167 -0.5765 -0.0241
vn 0.0558 -0.9960 0.0699
vn -0.4811 0.0363 0.8759
vn -0.0005 -0.0006 1.0000
vn 0.0006 0.0001 1.0000
vn 0.0024 -0.0000 1.0000
vn -0.1948 -0.0245 0.9805
vn -0.9979 0.0215 0.0611
vn -0.9828 -0.0074 -0.1847
vn -0.9188 -0.0024 -0.3948
vn -0.2661 0.0100 -0.9639
vn 0.4759 0.0036 -0.8795
vn 0.9554 -0.0165 -0.2949
vn 0.9886 -0.0212 -0.1488
vn 0.3262 -0.9257 0.1913
vn -0.0494 -0.0031 0.9988
vn -0.0366 -0.0001 0.9993
vn -0.3583 0.0049 0.9336
vn 0.7905 0.0074 -0.6124
vn 0.9572 -0.1467 -0.2497
vn -0.1733 0.1501 0.9734
vn 0.8250 -0.4334 0.3628
vn 0.4643 -0.1004 -0.8800
vn 0.4716 0.0243 0.8815
vn -0.5122 -0.0009 0.8588
vn -0.6366 0.0218 0.7709
vn -0.6785 -0.3371 -0.6527
vn -0.9908 -0.0007 -0.1353
vn -0.9836 -0.0015 -0.1803
vn -0.9766 0.0068 -0.2152
vn 0.9428 -0.2163 -0.2535
vn 0.6438 -0.7565 0.1145
vn -0.9924 -0.0030 -0.1227
vn 0.0009 0.0002 -1.0000
vn 0.0003 -0.0000 -1.0000
vn 0.5891 -0.7365 0.3325
vn 0.6684 -0.7048 0.2378
vn 0.6672 -0.7141 0.2120
vn 0.6261 0.0037 0.7798
vn 0.7441 -0.0122 0.6680
vn 0.7484 -0.0128 0.6631
vn -0.0274 0.0060 0.9996
vn -0.2204 -0.0069 0.9754
vn -0.6979 0.0126 0.7161
vn -0.9747 0.0095 0.2232
vn -0.9884 -0.0251 0.1495
vn -0.9962 -0.0043 0.0873
vn -0.9142 0.0216 -0.4047
vn -0.6481 -0.0009 -0.7615
vn 0.9957 -0.0039 -0.0929
vn 0.9848 0.0091 -0.1735
vn 0.9599 -0.0129 -0.2800
vn 0.9591 -0.0153 -0.2826
vn 0.9623 -0.0155 -0.2716
vn 0.9152 -0.0863 -0.3936
vn 0.6226 -0.7811 0.0470
vn 0.6438 -0.7566 0.1145
vn -0.0402 -0.9161 0.3989
vn -0.0446 -0.0066 0.9990
vn -0.0445 -0.0067 0.9990
vn -0.0447 0.0007 0.9990
vn -0.9740 -0.0100 0.2261
vn -0.9773 -0.1650 -0.1331
vn -0.9995 -0.0292 -0.0077
vn -0.9375 -0.0040 -0.3480
vn -0.2814 0.0090 -0.9595
vn -0.0009 0.0002 -1.0000
vn 0.8945 -0.0080 -0.4470
vn -0.2096 -0.5520 0.8071
vn 0.6719 -0.0624 0.7380
vn 0.6857 -0.0195 0.7276
vn 0.6547 -0.0544 0.7539
vn 0.5859 -0.0009 0.8104
vn -0.9704 0.0099 0.2411
vn -0.9953 -0.0054 -0.0972
vn -0.1323 0.0008 -0.9912
vn 0.9740 -0.0104 -0.2264
vn 0.7140 -0.6971 -0.0659
vn 0.5890 -0.7365 0.3325
vn 0.6081 -0.7326 0.3058
vn 0.7622 -0.5754 0.2967
vn 0.8431 -0.1673 0.5111
vn 0.0022 0.0006 1.0000
vn -0.0101 0.0087 0.9999
vn -0.9148 0.3724 -0.1564
vn -0.9844 0.0027 0.1761
vn -0.9977 0.0078 0.0676
vn -0.9977 0.0008 0.0678
vn -0.9995 -0.0326 0.0054
vn -0.9971 -0.0106 -0.0757
vn 0.9465 0.0022 -0.3226
vn 0.9811 0.0029 -0.1937
vn 0.5958 -0.7903 0.1427
vn 0.6307 -0.7751 -0.0370
vn 0.8249 -0.4334 0.3628
vn 0.7123 -0.5724 0.4061
vn 0.8837 -0.3289 0.3331
vn 0.7055 -0.3467 -0.6181
vn -0.9376 -0.0006 -0.3477
vn 0.8162 0.0002 -0.5778
vn 0.9415 0.0082 -0.3368
vn 0.9227 -0.3126 -0.2258
vn 0.6446 -0.7520 0.1376
vn 0.5419 -0.7972 0.2661
vn 0.8893 -0.3800 0.2545
vn 0.1612 -0.0253 0.9866
vn 0.0393 -0.0100 0.9992
vn 0.9518 -0.0074 -0.3066
vn 0.9209 0.0021 -0.3897
vn 0.3803 -0.8631 0.3323
vn 0.9495 0.0005 0.3137
vn -0.9684 0.0107 0.2493
vn -0.9832 -0.0041 0.1826
vn -0.9935 -0.0007 0.1134
vn -0.9991 -0.0286 0.0321
vn -0.9677 -0.0032 -0.2523
vn -0.9208 0.0323 -0.3886
vn 0.0015 -0.0001 -1.0000
vn 0.9080 -0.1565 -0.3886
vn -0.1768 0.1658 0.9702
vn 0.8572 -0.3669 -0.3614
vn -0.1705 -0.0062 0.9853
vn -0.9756 -0.0087 0.2194
vn 0.8107 -0.0004 -0.5854
vn 0.0018 -0.0001 -1.0000
vn 0.9969 0.0017 -0.0789
vn 0.9762 0.0168 -0.2164
vn 0.6214 -0.7609 0.1869
vn -0.0513 0.0241 0.9984
vn -0.0281 0.0085 0.9996
vn 0.9355 -0.0142 -0.3531
vn 0.6902 -0.7181 -0.0895
vn -0.4886 0.2548 0.8345
vn 0.6948 -0.5798 0.4255
vn 0.4692 -0.1316 0.8732
vn 0.6547 -0.0545 0.7539
vn -0.7460 -0.0010 0.6659
vn -0.7424 -0.0017 0.6699
vn -0.8362 0.0185 0.5481
vn 0.0786 -0.0102 0.9969
vn 0.7271 -0.0136 0.6864
vn 0.9255 0.0064 -0.3786
vn 0.6444 -0.7598 -0.0856
vn 0.6805 -0.7279 0.0845
vn -0.4892 0.0070 0.8721
vn -0.4991 -0.0005 0.8665
vn -0.9987 -0.0032 0.0518
vn -0.9986 -0.0029 -0.0529
vn -0.9770 -0.0052 -0.2131
vn -0.9995 -0.0027 -0.0299
vn -0.9995 -0.0030 -0.0320
vn -0.3079 -0.0004 -0.9514
vn 0.9025 -0.0066 -0.4306
vn 0.9127 -0.0186 -0.4082
vn 0.8917 -0.0257 -0.4519
vn -0.6363 0.0017 -0.7714
vn 0.0447 -0.0002 -0.9990
vn 0.0464 -0.0004 -0.9989
vn 0.0852 -0.0041 -0.9964
vn 0.9619 -0.0218 -0.2724
vn 0.9405 0.0034 -0.3398
vn 0.9167 -0.0091 -0.3995
vn -0.9503 0.0068 0.3112
vn -0.9768 -0.0077 0.2141
vn -0.3114 -0.0011 -0.9503
vn 0.9619 0.0018 -0.2733
vn 0.8242 -0.4959 -0.2737
vn 0.5487 -0.7125 0.4374
vn 0.5435 -0.5513 -0.6330
vn 0.5354 -0.4060 -0.7406
vn 0.5420 -0.4500 -0.7098
vn 0.1291 -0.0159 0.9915
vn -0.8394 0.0192 0.5432
vn -0.7461 -0.0009 0.6659
vn -0.8363 0.0185 0.5480
vn 0.0857 -0.0580 0.9946
vn 0.6660 -0.0094 0.7459
vn -0.9950 -0.0001 0.0998
vn -0.9743 0.0043 -0.2253
vn -0.9453 -0.0024 -0.3261
vn -0.7254 -0.0162 -0.6882
vn -0.7289 -0.0074 -0.6846
vn -0.7228 -0.0193 -0.6908
vn 0.3710 -0.8390 0.3981
vn 0.4146 -0.7774 0.4730
vn 0.1296 -0.1672 0.9774
vn 0.1270 -0.1823 0.9750
vn 0.1264 -0.1317 0.9832
vn 0.0314 -0.0281 0.9991
vn 0.9550 -0.0020 0.2966
vn -0.9085 -0.0076 0.4178
vn 0.0330 -0.0077 0.9994
vn -0.9999 -0.0041 -0.0125
vn 0.9548 0.0098 -0.2970
vn 0.5899 -0.6809 0.4341
vn 0.4381 -0.1242 0.8903
vn 0.0005 -0.0010 1.0000
vn -0.8626 0.0012 0.5059
vn -0.8625 0.0012 0.5061
vn -0.8686 0.0019 0.4955
vn 0.5983 -0.0001 0.8013
vn -0.9858 -0.0051 0.1680
vn -0.1098 -0.0005 -0.9940
vn 0.2838 0.0038 -0.9589
vn 0.7371 -0.6622 -0.1345
vn -0.0016 0.0328 0.9995
vn -0.1194 0.0213 0.9926
vn 0.9961 -0.0031 -0.0879
vn 0.9366 0.0008 -0.3504
vn 0.9198 -0.0001 -0.3924
vn 0.8979 -0.0057 -0.4403
vn 0.2847 -0.1885 0.9399
vn 0.4691 -0.1316 0.8733
vn 0.4381 -0.1243 0.8903
vn -0.9902 0.0046 -0.1398
vn 0.9318 -0.0101 -0.3628
vn 0.8390 -0.3541 -0.4132
vn 0.7046 -0.6514 -0.2814
vn 0.5773 -0.8165 0.0094
vn 0.2080 -0.9566 0.2041
vn -0.5827 0.0584 0.8106
vn 0.9504 -0.0065 0.3110
vn 0.8080 0.0009 -0.5891
vn 0.7495 -0.0056 -0.6620
vn 0.8871 -0.2325 -0.3988
vn 0.4140 -0.9039 0.1071
vn -0.9938 -0.0077 0.1110
vn -0.9961 0.0091 0.0876
vn -0.9986 -0.0148 0.0506
vn -0.9521 0.0020 -0.3058
vn 0.1291 -0.0756 0.9887
vn -0.8682 0.0016 0.4962
vn 0.5988 0.0010 0.8009
vn -0.9996 -0.0137 0.0240
vn -0.9975 -0.0045 -0.0705
vn -0.9920 -0.0047 -0.1262
vn -0.9381 -0.0000 -0.3464
vn 0.6744 -0.4371 0.5951
vn 0.6599 -0.4554 0.5976
vn 0.6567 -0.4594 0.5981
vn -0.9065 0.4136 0.0847
vn -0.0155 0.0014 0.9999
vn -0.1131 0.0072 0.9936
vn 0.6626 -0.0107 0.7489
vn -0.2990 -0.0067 0.9542
vn -0.9824 -0.0038 0.1866
vn 0.9429 0.0222 -0.3322
vn 0.9320 0.0130 -0.3623
vn 0.8871 -0.0872 -0.4533
vn 0.2253 -0.1585 0.9613
vn 0.0249 -0.0060 0.9997
vn -0.9937 -0.0055 -0.1118
vn -0.9830 0.0014 -0.1838
vn 0.3117 -0.8069 0.5018
vn 0.4406 -0.7632 0.4727
vn 0.5846 -0.6614 -0.4699
vn 0.0048 -0.0361 0.9993
vn 0.9954 -0.0232 0.0935
vn 0.9058 0.0048 -0.4237
vn 0.6216 -0.7432 -0.2477
vn 0.4908 -0.8706 -0.0342
vn 0.0267 -0.0252 0.9993
vn 0.7036 -0.7079 -0.0611
vn 0.6417 -0.4774 0.6002
vn 0.0019 0.0008 1.0000
vn 0.6079 -0.0023 0.7940
vn 0.0391 -0.0078 0.9992
vn 0.0331 -0.0077 0.9994
vn 0.0394 -0.0078 0.9992
vn -0.9985 -0.0049 0.0543
vn -0.9994 -0.0158 -0.0292
vn -0.9923 -0.0098 -0.1233
vn -0.6789 0.0018 -0.7343
vn -0.1026 0.0029 -0.9947
vn 0.9774 -0.0188 -0.2104
vn 0.9846 -0.0435 -0.1692
vn 0.9770 -0.0186 -0.2125
vn 0.9921 -0.1242 -0.0203
vn 0.4600 -0.8811 -0.1094
vn -0.9760 -0.0279 0.2161
vn -0.9978 -0.0016 -0.0659
vn 0.8853 -0.0095 -0.4650
vn 0.0848 -0.9954 0.0447
vn 0.1771 -0.9111 0.3723
vn -0.0105 0.0429 0.9990
vn -0.0016 0.0329 0.9995
vn 0.5867 -0.6652 -0.4619
vn 0.5421 -0.4500 -0.7097
vn -0.4358 0.0167 0.8999
vn -0.8340 -0.0025 0.5517
vn -0.9301 0.0032 -0.3674
vn -0.6673 -0.0049 -0.7447
vn 0.9318 0.0040 -0.3629
vn 0.7123 -0.5425 -0.4453
vn 0.6067 -0.7723 -0.1885
vn -0.9945 -0.0069 0.1045
vn -0.9993 0.0086 0.0355
vn -0.9994 -0.0255 0.0244
vn -0.9727 -0.0030 -0.2320
vn -0.4288 0.0177 0.9032
vn 0.6101 -0.0019 0.7923
vn -0.9855 -0.0081 0.1693
vn 0.2222 -0.0120 -0.9749
vn 0.9970 0.0027 -0.0768
vn 0.9921 -0.0078 -0.1250
vn 0.9908 -0.0058 -0.1353
vn 0.8533 -0.2389 -0.4635
vn 0.6467 -0.7378 0.1936
vn 0.9960 -0.0237 0.0865
vn -0.2395 0.0043 0.9709
vn -0.2603 -0.0233 0.9652
vn -0.9690 -0.0095 0.2471
vn -0.1006 0.0023 -0.9949
vn 0.0022 -0.0000 -1.0000
vn -0.6228 0.0005 -0.7824
vn 0.2746 -0.9616 -0.0012
vn -0.0370 -0.0085 0.9993
vn -0.9661 -0.0754 -0.2470
vn 0.8205 -0.0343 -0.5706
vn 0.2760 -0.9593 -0.0607
vn -0.0132 -0.9995 0.0277
vn 0.0103 -0.9902 0.1392
vn 0.0566 -0.9695 0.2385
vn -0.8333 -0.0026 0.5528
vn -0.9868 -0.0030 0.1617
vn -0.9997 0.0032 -0.0252
vn 0.8166 0.0002 -0.5773
vn 0.7023 -0.0271 -0.7114
vn 0.7030 -0.0118 -0.7111
vn 0.6173 -0.0676 -0.7838
vn 0.0566 -0.9695 0.2386
vn -0.8700 0.0003 0.4931
vn -0.9588 -0.0016 0.2841
vn -0.9873 -0.0675 -0.1436
vn -0.9778 -0.0103 -0.2094
vn 0.0465 -0.0004 -0.9989
vn 0.2837 0.0038 -0.9589
vn 0.0892 -0.1312 0.9873
vn 0.3604 -0.3892 0.8477
vn 0.0291 -0.0835 0.9961
vn 0.6855 0.0040 0.7281
vn -0.9965 -0.0002 0.0836
vn -0.9991 0.0416 -0.0096
vn 0.9039 0.0345 -0.4263
vn -0.5864 0.4379 0.6815
vn -0.0471 -0.0437 0.9979
vn 0.9991 0.0022 -0.0430
vn 0.3606 -0.5465 -0.7559
vn 0.0016 0.0014 1.0000
vn -0.0002 0.0004 1.0000
vn -0.9818 -0.0113 0.1898
vn -0.6111 0.0105 -0.7915
vn 0.9891 -0.1459 0.0209
vn 0.9920 -0.1242 -0.0203
vn 0.1138 -0.3864 0.9153
vn 0.4187 -0.7058 0.5714
vn 0.4423 -0.7546 0.4848
vn 0.4258 -0.7205 0.5473
vn -0.1241 0.0124 0.9922
vn 0.8304 -0.4175 -0.3689
vn 0.8312 -0.4151 -0.3697
vn 0.8183 -0.4511 -0.3561
vn 0.9993 0.0030 -0.0371
vn -0.0160 -0.0829 0.9964
vn -0.9930 0.0043 -0.1177
vn -0.9346 -0.0126 -0.3555
vn -0.9862 -0.0005 -0.1654
vn 0.8140 -0.0007 -0.5809
vn 0.5998 -0.6522 -0.4636
vn 0.5650 -0.7361 -0.3726
vn -0.2561 0.5584 0.7891
vn -0.9999 0.0135 0.0105
vn -0.9762 -0.0451 -0.2120
vn -0.9061 -0.0018 -0.4230
vn -0.3305 -0.0000 -0.9438
vn -0.3259 0.0006 -0.9454
vn 0.9159 0.0189 -0.4010
vn 0.2173 -0.8115 0.5425
vn 0.1238 -0.6755 0.7269
vn -0.0106 -0.0071 0.9999
vn -0.9839 -0.0420 0.1739
vn -0.0013 -0.0032 -1.0000
vn 0.0044 -0.0017 -1.0000
vn 0.7481 -0.0048 -0.6636
vn 0.7236 -0.0117 -0.6901
vn 0.7535 -0.4307 -0.4968
vn 0.1014 -0.9932 -0.0569
vn 0.3429 -0.8737 -0.3450
vn 0.3442 -0.8806 -0.3256
vn 0.3439 -0.8787 -0.3312
vn 0.0210 -0.0940 0.9953
vn -0.2165 -0.0044 0.9763
vn -0.0540 0.0033 0.9985
vn -0.9708 -0.0188 0.2393
vn -0.9987 -0.0026 -0.0506
vn -0.9895 0.0045 -0.1447
vn -0.2931 0.5467 0.7843
vn -0.0063 -0.0141 0.9999
vn -0.0836 0.0006 -0.9965
vn 0.1953 -0.0122 -0.9807
vn 0.8171 -0.4544 -0.3549
vn 0.6427 0.0130 -0.7660
vn 0.8925 -0.2848 -0.3498
vn 0.4075 -0.8697 -0.2784
vn 0.3652 -0.9014 0.2325
vn 0.3870 -0.6423 0.6616
vn 0.4186 -0.7058 0.5715
vn -0.6340 0.7716 -0.0520
vn -0.0415 -0.0131 0.9991
vn 0.6955 0.0044 0.7185
vn -0.9977 0.0018 -0.0671
vn -0.9901 0.0350 0.1359
vn -0.9994 0.0226 0.0253
vn -0.7665 -0.0015 -0.6422
vn -0.5731 0.0045 -0.8195
vn 0.3428 -0.8735 -0.3455
vn -0.0717 0.0952 0.9929
vn -0.9671 -0.0497 0.2495
vn 0.2646 -0.9572 -0.1169
vn 0.0874 -0.8295 0.5517
vn 0.3116 -0.8069 0.5018
vn 0.0151 -0.9919 -0.1263
vn -0.1018 -0.0031 0.9948
vn 0.7023 0.0014 0.7118
vn -0.9386 -0.0421 -0.3424
vn -0.2169 -0.0133 -0.9761
vn 0.8864 -0.4624 0.0197
vn 0.9125 -0.4052 0.0566
vn 0.8504 -0.5256 -0.0232
vn -0.9772 -0.0618 0.2033
vn -0.9825 -0.1557 0.1019
vn -0.9973 0.0011 0.0732
vn -0.9949 -0.0424 0.0911
vn -0.9989 0.0020 -0.0474
vn 0.2512 -0.0030 -0.9679
vn 0.0992 -0.0702 -0.9926
vn 0.2717 -0.0358 -0.9617
vn 0.6001 -0.0750 -0.7964
vn -0.9016 0.4324 0.0152
vn -0.7694 -0.0040 -0.6388
vn 0.8320 -0.0392 -0.5535
vn 0.3219 -0.0198 -0.9466
vn 0.3116 -0.0112 -0.9501
vn 0.1604 -0.0155 -0.9869
vn 0.7314 -0.2898 -0.6173
vn 0.7692 -0.2596 -0.5839
vn 0.6833 -0.3857 -0.6200
vn -0.6490 -0.2979 0.7001
vn -0.9475 0.2994 0.1123
vn -0.9998 -0.0136 -0.0111
vn -0.9731 -0.0017 -0.2304
vn 0.6298 -0.5734 -0.5240
vn 0.4023 0.7850 -0.4710
vn 0.3515 0.8859 -0.3028
vn 0.3615 0.8708 -0.3332
vn -0.5639 0.7615 0.3198
vn 0.6103 -0.0019 0.7922
vn 0.6081 -0.0023 0.7939
vn -0.0428 0.0024 0.9991
vn -0.9563 -0.0112 0.2920
vn -0.4847 0.7494 0.4511
vn 0.4811 -0.8266 -0.2921
vn 0.6230 0.0195 -0.7820
vn 0.3269 -0.0312 -0.9445
vn 0.1464 -0.9817 -0.1218
vn -0.0426 -0.0144 0.9990
vn 0.0094 0.2254 0.9742
vn 0.0070 0.2158 0.9764
vn 0.0283 0.3010 0.9532
vn 0.0054 0.0045 1.0000
vn -0.2695 0.0017 0.9630
vn -0.9988 0.0100 -0.0484
vn -0.9906 0.0036 -0.1368
vn -0.0161 -0.0829 0.9964
vn -0.0199 -0.0708 0.9973
vn -0.9987 -0.0513 0.0046
vn -0.5902 -0.0175 0.8071
vn -0.5824 -0.0234 0.8126
vn -0.6209 0.0049 0.7839
vn 0.4310 0.0312 -0.9018
vn 0.4110 0.7594 -0.5044
vn -0.6634 0.0046 0.7483
vn -0.9883 -0.1299 0.0800
vn -0.9178 -0.0054 -0.3970
vn -0.5710 0.0047 -0.8209
vn -0.5251 0.0004 -0.8510
vn -0.4772 0.0125 -0.8787
vn -0.5336 0.0728 -0.8426
vn 0.8125 -0.5797 -0.0620
vn 0.0320 0.3161 0.9482
vn 0.1387 0.7234 0.6763
vn -0.9979 -0.0050 -0.0642
vn -0.1580 0.0435 -0.9865
vn -0.4597 0.0186 -0.8879
vn -0.0047 0.0150 0.9999
vn -0.9883 -0.1298 0.0800
vn -0.9960 -0.0485 0.0746
vn 0.6530 -0.5576 -0.5125
vn 0.0532 -0.8213 0.5680
vn 0.0829 -0.8050 -0.5874
vn -0.0716 0.0951 0.9929
vn -0.0104 -0.0059 0.9999
vn -0.0441 -0.7774 0.6274
vn -0.6582 0.3336 0.6749
vn -1.0000 -0.0034 -0.0006
vn -0.9999 0.0142 -0.0004
vn 0.8024 0.0003 -0.5968
vn 0.0024 -0.0001 -1.0000
vn 0.0689 -0.8819 -0.4663
vn -0.6012 -0.0145 -0.7990
vn -0.6319 0.0001 -0.7750
vn -0.5523 0.0955 -0.8281
vn -0.0069 -0.9999 -0.0120
vn -0.0047 -1.0000 -0.0065
vn 0.0014 -0.9999 0.0128
vn 0.0071 -0.9730 0.2307
vn 0.0956 -0.8268 0.5543
vn 0.0989 -0.8182 0.5664
vn 0.0637 -0.8876 0.4562
vn 0.1023 -0.4626 0.8807
vn 0.1045 -0.4438 0.8900
vn 0.0716 -0.6064 0.7919
vn -0.7576 -0.0840 0.6473
vn 0.3326 0.0215 0.9428
vn -0.9756 -0.0173 0.2189
vn -0.9997 0.0075 -0.0220
vn -0.5202 0.0050 -0.8541
vn -0.5262 0.0033 -0.8504
vn 0.8785 0.0021 -0.4777
vn 0.0056 -0.9996 0.0288
vn -0.2907 0.7951 0.5323
vn -0.2900 -0.0011 -0.9570
vn -0.5262 0.0033 -0.8503
vn -0.9901 -0.1376 -0.0268
vn -0.2202 -0.9743 0.0474
vn -0.2228 -0.9741 -0.0397
vn -0.1142 -0.9909 -0.0720
vn -0.0692 -0.9660 -0.2490
vn -0.0196 0.9401 -0.3404
vn -0.0292 0.9474 -0.3188
vn -0.0329 0.9509 -0.3076
vn 0.0992 -0.0735 -0.9923
vn 0.8050 0.0009 -0.5933
vn 0.0006 -0.0002 -1.0000
vn 0.6535 -0.5033 -0.5653
vn 0.7313 -0.2899 -0.6174
vn 0.6832 -0.3857 -0.6200
vn 0.6832 -0.3858 -0.6200
vn 0.7261 -0.5906 -0.3521
vn 0.5053 -0.6062 -0.6142
vn -0.2122 0.0241 0.9769
vn -0.3256 0.0143 0.9454
vn -0.2074 0.0245 0.9779
vn -0.2123 0.0241 0.9769
vn -0.3342 0.0135 0.9424
vn -0.9925 0.0019 -0.1226
vn 0.1684 -0.9540 -0.2479
vn 0.0147 -0.9937 -0.1113
vn -0.8717 -0.2067 -0.4442
vn -0.8533 -0.3912 -0.3447
vn -0.8610 -0.3497 -0.3693
vn 0.0081 -0.0828 0.9965
vn -0.0017 -0.0692 0.9976
vn 0.0892 -0.1311 0.9873
vn -0.0001 -0.0299 0.9996
vn -0.9981 -0.0014 -0.0622
vn -0.9976 -0.0008 -0.0694
vn 0.0573 -0.7822 -0.6204
vn -0.0008 0.9780 -0.2085
vn -0.0195 0.9400 -0.3405
vn -0.2888 -0.9525 0.0970
vn -0.2228 -0.9740 -0.0396
vn -0.1131 -0.9833 -0.1428
vn -0.8717 -0.2066 -0.4443
vn -0.8610 -0.3496 -0.3694
vn -0.8707 -0.1652 -0.4633
vn 0.0106 -0.5052 0.8630
vn -0.0352 -0.0302 0.9989
vn -0.0110 -0.0482 0.9988
vn 0.5600 0.2199 0.7988
vn -0.7884 0.0100 -0.6150
vn 0.4192 -0.7352 -0.5327
vn 0.2394 -0.8699 -0.4312
vn -0.9167 -0.3976 0.0397
vn -0.1774 0.9731 0.1468
vn 0.6888 0.0022 0.7249
vn -0.2914 -0.0085 0.9566
vn -0.9978 0.0025 0.0661
vn -0.9413 0.0007 -0.3376
vn -0.2589 0.0076 -0.9659
vn 0.1716 -0.1047 -0.9796
vn 0.0482 -0.9988 -0.0102
vn -0.0267 -0.9994 -0.0213
vn -0.0174 -0.9665 -0.2561
vn 0.0017 -0.0006 -1.0000
vn 0.6825 -0.7242 0.0992
vn -0.0011 -0.9821 0.1885
vn 0.9391 0.0149 0.3433
vn 0.6942 0.0023 0.7197
vn -0.1208 -0.0027 0.9927
vn -0.9697 -0.0051 0.2443
vn 0.5175 -0.5794 -0.6297
vn 0.6529 -0.5576 -0.5125
vn 0.5041 -0.6648 -0.5513
vn -0.1226 -0.9839 0.1304
vn -0.0032 -0.0200 0.9998
vn -0.2633 0.0036 -0.9647
vn 0.0285 -0.8864 -0.4620
vn 0.0473 -0.9523 -0.3015
vn 0.0481 -0.9544 -0.2946
vn 0.0356 -0.8666 0.4978
vn 0.0687 0.2599 0.9632
vn 0.1539 0.3105 0.9381
vn 0.0610 0.2625 0.9630
vn -0.1239 -0.0034 0.9923
vn -0.4973 0.0024 0.8676
vn -0.5013 0.0027 0.8653
vn -0.4210 -0.0013 0.9070
vn -0.9172 0.0022 -0.3984
vn -0.9600 -0.0561 0.2742
vn 0.0013 -0.8066 0.5911
vn -0.7880 -0.4254 0.4450
vn -0.0350 -0.9918 0.1229
vn -0.2976 -0.5457 -0.7833
vn -0.9988 0.0474 -0.0079
vn -0.9999 0.0143 -0.0004
vn -0.9766 -0.0113 -0.2149
vn 0.0235 -0.0210 0.9995
vn 0.0993 -0.0735 -0.9923
vn 0.1917 -0.1668 -0.9672
vn -0.3257 -0.9454 0.0081
vn -0.2665 -0.9638 -0.0025
vn -0.2661 -0.9639 -0.0020
vn -0.3248 -0.9458 -0.0035
vn -0.5830 -0.8034 -0.1210
vn -0.9845 -0.0048 -0.1752
vn 0.0068 0.0138 0.9999
vn 0.0011 -0.0003 -1.0000
vn -0.0450 -0.9553 -0.2921
vn 0.0061 -0.6544 0.7561
vn -0.3267 -0.9451 -0.0034
vn -0.0923 0.0032 -0.9957
vn 0.0045 -0.5816 -0.8135
vn 0.0039 -0.5854 -0.8107
vn -0.0043 -0.6205 -0.7842
vn -0.3889 0.3099 -0.8676
vn 0.0482 -0.9958 -0.0784
vn 0.0062 -0.5054 0.8629
vn -0.0098 0.8705 0.4921
vn -0.0100 0.8715 0.4903
vn -0.0053 0.8757 0.4827
vn -0.3277 -0.9448 0.0083
vn -0.0016 -0.0035 -1.0000
vn -0.0011 -0.0010 -1.0000
vn -0.0016 0.0011 -1.0000
vn -0.0608 -0.9832 0.1720
vn -0.4183 -0.0005 0.9083
vn -0.5241 -0.3564 0.7735
vn -0.0730 -0.0013 -0.9973
vn 0.0056 -0.9996 0.0289
vn 0.0011 -0.9985 0.0545
vn 0.0024 -0.8122 0.5833
vn 0.0022 0.0412 0.9991
vn -0.0021 0.8765 0.4814
vn 0.0101 -0.0268 0.9996
vn 0.0093 -0.0013 1.0000
vn -0.0661 -0.0240 0.9975
vn -0.6640 0.0014 0.7478
vn -0.9974 0.0011 0.0717
vn 0.1086 -0.6881 0.7175
vn 0.1906 -0.1959 -0.9619
vn 0.7555 -0.0035 0.6552
vn -0.9827 0.0012 -0.1849
vn -0.7914 0.0126 -0.6111
vn -0.0003 0.0031 -1.0000
vn -0.0043 -0.0042 -1.0000
vn -0.0006 -0.0026 -1.0000
vn -0.0260 0.0212 -0.9994
vn 0.0094 -0.8381 0.5454
vn 0.0154 -0.8350 0.5500
vn 0.0132 -0.8286 0.5597
vn -0.0049 -0.7755 0.6313
vn -0.0415 -0.0297 0.9987
vn -0.9616 -0.0044 0.2743
vn -0.9982 0.0026 0.0595
vn -0.9747 -0.0111 0.2232
vn 0.2181 -0.7986 -0.5610
vn 0.7567 -0.0005 0.6537
vn 0.6943 0.0023 0.7197
vn -0.9751 -0.0090 0.2218
vn 0.8187 -0.0008 -0.5742
vn -0.0008 -0.0004 -1.0000
vn 0.0283 -0.9571 -0.2884
vn -0.3428 -0.2615 0.9023
vn -0.3283 -0.2848 0.9006
vn -0.1587 -0.3519 0.9225
vn -0.1857 -0.3700 0.9103
vn -0.1586 -0.3519 0.9225
vn -0.0694 -0.4910 -0.8684
vn -0.1509 -0.0106 0.9885
vn 0.0015 -0.0224 -0.9997
vn 0.1103 -0.1987 -0.9738
vn 0.5009 -0.8473 -0.1767
vn 0.4976 -0.8538 -0.1531
vn 0.4577 -0.8876 0.0520
vn 0.4576 -0.8876 0.0521
vn 0.4976 -0.8538 -0.1530
vn 0.4520 -0.8889 0.0745
vn 0.0261 -0.9862 -0.1633
vn -0.0146 -0.8916 -0.4526
vn -0.0040 -0.8771 0.4803
vn 0.0209 -0.9054 0.4241
vn 0.0143 0.7080 0.7060
vn -0.9687 -0.0067 0.2480
vn 0.0002 0.9798 -0.2002
vn 0.0301 -0.8710 -0.4904
vn -0.0059 0.3139 0.9494
vn 0.3144 -0.6588 -0.6835
vn 0.0482 -0.9988 -0.0103
vn -0.0152 -0.2540 0.9671
vn -1.0000 0.0010 -0.0018
vn -0.9963 0.0702 0.0503
vn 0.0163 -0.9523 0.3048
vn -0.0040 -0.8772 0.4802
vn -0.9062 0.0048 -0.4228
vn -0.8992 0.0006 -0.4376
vn -0.9601 -0.0002 -0.2795
vn -0.5991 -0.0056 -0.8007
vn -0.5944 -0.0123 -0.8041
vn -0.5955 -0.0070 -0.8033
vn -0.0068 -0.0134 -0.9999
vn 0.0763 -0.1887 -0.9791
vn 0.2814 -0.6774 -0.6796
vn 0.0253 -0.9977 -0.0621
vn 0.0530 -0.9964 0.0665
vn 0.0094 -0.0518 0.9986
vn -0.0211 -0.8251 0.5645
vn -0.0714 -0.0259 0.9971
vn -0.9955 -0.0023 -0.0949
vn -0.9954 0.0073 -0.0952
vn -0.9872 0.0171 -0.1585
vn 0.0039 -0.5855 -0.8107
vn -0.0109 -0.7250 -0.6887
vn -0.6286 -0.3112 0.7127
vn 0.0180 -0.8488 0.5284
vn 0.0071 -0.8765 0.4813
vn 0.0163 -0.9522 0.3049
vn 0.0067 -0.8773 0.4799
vn 0.0036 -0.7688 -0.6395
vn -0.4267 0.0020 0.9044
vn -0.3385 0.0006 -0.9410
vn 0.0016 0.0004 -1.0000
vn -0.4212 0.6063 -0.6745
vn 0.2143 -0.9273 -0.3068
vn 0.0130 -0.8445 -0.5353
vn -0.9961 0.0140 0.0869
vn -0.9888 0.0006 -0.1491
vn -0.0803 0.0028 -0.9968
vn 0.0003 -0.0004 -1.0000
vn -0.1255 0.0008 0.9921
vn -0.1142 -0.0030 0.9934
vn -0.9680 0.0026 -0.2508
vn 0.1455 -0.9888 -0.0326
vn 0.0568 -0.9944 -0.0894
vn 0.0984 -0.9929 -0.0673
vn -0.0048 -0.9962 -0.0871
vn -0.0079 -0.9989 0.0463
vn -0.9874 -0.0069 -0.1579
vn 0.0125 -0.0246 -0.9996
vn 0.1441 -0.7597 -0.6341
vn 0.0419 -0.7927 -0.6082
vn 0.0016 -0.2589 0.9659
vn 0.0086 -0.1593 -0.9872
vn 0.0062 -0.1398 -0.9902
vn 0.0061 -0.1386 -0.9903
vn -0.2403 -0.0001 0.9707
vn -0.8225 -0.0102 0.5686
vn -0.9957 -0.0061 0.0926
vn 0.0845 -0.7234 -0.6852
vn -0.0002 -0.0855 0.9963
vn 0.0118 -0.9934 0.1143
vn 0.0158 -0.9925 0.1214
vn 0.0002 -0.9959 0.0903
vn 0.0254 -0.5495 0.8351
vn 0.0174 -0.5754 0.8177
vn 0.0277 -0.0062 0.9996
vn 0.0648 -0.2118 -0.9752
vn -0.2209 0.4240 -0.8783
vn 0.1116 -0.9909 -0.0756
vn 0.0196 -0.9070 0.4206
vn -0.0222 -0.8288 0.5592
vn -0.8243 -0.0112 0.5660
vn -1.0000 0.0036 0.0011
vn 0.0764 -0.7555 -0.6507
vn 0.0051 -0.7616 -0.6480
vn -0.0053 0.8758 0.4827
vn 0.0035 0.8775 0.4795
vn 0.0273 0.6777 0.7349
vn 0.0264 0.6832 0.7298
vn 0.0019 0.8178 0.5755
vn -0.0060 0.3139 0.9494
vn 0.0610 0.2626 0.9630
vn -0.0088 0.3306 0.9437
vn -0.8714 -0.0034 -0.4905
vn -0.9832 -0.0090 0.1825
vn -0.9769 -0.0052 0.2134
vn 0.0301 -0.9329 -0.3588
vn 0.0098 0.8014 -0.5981
vn 0.0103 0.8033 -0.5955
vn 0.0204 0.8366 -0.5475
vn 0.0118 -0.8865 0.4625
vn -0.0010 -0.8057 0.5923
vn -0.0808 -0.4737 -0.8770
vn -0.0625 -0.4288 -0.9012
vn -0.0071 -0.2935 -0.9559
vn 0.7297 -0.0119 0.6836
vn 0.8089 -0.0008 -0.5879
vn -0.3186 -0.0014 -0.9479
vn 0.1140 -0.9935 0.0027
vn -0.0458 -0.0045 -0.9989
vn 0.8058 0.0021 -0.5922
vn -0.0017 0.0015 -1.0000
vn -0.1445 -0.0028 0.9895
vn 0.0077 0.0075 -0.9999
vn 0.0162 -0.0992 -0.9949
vn 0.0096 -0.1684 -0.9857
vn -0.0003 -0.0853 0.9964
vn -0.0002 -0.0854 0.9963
vn -0.0003 -0.0850 0.9964
vn -0.0003 0.0302 0.9995
vn 0.6416 0.0147 0.7669
vn -0.5881 0.0192 -0.8086
vn 0.0011 0.0010 -1.0000
vn 0.0411 -0.8600 -0.5086
vn -0.0624 -0.4288 -0.9012
vn 0.0034 -0.2649 -0.9643
vn -0.0070 -0.2934 -0.9560
vn -0.4735 -0.7991 0.3706
vn -0.6436 -0.0064 -0.7653
vn -0.1317 0.8735 -0.4687
vn 0.0031 -0.9985 -0.0554
vn -0.9793 -0.0032 -0.2024
vn 0.0020 -0.8779 -0.4788
vn 0.0126 -0.5426 -0.8399
vn 0.0835 -0.9869 0.1384
vn 0.0012 -0.0474 0.9989
vn -0.0516 -0.0206 0.9985
vn 0.0157 -0.0003 0.9999
vn -1.0000 -0.0040 0.0060
vn -1.0000 -0.0053 0.0011
vn -0.9997 -0.0115 -0.0217
vn 0.4665 -0.0965 0.8792
vn 0.0483 -0.8660 -0.4977
vn -0.6728 0.5619 0.4812
vn -0.0279 0.0014 0.9996
vn -0.9998 0.0024 -0.0217
vn 0.0278 -0.1991 0.9796
vn 0.5401 -0.0198 -0.8413
vn -0.9962 -0.0282 -0.0828
vn -0.1942 0.0403 0.9801
vn -0.1946 0.0384 0.9801
vn -0.1703 0.1610 0.9722
vn 0.6589 -0.1254 -0.7417
vn -0.0114 -0.0010 -0.9999
vn 0.0255 -0.0326 0.9991
vn -0.7682 -0.0016 0.6402
vn 0.8243 0.4937 0.2771
vn 0.7641 0.0027 0.6451
vn -0.9989 -0.0465 0.0023
vn -0.0244 -0.1344 -0.9906
vn -0.8707 -0.0148 -0.4916
vn -0.9062 0.0048 -0.4227
vn -0.8992 0.0010 -0.4375
vn 0.0310 -0.3566 -0.9337
vn 0.0283 -0.3724 -0.9277
vn -0.0105 -0.5061 -0.8624
vn 0.0538 -0.9484 0.3126
vn 0.0049 -0.9988 0.0483
vn -0.9785 -0.0061 0.2063
vn -0.9704 0.0066 0.2414
vn -0.9974 0.0099 0.0712
vn -0.9969 0.0699 -0.0356
vn -0.9178 -0.0539 -0.3933
vn 0.7674 -0.6150 -0.1816
vn -0.0017 -0.0004 -1.0000
vn -0.0037 -0.3012 -0.9535
vn 0.0127 -0.4621 -0.8867
vn 0.0133 -0.4678 -0.8837
vn -0.0037 -0.9261 -0.3772
vn -0.0121 -0.9737 0.2277
vn -0.1485 -0.0012 0.9889
vn -0.5231 -0.0057 0.8522
vn -0.5219 -0.0090 0.8530
vn -0.9284 0.0048 -0.3716
vn -0.0042 0.7253 -0.6885
vn -0.0085 0.6913 -0.7225
vn -0.0084 0.6923 -0.7215
vn -0.0049 -0.9844 -0.1759
vn -0.2156 -0.0829 0.9730
vn -0.1946 0.0383 0.9801
vn -0.1943 0.0403 0.9801
vn -0.5543 0.0055 -0.8323
vn -0.3150 -0.0015 -0.9491
vn -0.0001 0.0312 0.9995
vn -0.8156 0.2155 0.5370
vn -0.9988 -0.0317 0.0371
vn -0.9251 0.0023 -0.3797
vn -0.3009 0.0004 -0.9537
vn 0.0209 0.8384 -0.5446
vn 0.0218 -0.2587 0.9657
vn 0.1670 -0.5327 -0.8296
vn 0.0059 -0.9991 0.0432
vn 0.0019 0.8179 0.5754
vn 0.0264 0.6832 0.7297
vn 0.0029 0.8224 0.5689
vn -0.0451 -0.0064 0.9990
vn 0.7969 0.0005 -0.6041
vn -0.0293 -0.9872 -0.1569
vn 0.0054 -0.5032 -0.8641
vn 0.0539 -0.9484 0.3125
vn 0.0142 0.9907 -0.1354
vn 0.0207 -0.2659 0.9638
vn -0.9308 0.0283 -0.3645
vn -0.8921 -0.0237 -0.4511
vn -0.8966 -0.0155 -0.4425
vn 0.0279 0.9026 -0.4296
vn 0.0038 0.8250 -0.5652
vn 0.0074 0.8377 -0.5461
vn 0.9696 -0.1648 0.1808
vn 0.9634 -0.2344 0.1305
vn 0.9698 -0.1605 0.1839
vn 0.0122 -0.3132 -0.9496
vn -0.0001 -0.0019 -1.0000
vn 0.0279 0.9026 -0.4295
vn 0.0293 0.9064 -0.4215
vn -0.0102 -0.9847 -0.1738
vn 0.1740 -0.9831 -0.0574
vn 0.0134 -0.3199 -0.9474
vn -0.0452 -0.0064 0.9990
vn -0.9088 -0.0324 0.4160
vn 0.7388 0.0097 0.6739
vn 0.6876 -0.3057 -0.6586
vn 0.5909 -0.0652 -0.8041
vn 0.9699 -0.1206 0.2117
vn 0.0124 -0.7442 -0.6679
vn -0.0340 -0.5163 -0.8557
vn 0.0297 -0.7392 -0.6728
vn 0.1440 -0.7597 -0.6341
vn -0.0033 -0.9547 -0.2976
vn -0.0030 -0.9554 -0.2952
vn -0.0065 -0.9443 -0.3290
vn 0.0027 -0.7733 0.6340
vn -0.0084 0.6924 -0.7215
vn -0.0000 0.7044 -0.7098
vn -0.0565 -0.1646 -0.9847
vn -0.1356 0.0033 0.9908
vn 0.0325 -0.9380 -0.3450
vn -0.0091 -0.9354 -0.3535
vn 0.8508 -0.5006 0.1598
vn 0.0474 0.0409 0.9980
vn -0.5041 0.0193 0.8634
vn -0.4991 0.0107 0.8665
vn -0.4954 0.0068 0.8687
vn 0.7884 0.0223 0.6147
vn -0.7646 -0.0056 0.6445
vn -0.9843 -0.0028 0.1763
vn -0.6503 -0.0021 -0.7596
vn 0.5029 -0.4678 0.7268
vn 0.9217 -0.1782 0.3445
vn 0.0526 -0.0139 0.9985
vn -0.9144 0.0054 -0.4048
vn -0.0019 0.0026 -1.0000
vn 0.4362 -0.1685 0.8839
vn 0.9726 -0.2206 -0.0740
vn 0.9869 -0.1346 -0.0886
vn 0.9885 -0.1212 -0.0908
vn -0.0412 -0.9885 -0.1457
vn 0.9658 -0.2499 -0.0689
vn -0.0117 -0.9999 -0.0049
vn 0.0105 -0.9996 0.0257
vn -0.9954 0.0469 -0.0838
vn -0.8592 0.0090 -0.5115
vn 0.8132 0.0024 -0.5819
vn -0.0068 -0.9433 -0.3320
vn -0.0278 -0.7520 -0.6586
vn 0.0058 -0.8226 -0.5686
vn -0.0043 -0.8275 -0.5615
vn -0.0314 -0.9981 -0.0535
vn -0.0145 -0.9991 -0.0405
vn -0.0571 -0.9979 0.0304
vn -0.0074 -1.0000 0.0018
vn -0.0561 -0.8797 0.4721
vn 0.0361 0.7916 0.6100
vn -0.9715 0.0101 0.2367
vn 0.0020 0.0008 -1.0000
vn -0.5205 -0.0104 0.8538
vn -0.9868 0.1620 0.0090
vn -0.9846 0.1509 0.0883
vn 0.8228 -0.0005 -0.5684
vn -0.0009 0.0032 -1.0000
vn 0.0005 0.0033 -1.0000
vn 0.0001 0.0047 -1.0000
vn 0.0016 -0.0004 -1.0000
vn 0.0050 -0.5009 -0.8655
vn -0.0853 -0.9602 -0.2660
vn -0.0016 -0.6938 -0.7202
vn 0.0077 0.0772 0.9970
vn -0.4391 0.0337 0.8978
vn -0.9974 0.0098 0.0712
vn -0.9930 0.0913 0.0753
vn -0.3086 -0.0010 -0.9512
vn -0.0032 -0.0011 -1.0000
vn 0.0019 -0.0014 -1.0000
vn -0.0628 -0.5921 -0.8034
vn 0.0103 -0.0701 0.9975
vn -0.8498 0.0061 -0.5270
vn -0.0267 -0.8339 -0.5513
vn -0.0344 -0.6512 0.7581
vn 0.0075 0.8282 0.5604
vn -0.9732 -0.0035 0.2298
vn -0.0431 -0.0043 -0.9991
vn -0.0324 -0.9086 -0.4165
vn 0.0014 -0.8079 -0.5893
vn -0.0345 -0.9136 -0.4052
vn -0.1714 0.9283 0.3300
vn 0.0241 -0.9997 0.0089
vn 0.0045 -0.8425 0.5387
vn -0.0004 -0.8361 0.5485
vn -0.0035 -0.1906 0.9817
vn 0.0110 -0.0779 0.9969
vn 0.0017 -0.0004 -1.0000
vn 0.0083 -0.8979 0.4401
vn -0.8397 -0.0661 0.5390
vn 0.0124 -0.0788 -0.9968
vn 0.0022 0.7052 -0.7090
vn -0.0394 -0.9900 0.1351
vn 0.0701 0.0365 0.9969
vn -0.8652 -0.4400 0.2403
vn -0.7394 -0.6731 0.0150
vn -0.5719 -0.8187 0.0523
vn -0.5857 -0.8090 0.0501
vn -0.9877 0.1443 -0.0609
vn -0.1028 -0.0034 -0.9947
vn -0.1173 0.0036 -0.9931
vn -0.8933 -0.1404 -0.4270
vn -0.8345 -0.1638 -0.5261
vn -0.9139 -0.1303 -0.3845
vn -0.0063 -0.3464 -0.9381
vn -0.0425 -0.1853 -0.9818
vn 0.0124 0.0607 0.9981
vn -0.0001 0.0313 0.9995
vn 0.0200 0.0540 0.9983
vn -0.6962 -0.7177 -0.0169
vn -0.9278 -0.0634 -0.3676
vn -0.6746 0.0107 -0.7381
vn -0.0018 -0.0018 -1.0000
vn -0.0149 0.9276 -0.3732
vn -0.0151 0.9289 -0.3699
vn 0.0019 0.8503 -0.5262
vn -0.8091 -0.1721 -0.5619
vn -0.0218 -0.0630 0.9978
vn -0.9682 0.0176 0.2497
vn -0.9974 0.0152 0.0700
vn -0.9839 0.0245 0.1768
vn -0.9993 0.0297 0.0230
vn 0.3706 -0.7331 0.5702
vn -0.9889 0.0122 0.1478
vn -0.0185 -0.0020 -0.9998
vn -0.9830 -0.0007 0.1838
vn -0.5522 -0.8333 -0.0269
vn -0.7437 -0.3677 -0.5583
vn -0.0161 -0.7433 -0.6688
vn -0.9839 0.0245 0.1769
vn -0.5475 -0.8364 -0.0271
vn -0.9793 -0.0033 -0.2024
vn -0.9905 0.0172 -0.1362
vn -0.9961 -0.0042 -0.0880
vn -0.9967 -0.0046 -0.0806
vn -0.9951 -0.0008 -0.0986
vn 0.8110 -0.0019 -0.5851
vn 0.8115 -0.0013 -0.5843
vn 0.0050 -0.0522 0.9986
vn -0.9951 0.0004 -0.0985
vn -0.0116 -0.6930 -0.7209
vn 0.0050 -0.0523 0.9986
vn -0.0147 0.0094 0.9998
vn -0.7675 0.0006 0.6411
vn -0.9996 0.0091 0.0272
vn -0.9990 0.0340 -0.0275
vn -0.0788 -0.9407 0.3300
vn -0.1051 0.0319 0.9939
vn -0.9912 0.0103 0.1320
vn -0.9999 0.0149 -0.0000
vn -0.9647 0.0048 -0.2634
vn -0.0035 -0.7611 -0.6486
vn 0.7912 0.0230 0.6112
vn -0.0049 0.0033 1.0000
vn -0.9728 -0.0035 0.2316
vn -0.4364 0.0341 0.8991
vn -0.4390 0.0337 0.8978
vn -0.9984 0.0328 -0.0452
vn -0.2968 0.0002 -0.9549
vn 0.0994 -0.0115 -0.9950
vn -0.7774 -0.0081 0.6290
vn -0.7777 0.2029 0.5950
vn -0.9910 0.0006 0.1342
vn 0.0032 0.7059 -0.7083
vn -0.1607 -0.9856 -0.0519
vn -0.1765 0.0064 0.9843
vn -0.9906 -0.0322 0.1326
vn -0.9889 0.0079 0.1486
vn 0.0037 0.8507 -0.5256
vn 0.0089 -0.1137 -0.9935
vn 0.0682 -0.6710 -0.7383
vn -0.1258 -0.9808 -0.1492
vn -0.9858 -0.0020 0.1678
vn -0.0313 -0.9110 -0.4112
vn -0.9867 -0.0094 0.1625
vn -0.7823 0.0135 -0.6227
vn 0.0020 -0.0502 -0.9987
vn -0.1713 -0.8251 0.5383
vn -0.0426 -0.8217 0.5683
vn -0.9607 -0.0087 0.2774
vn -0.0812 0.0057 -0.9967
vn -0.2967 0.0002 -0.9550
vn -0.3008 0.0004 -0.9537
vn -0.0105 -0.6054 -0.7959
vn -0.0113 -0.6030 -0.7976
vn -0.0018 -0.6300 -0.7766
vn -0.0781 -0.9965 0.0302
vn -0.0493 -0.6253 -0.7788
vn 0.0419 0.7839 0.6194
vn -0.0431 -0.0022 0.9991
vn -0.9866 -0.0093 0.1631
vn -0.9288 -0.0023 -0.3707
vn 0.8114 -0.0011 -0.5845
vn -0.1049 -0.8511 0.5143
vn -0.9880 -0.0146 0.1540
vn -0.9834 0.0140 0.1808
vn -0.9958 0.0043 -0.0909
vn 0.0052 -0.8422 -0.5391
vn 0.0138 0.0544 0.9984
vn -0.9969 0.0031 0.0788
vn -0.1107 -0.5506 0.8274
vn 0.0024 -0.8371 -0.5471
vn 0.1178 0.9906 0.0694
vn -0.5464 0.0026 0.8375
vn -0.0596 -0.0441 0.9972
vn -0.9994 0.0076 0.0344
vn -0.9974 0.0022 -0.0726
vn -0.9916 -0.0010 -0.1297
vn 0.0045 -0.0082 -1.0000
vn 0.0481 -0.1931 -0.9800
vn -0.0801 -0.9122 -0.4018
vn -0.2476 -0.0124 0.9688
vn -0.9843 0.0027 0.1763
vn -0.2320 -0.0119 -0.9727
vn -0.2539 -0.9187 -0.3025
vn -0.9775 -0.0134 0.2105
vn -0.9945 -0.0013 0.1050
vn 0.0635 0.0054 0.9980
vn 0.0892 0.0043 0.9960
vn -0.0432 0.0095 0.9990
vn -0.9693 -0.0040 -0.2460
vn -0.0392 -0.7448 -0.6662
vn -0.0010 -0.6322 -0.7748
vn -0.4038 -0.8631 -0.3031
vn -0.9842 0.0090 0.1767
vn -0.9917 0.0019 0.1282
vn -0.9995 0.0090 -0.0303
vn -0.9383 -0.0045 -0.3457
vn 0.4681 0.0591 -0.8817
vn 0.0070 0.8349 -0.5504
vn -0.2832 -0.9486 -0.1410
vn -0.0477 -0.9710 -0.2342
vn 0.0160 -0.9771 -0.2120
vn -0.0845 -0.9714 -0.2218
vn -0.1778 -0.9486 0.2617
vn -0.0056 0.0032 1.0000
vn 0.0011 -0.0000 1.0000
vn -0.0142 -0.0011 0.9999
vn -0.1380 -0.7016 -0.6991
vn -1.0000 0.0040 0.0021
vn 0.7329 -0.0047 -0.6803
vn 0.7838 0.0010 -0.6211
vn 0.7851 0.0011 -0.6194
vn -0.9980 -0.0026 0.0629
vn 0.0096 -0.7666 -0.6421
vn 0.9319 -0.0040 0.3628
vn -0.0801 0.0057 0.9968
vn -0.9818 -0.0188 0.1888
vn 0.0046 -0.0082 -1.0000
vn 0.2147 -0.0224 -0.9764
vn 0.0995 -0.0116 -0.9950
vn -0.2826 -0.8410 -0.4614
vn 0.2170 0.6569 0.7221
vn -0.9510 -0.0051 0.3092
vn -0.1250 0.0041 0.9921
vn -0.0111 -0.0174 -0.9998
vn 0.0012 -0.2525 -0.9676
vn -0.2923 -0.8135 0.5027
vn -0.1344 -0.4628 0.8762
vn -0.2708 -0.0074 -0.9626
vn 0.0331 -0.0141 0.9994
vn -0.9930 -0.0116 0.1177
vn -0.9995 -0.0015 -0.0331
vn -0.9363 -0.0046 -0.3512
vn -0.7921 0.0106 -0.6102
vn 0.7314 -0.0048 -0.6819
vn 0.0013 -0.0003 -1.0000
vn -0.1508 -0.0044 -0.9886
vn -0.0010 -0.2798 -0.9601
vn -0.9885 0.0260 0.1491
vn -0.9952 0.0031 -0.0976
vn 0.0099 0.5206 -0.8537
vn 0.0260 0.5357 -0.8440
vn 0.0969 0.5984 -0.7953
vn -0.2849 -0.7971 -0.5324
vn -0.4739 -0.7470 -0.4662
vn -0.1944 -0.0079 0.9809
vn -0.7490 -0.0023 0.6626
vn -0.1944 -0.9265 0.3222
vn -0.9486 -0.0041 0.3164
vn -0.3496 -0.0295 -0.9364
vn -0.9815 -0.0081 0.1915
vn -0.0433 0.0095 0.9990
vn -0.1315 0.0037 0.9913
vn -0.1251 0.0041 0.9921
vn -0.9936 -0.0155 0.1116
vn -0.9999 0.0019 0.0101
vn -0.2614 -0.9618 -0.0809
vn -0.5336 -0.8047 -0.2603
vn -0.4988 -0.8604 -0.1043
vn -0.4966 -0.7681 0.4042
vn -0.4395 -0.8236 0.3585
vn -0.3400 -0.8430 0.4168
vn -0.0420 -0.0991 0.9942
vn -0.9884 0.0171 0.1509
vn -0.9465 -0.0152 -0.3224
vn -0.0001 0.7122 -0.7020
vn -0.1881 -0.6899 -0.6990
vn -0.3348 -0.9355 -0.1126
vn -0.3576 -0.8355 0.4173
vn -0.3707 -0.7802 0.5038
vn -0.2045 -0.6103 -0.7653
vn -0.1778 -0.3653 0.9137
vn 0.5050 0.0039 0.8631
vn 0.7024 0.0241 0.7113
vn 0.7000 0.0239 0.7137
vn -0.9759 -0.0114 -0.2181
vn -0.9981 -0.0044 -0.0617
vn -0.0113 -0.5931 -0.8050
vn 0.0056 -0.8440 -0.5363
vn -0.0006 0.7010 -0.7132
vn -0.5959 -0.7743 0.2129
vn -0.4871 -0.8468 0.2138
vn -0.6130 -0.7476 0.2555
vn 0.4529 0.7472 0.4864
vn -0.9990 -0.0122 -0.0419
vn -0.7913 0.0390 -0.6102
vn 0.5989 -0.4081 -0.6891
vn -0.2401 -0.9701 0.0359
vn -0.2444 -0.9695 0.0159
vn -0.4938 -0.7348 0.4650
vn -0.6721 -0.7077 0.2177
vn -0.9788 0.0401 0.2007
vn -0.9977 -0.0200 0.0641
vn -0.2045 -0.6102 -0.7654
vn -0.2872 -0.6198 -0.7303
vn -0.3070 -0.7686 0.5612
vn -0.4127 -0.8214 0.3938
vn -0.3262 -0.7801 0.5339
vn -0.1785 -0.3433 0.9221
vn 0.0010 -0.0119 0.9999
vn -0.9789 0.0400 0.2006
vn -0.9915 -0.0113 0.1296
vn -0.3742 -0.0391 -0.9265
vn 0.0872 0.1715 0.9813
vn 0.0023 -0.0190 0.9998
vn -0.2402 -0.0017 0.9707
vn -0.5218 -0.6761 -0.5203
vn -0.5822 -0.6906 -0.4291
vn -0.4036 -0.7496 0.5246
vn 0.5410 0.8329 0.1163
vn -0.8345 0.4900 0.2518
vn -0.9646 -0.0171 -0.2632
vn 0.0184 -0.0172 0.9997
vn -0.1035 -0.0701 0.9922
vn -0.4983 -0.0084 0.8670
vn -0.4959 -0.0090 0.8684
vn -0.5292 -0.0007 0.8485
vn -0.8433 -0.0178 0.5371
vn -0.7632 -0.0092 -0.6461
vn -0.6369 -0.7264 0.2584
vn -0.9234 -0.0074 -0.3837
vn -0.9752 -0.0211 -0.2203
vn -0.9363 -0.0046 -0.3511
vn -0.1298 -0.8620 -0.4900
vn -0.1296 -0.8632 -0.4879
vn -0.2850 -0.7970 -0.5324
vn -0.6327 -0.7592 -0.1528
vn -0.1516 -0.0235 0.9882
vn 0.4997 0.0034 0.8662
vn 0.5049 0.0039 0.8632
vn -0.9483 -0.0046 0.3174
vn -0.9955 -0.0016 0.0951
vn -0.9999 -0.0154 0.0070
vn 0.0078 0.7058 -0.7083
vn 0.8222 0.0058 -0.5691
vn 0.8227 0.0059 -0.5685
vn 0.8135 0.0039 -0.5816
vn 0.1203 0.6177 -0.7772
vn -0.0638 -0.1557 -0.9857
vn -0.3341 -0.6828 -0.6497
vn -0.3842 -0.9101 -0.1552
vn -0.5700 -0.8215 -0.0169
vn -0.1227 0.0230 0.9922
vn -0.1222 0.0231 0.9922
vn -0.1059 0.0170 0.9942
vn -0.1298 -0.8620 -0.4901
vn -0.1297 -0.8629 -0.4884
vn -0.1299 -0.8614 -0.4910
vn -0.0816 0.9481 -0.3074
vn 0.2891 0.9253 -0.2455
vn -0.4538 -0.8587 0.2380
vn -0.5558 -0.6959 0.4549
vn -0.9734 -0.0107 0.2288
vn -0.3360 0.8753 0.3477
vn -0.9866 0.0025 0.1630
vn -0.9850 -0.0128 0.1721
vn -0.9962 0.0161 0.0861
vn -0.9893 -0.0193 -0.1443
vn -0.4271 -0.9037 0.0310
vn -0.4127 -0.6454 -0.6428
vn -0.9633 -0.0086 0.2681
vn -0.9594 -0.0143 0.2816
vn -0.0806 -0.0009 0.9967
vn -0.1058 0.0170 0.9942
vn -0.9789 -0.0045 0.2044
vn -0.9890 -0.1132 -0.0948
vn -0.3662 -0.0041 -0.9305
vn -0.9854 0.1372 0.1007
vn -0.9717 -0.0207 0.2355
vn 0.8263 0.0004 -0.5632
vn -0.4112 0.0140 -0.9114
vn -0.4049 0.0133 -0.9143
vn -0.2895 0.0009 -0.9572
vn -0.0776 -0.1308 -0.9884
vn 0.0011 -0.2524 -0.9676
vn -0.6533 -0.6156 -0.4407
vn -0.7019 -0.7032 -0.1131
vn -0.4315 -0.8277 0.3588
vn -0.9973 -0.0544 -0.0488
vn -0.6164 -0.7244 -0.3086
vn -0.3630 -0.5597 -0.7450
vn -0.9920 0.0428 0.1184
vn -0.7691 -0.5187 -0.3733
vn -0.7695 -0.5179 -0.3736
vn -0.7732 -0.5100 -0.3769
vn -0.7695 -0.5180 -0.3736
vn -0.7762 -0.5033 -0.3797
vn -0.7732 -0.5101 -0.3769
vn -0.6891 0.6144 -0.3843
vn -0.6965 0.5975 -0.3973
vn -0.6400 0.7044 -0.3070
vn -0.6747 -0.5305 -0.5131
vn 0.4132 0.3930 0.8215
vn -0.2113 -0.0238 0.9771
vn -0.6977 -0.6830 0.2162
vn 0.1040 -0.0025 0.9946
vn -0.1509 -0.0044 -0.9885
vn -0.6340 -0.7699 -0.0733
vn -0.7118 -0.7011 -0.0426
vn -0.6551 -0.7552 -0.0222
vn -0.6769 -0.7200 0.1534
vn -0.6551 -0.7506 0.0863
vn -0.5543 -0.8051 0.2111
vn -0.4518 -0.5432 -0.7077
vn -0.9801 0.0003 0.1986
vn -0.9915 0.0500 0.1200
vn -0.9961 0.0493 0.0730
vn -0.9738 -0.1082 -0.2001
vn -0.2355 -0.0039 -0.9719
vn -0.2072 -0.0164 -0.9782
vn -0.2105 -0.0158 -0.9775
vn -0.0827 -0.1255 -0.9886
vn -0.0396 -0.0272 -0.9988
vn -0.4898 -0.5670 -0.6623
vn -0.9833 -0.0108 0.1814
vn -0.9869 0.1604 -0.0178
vn -0.6329 0.7152 -0.2965
vn -0.9020 0.0308 -0.4306
vn -0.8533 0.0675 -0.5170
vn -0.9171 -0.0074 -0.3986
vn -0.6440 -0.0099 -0.7650
vn -0.5361 -0.5136 -0.6699
vn 0.1288 0.0032 0.9917
vn -0.9842 0.0267 0.1752
vn -0.9909 -0.0017 0.1343
vn -0.9504 -0.0122 0.3108
vn -0.9861 0.0226 0.1648
vn -0.9406 0.3395 -0.0030
vn -0.9866 -0.0046 -0.1633
vn -0.9141 0.3156 -0.2545
vn -0.5735 -0.5957 0.5624
vn -0.5539 -0.4879 0.6746
vn -0.5679 -0.4862 0.6642
vn 0.6509 0.5297 0.5439
vn -0.9999 0.0049 0.0114
vn -0.7877 -0.6161 -0.0012
vn -0.9299 0.0091 -0.3678
vn -0.9149 -0.0164 -0.4032
vn -0.6591 -0.5020 -0.5601
vn -0.6834 -0.5083 -0.5240
vn -0.5600 -0.5889 -0.5827
vn -0.9959 0.0176 0.0885
vn 0.4776 0.5168 -0.7106
vn 0.4943 0.5300 -0.6890
vn 0.5633 0.5832 -0.5853
vn 0.5686 0.5871 -0.5762
vn 0.5634 0.5832 -0.5853
vn -0.2617 -0.1818 -0.9479
vn 0.0075 -0.0215 0.9997
vn 0.6916 -0.0137 -0.7221
vn -0.2402 -0.0266 -0.9704
vn -0.7920 -0.5926 -0.1465
vn -0.6467 -0.7560 0.1011
vn -0.5888 -0.6429 0.4899
vn -0.8637 -0.0110 0.5038
vn -0.9609 0.0209 -0.2761
vn -0.6254 -0.6515 0.4296
vn -0.9888 -0.0113 0.1490
vn -0.9977 0.0467 -0.0484
vn -0.9993 0.0002 -0.0362
vn -0.9988 0.0269 -0.0400
vn -0.9401 0.3236 -0.1074
vn -0.1640 -0.1746 -0.9709
vn -0.7337 -0.6468 -0.2081
vn -0.7870 -0.6150 -0.0483
vn -0.0264 0.0241 0.9994
vn -0.9962 0.0156 0.0858
vn -0.9472 0.0029 -0.3207
vn -0.6357 -0.7262 0.2617
vn 0.6632 0.0094 0.7483
vn 0.0572 0.0671 0.9961
vn -0.9478 -0.0144 0.3185
vn -0.9940 0.0270 -0.1060
vn -0.9875 0.0377 -0.1529
vn -0.2349 -0.0006 -0.9720
vn 0.7840 0.4511 -0.4264
vn 0.0140 -0.0291 0.9995
vn -0.5677 -0.5872 -0.5770
vn -0.9820 0.0293 -0.1866
vn -0.1579 -0.0326 -0.9869
vn -0.5013 -0.7650 0.4042
vn -0.5746 -0.4385 0.6911
vn -0.5679 -0.4861 0.6642
vn -0.5404 -0.0063 0.8414
vn -0.9921 0.0240 0.1229
vn -0.9965 -0.0120 0.0830
vn -0.9932 0.0080 -0.1157
vn 0.6634 0.3360 -0.6686
vn -0.7438 -0.4612 -0.4838
vn -0.7438 -0.6683 0.0060
vn -0.9641 -0.0128 0.2651
vn -0.9901 0.0016 0.1406
vn -0.1301 0.0320 -0.9910
vn 0.7783 -0.0084 -0.6279
vn -0.2844 -0.1523 -0.9465
vn -0.4698 -0.8597 0.2006
vn 0.3425 0.2039 0.9171
vn 0.3431 0.2044 0.9168
vn 0.3481 0.2047 0.9148
vn -0.3531 -0.1683 0.9203
vn -0.4017 -0.1176 0.9082
vn -0.3809 -0.1477 0.9128
vn 0.4040 0.1719 0.8985
vn -0.9694 -0.0147 -0.2450
vn -0.9664 -0.0026 -0.2569
vn -0.9685 -0.0108 -0.2489
vn -0.9970 -0.0028 -0.0771
vn -0.8586 -0.0074 -0.5125
vn -0.3257 -0.0107 -0.9454
vn 0.6028 0.0575 -0.7958
vn 0.5763 0.0804 -0.8133
vn 0.8587 0.0691 -0.5079
vn -0.8309 -0.4894 0.2647
vn -0.9879 -0.0151 0.1546
vn -0.9995 -0.0152 0.0274
vn -0.9995 -0.0063 -0.0321
vn -0.9986 -0.0062 -0.0518
vn -0.9705 -0.0080 -0.2411
vn -0.2278 -0.0705 -0.9712
vn -0.1972 -0.0733 -0.9776
vn -0.8160 -0.3131 -0.4860
vn -0.6219 -0.6495 0.4375
vn -0.6095 -0.6623 0.4358
vn 0.1159 0.0057 0.9932
vn -0.9974 -0.0095 0.0712
vn -0.8586 -0.0074 -0.5126
vn -0.8861 -0.0062 -0.4634
vn -0.7985 -0.4227 0.4286
vn 0.9679 0.1670 0.1880
vn -0.9522 -0.0164 0.3049
vn -0.9900 -0.0324 0.1372
vn -0.3349 -0.9202 0.2024
vn -0.3141 -0.9264 0.2075
vn -0.3349 -0.9202 0.2025
vn -0.3623 -0.0423 0.9311
vn -0.9334 -0.0783 0.3501
vn -0.9274 -0.0039 -0.3741
vn -0.7899 -0.6130 -0.0135
vn -0.7496 -0.6497 0.1262
vn -0.8103 -0.5053 0.2967
vn -0.7689 -0.5826 0.2633
vn -0.8023 -0.4924 0.3374
vn -0.5518 -0.6017 -0.5775
vn 0.0721 0.0738 0.9947
vn -0.9445 -0.0199 0.3280
vn -0.9832 -0.0374 0.1787
vn -0.9541 -0.1363 0.2667
vn -0.9951 -0.0205 0.0966
vn -0.9992 -0.0039 -0.0402
vn -0.9873 -0.0070 -0.1589
vn -0.9988 -0.0207 0.0444
vn -0.8268 -0.4544 -0.3316
vn -0.7965 -0.5733 0.1922
vn -0.8313 -0.4929 -0.2568
vn -0.8742 -0.4795 -0.0765
vn -0.9619 0.1066 -0.2517
vn -0.8239 -0.5667 -0.0088
vn -0.9654 0.0014 -0.2608
vn -0.9498 -0.0050 -0.3128
vn -0.8434 -0.2925 -0.4507
vn -0.8123 -0.5787 0.0726
vn -0.9184 -0.0397 0.3936
vn -0.9836 0.0042 0.1802
vn -0.9903 -0.0059 0.1385
vn -0.9994 0.0079 0.0329
vn -0.9997 -0.0211 0.0085
vn -0.9996 -0.0158 -0.0214
vn -0.7453 -0.0759 -0.6624
vn -0.7406 -0.1181 -0.6615
vn -0.8091 -0.2110 -0.5486
vn -0.8211 -0.2191 -0.5271
vn -0.8344 -0.4346 0.3389
vn -0.8367 -0.4113 0.3616
vn -0.8724 -0.3351 0.3558
vn -0.7795 -0.1870 0.5979
vn -0.9277 -0.0043 -0.3733
vn -0.8917 -0.2701 -0.3631
vn -0.9227 -0.3478 -0.1660
vn 0.1107 0.0052 0.9938
vn -0.9954 -0.0077 -0.0955
vn -0.9683 -0.0117 -0.2496
vn -0.6965 -0.2223 -0.6822
vn -0.6104 -0.2952 -0.7350
vn -0.6406 -0.2710 -0.7184
vn -0.8685 -0.4949 -0.0261
vn -0.9890 0.0073 0.1476
vn -0.9966 -0.0128 0.0816
vn -0.9906 -0.0345 0.1323
vn -0.9984 -0.0105 -0.0547
vn -0.9441 -0.0209 -0.3290
vn -0.9493 -0.2471 -0.1944
vn -0.9502 -0.2466 -0.1906
vn -0.9942 -0.0946 -0.0502
vn -0.8803 -0.1343 -0.4549
vn -0.9091 -0.1696 -0.3804
vn 0.2744 0.1598 0.9483
vn -0.8984 -0.2736 0.3435
vn -0.9914 -0.0360 0.1258
vn -0.9981 -0.0092 0.0607
vn -0.9837 -0.0053 -0.1798
vn -0.9943 -0.0946 -0.0502
vn -0.9796 -0.1745 -0.1000
vn -0.9139 -0.4040 -0.0396
vn -0.8951 -0.4457 -0.0078
vn -0.9614 -0.2067 -0.1815
vn -0.6966 -0.2222 -0.6822
vn -0.6407 -0.2710 -0.7184
vn -0.7285 -0.1916 -0.6577
vn -0.9929 -0.0350 -0.1141
vn -0.9687 -0.0071 -0.2481
vn 0.1739 0.0582 0.9830
vn -0.9573 -0.0971 0.2725
vn -0.6739 -0.0262 -0.7384
vn -0.9614 -0.0111 0.2748
vn -0.9996 -0.0038 -0.0266
vn -0.9997 -0.0245 -0.0015
vn -0.8876 -0.4527 0.0847
vn -0.8863 -0.2955 0.3566
vn -0.8612 -0.3823 0.3349
vn -0.9373 -0.1317 0.3227
vn -0.9989 -0.0165 -0.0439
vn -0.9286 0.0005 -0.3710
vn -0.9910 -0.1098 0.0761
vn -0.9088 -0.0480 -0.4145
vn -0.9595 -0.2672 -0.0890
vn -0.8740 -0.4359 0.2148
vn -0.9389 -0.1059 0.3276
vn -0.9874 -0.0038 0.1580
vn -0.9685 -0.0132 -0.2486
vn -0.9861 0.0035 0.1660
vn -0.9662 -0.2572 -0.0157
vn 0.0198 0.0244 0.9995
vn -0.9975 -0.0048 0.0702
vn -0.9993 -0.0017 -0.0366
vn -0.9359 0.0010 0.3521
vn -0.9984 -0.0205 -0.0536
vn -0.9848 -0.0126 -0.1732
vn -0.9555 0.0085 -0.2949
vn -0.9689 -0.1366 -0.2065
vn -0.9838 -0.1654 -0.0692
vn -0.9291 -0.3476 0.1265
vn -0.9915 0.0049 0.1299
vn -0.9998 -0.0180 -0.0018
vn -0.9957 -0.0068 -0.0925
vn -0.9348 -0.0838 -0.3452
vn -0.9289 -0.3060 0.2086
vn -0.9218 -0.2586 0.2888
vn 0.0890 0.0091 0.9960
vn -0.9790 -0.0138 0.2034
vn -0.9508 0.0282 -0.3084
vn -0.9793 -0.0881 -0.1823
vn -0.9072 0.0318 0.4196
vn -0.9553 -0.1681 0.2432
vn -0.9797 -0.1943 -0.0489
vn -0.9556 -0.2915 0.0424
vn -0.9600 -0.2199 0.1731
vn -0.9858 -0.1152 -0.1219
vn -0.9938 -0.0407 0.1034
vn -0.9822 0.0077 -0.1876
vn -0.9890 -0.1083 -0.1007
vn -0.9740 -0.0788 0.2124
vn -0.9844 -0.0585 0.1661
vn -0.9997 0.0034 0.0240
vn -0.9720 -0.1361 0.1916
vn -0.9841 -0.0339 0.1741
vn -0.9466 0.0529 -0.3180
vn -0.8585 -0.4860 -0.1638
vn -0.8633 -0.4877 -0.1302
vn -0.8430 -0.5195 -0.1396
vn -0.9725 -0.2157 0.0872
vn -0.9763 -0.0084 0.2162
vn -0.9814 0.0964 -0.1661
vn -0.9762 0.0030 0.2166
vn -0.9556 0.2942 -0.0142
vn -0.9858 -0.0793 0.1482
vn -0.9986 0.0241 -0.0469
vn -0.9848 -0.1578 -0.0719
vn -0.7831 -0.5972 -0.1734
vn -0.9949 -0.0955 -0.0330
vn -0.9969 -0.0311 0.0727
vn -0.9787 -0.0758 0.1908
vn -0.9224 0.2986 0.2449
vn -0.9906 -0.1345 0.0242
vn -0.9726 -0.2220 -0.0696
vn 0.0699 -0.2421 0.9677
vn -0.2973 0.0606 0.9529
vn 0.2117 0.8422 0.4959
vn -0.9840 0.0478 -0.1715
vn -0.7313 -0.6779 -0.0758
vn -0.9923 0.1193 0.0325
vn -0.2929 0.9557 0.0273
vn -0.3322 0.9423 0.0405
vn -0.3269 0.9443 0.0391
vn -0.9884 -0.1239 0.0884
vn -0.9883 -0.1239 0.0884
vn -0.9991 0.0182 0.0372
vn -0.9980 0.0417 0.0465
vn -0.9997 -0.0252 0.0069
vn -0.9991 0.0406 -0.0089
vn -0.7664 -0.6196 -0.1695
vn -0.0985 -0.9427 0.3188
vn -0.9278 -0.3720 -0.0290
vn -0.7398 0.6097 0.2845
vn -0.7696 -0.6385 0.0053
vn -0.9975 0.0204 -0.0678
vn -0.3269 0.9442 0.0391
vn -0.3691 0.9294 0.0072
vn -0.2929 0.9557 0.0274
vn -0.3763 0.9265 0.0054
vn -0.9418 -0.3297 0.0651
vn -0.9340 -0.3568 0.0185
vn -0.6380 -0.7690 0.0390
vn -0.6803 -0.7322 0.0319
vn -0.6804 -0.7322 0.0319
vt 0.621792 0.880230
vt 0.620672 0.874346
vt 0.646158 0.878012
vt 0.339952 0.317724
vt 0.342753 0.323547
vt 0.341521 0.331149
vt 0.311414 0.258199
vt 0.311982 0.267058
vt 0.306867 0.261699
vt 0.317011 0.262115
vt 0.318570 0.254816
vt 0.318182 0.248989
vt 0.311278 0.251476
vt 0.314439 0.273377
vt 0.308426 0.274466
vt 0.320005 0.271958
vt 0.305983 0.269509
vt 0.309719 0.279596
vt 0.302430 0.280345
vt 0.310389 0.284171
vt 0.309772 0.291520
vt 0.301831 0.286974
vt 0.303933 0.253032
vt 0.318884 0.279648
vt 0.321293 0.266824
vt 0.305345 0.284090
vt 0.300615 0.259705
vt 0.303551 0.265533
vt 0.301668 0.296749
vt 0.303027 0.291870
vt 0.315425 0.283197
vt 0.323891 0.259972
vt 0.312580 0.243642
vt 0.314866 0.238691
vt 0.322072 0.243242
vt 0.319195 0.290113
vt 0.326598 0.253878
vt 0.307485 0.247282
vt 0.298404 0.298170
vt 0.308928 0.303712
vt 0.295956 0.306204
vt 0.299186 0.274333
vt 0.925331 0.269555
vt 0.935392 0.262812
vt 0.940375 0.275100
vt 0.961538 0.275113
vt 0.963012 0.281898
vt 0.956584 0.282090
vt 0.345341 0.690075
vt 0.350669 0.662021
vt 0.349705 0.677069
vt 0.450502 0.664348
vt 0.435352 0.653730
vt 0.445109 0.660086
vt 0.373688 0.795042
vt 0.359330 0.801948
vt 0.373094 0.786398
vt 0.378911 0.770484
vt 0.368900 0.781007
vt 0.373587 0.802482
vt 0.364684 0.804569
vt 0.374381 0.761637
vt 0.391306 0.755203
vt 0.361747 0.794889
vt 0.386998 0.775862
vt 0.379601 0.787384
vt 0.387369 0.744932
vt 0.360820 0.810923
vt 0.371845 0.810066
vt 0.368844 0.772174
vt 0.376570 0.746449
vt 0.385008 0.791570
vt 0.396176 0.762272
vt 0.360163 0.781052
vt 0.388136 0.799691
vt 0.364396 0.820219
vt 0.378377 0.808843
vt 0.359970 0.759081
vt 0.375593 0.817126
vt 0.391689 0.779666
vt 0.381616 0.727783
vt 0.354395 0.796236
vt 0.364915 0.814942
vt 0.390261 0.702673
vt 0.375803 0.727559
vt 0.361025 0.768504
vt 0.367863 0.748608
vt 0.352331 0.808231
vt 0.352453 0.792414
vt 0.386911 0.808763
vt 0.410539 0.745215
vt 0.398804 0.736201
vt 0.375703 0.822856
vt 0.388733 0.815615
vt 0.393790 0.728207
vt 0.342446 0.797622
vt 0.365549 0.825604
vt 0.397631 0.786635
vt 0.352187 0.822594
vt 0.399300 0.732007
vt 0.395117 0.719098
vt 0.380047 0.712163
vt 0.352610 0.771317
vt 0.351219 0.771565
vt 0.398383 0.804834
vt 0.406838 0.779567
vt 0.406300 0.717333
vt 0.367836 0.829651
vt 0.373745 0.836329
vt 0.383850 0.823855
vt 0.343121 0.775707
vt 0.363492 0.838070
vt 0.413293 0.761667
vt 0.408107 0.723937
vt 0.380865 0.701789
vt 0.372352 0.723290
vt 0.393091 0.694564
vt 0.388760 0.673494
vt 0.360571 0.750789
vt 0.341844 0.810124
vt 0.349027 0.829602
vt 0.381041 0.692171
vt 0.340213 0.796851
vt 0.406078 0.792870
vt 0.364627 0.732322
vt 0.340824 0.774575
vt 0.339299 0.783063
vt 0.339073 0.808330
vt 0.333293 0.796008
vt 0.318103 0.826947
vt 0.325653 0.802603
vt 0.324486 0.818854
vt 0.325298 0.829431
vt 0.327364 0.796483
vt 0.333239 0.815157
vt 0.356939 0.834389
vt 0.382381 0.834273
vt 0.361094 0.844541
vt 0.399025 0.817614
vt 0.368192 0.719068
vt 0.355511 0.747906
vt 0.355796 0.841760
vt 0.359504 0.735866
vt 0.408752 0.803383
vt 0.431223 0.758435
vt 0.339823 0.823215
vt 0.370919 0.849328
vt 0.403965 0.673728
vt 0.349560 0.740814
vt 0.408800 0.698035
vt 0.393229 0.668472
vt 0.373526 0.692505
vt 0.375715 0.684806
vt 0.346556 0.844748
vt 0.378364 0.671915
vt 0.368093 0.704153
vt 0.304922 0.773497
vt 0.299126 0.809965
vt 0.336885 0.823667
vt 0.357406 0.850685
vt 0.363963 0.849856
vt 0.386874 0.837135
vt 0.406476 0.699671
vt 0.365810 0.713222
vt 0.312304 0.836382
vt 0.417786 0.784780
vt 0.417062 0.695115
vt 0.390051 0.666635
vt 0.347570 0.733246
vt 0.332472 0.755142
vt 0.376766 0.850361
vt 0.409421 0.807113
vt 0.357102 0.726316
vt 0.325003 0.785327
vt 0.325875 0.834857
vt 0.335000 0.836388
vt 0.396661 0.831657
vt 0.436064 0.703174
vt 0.385494 0.652936
vt 0.370891 0.685654
vt 0.363128 0.701532
vt 0.329371 0.773953
vt 0.348820 0.854047
vt 0.385417 0.843778
vt 0.405120 0.821351
vt 0.373241 0.669954
vt 0.360484 0.711353
vt 0.391325 0.660648
vt 0.372328 0.664951
vt 0.373293 0.658805
vt 0.360745 0.698652
vt 0.419521 0.804412
vt 0.428809 0.790404
vt 0.365850 0.685393
vt 0.353569 0.719814
vt 0.355059 0.860474
vt 0.359713 0.862927
vt 0.415201 0.813289
vt 0.367917 0.659352
vt 0.337141 0.747252
vt 0.301249 0.793721
vt 0.339789 0.853252
vt 0.386148 0.853161
vt 0.446273 0.729559
vt 0.406578 0.670363
vt 0.374368 0.645328
vt 0.327859 0.841340
vt 0.397112 0.841001
vt 0.400863 0.664493
vt 0.353420 0.705877
vt 0.337704 0.735890
vt 0.348289 0.861074
vt 0.369866 0.860374
vt 0.422634 0.807153
vt 0.443470 0.751772
vt 0.446389 0.743108
vt 0.387146 0.639706
vt 0.285075 0.833459
vt 0.415882 0.674251
vt 0.324783 0.765442
vt 0.321260 0.751478
vt 0.316973 0.846746
vt 0.442320 0.774820
vt 0.308849 0.849633
vt 0.410800 0.830708
vt 0.451199 0.708469
vt 0.361549 0.684368
vt 0.298174 0.785554
vt 0.325370 0.856572
vt 0.361781 0.870248
vt 0.416398 0.818403
vt 0.440581 0.763622
vt 0.403437 0.663977
vt 0.404579 0.655036
vt 0.450870 0.722833
vt 0.365082 0.672112
vt 0.301351 0.845478
vt 0.323472 0.853011
vt 0.329537 0.870800
vt 0.399880 0.636397
vt 0.381968 0.618539
vt 0.370398 0.645552
vt 0.368036 0.643892
vt 0.353865 0.693168
vt 0.340931 0.870911
vt 0.421413 0.817322
vt 0.431889 0.808836
vt 0.371651 0.632551
vt 0.362265 0.660119
vt 0.398995 0.848176
vt 0.436176 0.798213
vt 0.359594 0.673397
vt 0.291978 0.791597
vt 0.297997 0.774368
vt 0.317835 0.852724
vt 0.356461 0.672226
vt 0.354907 0.684161
vt 0.285733 0.807227
vt 0.374342 0.863942
vt 0.438076 0.790767
vt 0.297136 0.770225
vt 0.292420 0.770970
vt 0.389588 0.862328
vt 0.414066 0.644758
vt 0.385101 0.620614
vt 0.344628 0.697128
vt 0.283670 0.798532
vt 0.288992 0.851565
vt 0.362008 0.644709
vt 0.356386 0.665454
vt 0.322387 0.737547
vt 0.275128 0.792909
vt 0.447910 0.764532
vt 0.365838 0.632504
vt 0.329437 0.866269
vt 0.406555 0.847497
vt 0.422383 0.823256
vt 0.452898 0.751202
vt 0.380694 0.609530
vt 0.325773 0.722057
vt 0.298666 0.759445
vt 0.281561 0.767522
vt 0.268092 0.799450
vt 0.271302 0.788981
vt 0.323746 0.884142
vt 0.444528 0.781213
vt 0.332968 0.710843
vt 0.286374 0.814741
vt 0.379551 0.870084
vt 0.366614 0.625192
vt 0.307613 0.734879
vt 0.298981 0.744665
vt 0.297702 0.858809
vt 0.361457 0.881849
vt 0.439907 0.803430
vt 0.450224 0.681478
vt 0.409108 0.625760
vt 0.400516 0.620863
vt 0.254985 0.792551
vt 0.265810 0.769252
vt 0.270151 0.780150
vt 0.334791 0.699644
vt 0.259299 0.807215
vt 0.265523 0.809033
vt 0.369411 0.612315
vt 0.358229 0.637472
vt 0.354630 0.648973
vt 0.278162 0.860577
vt 0.434662 0.816175
vt 0.278686 0.765591
vt 0.421185 0.834258
vt 0.395203 0.612383
vt 0.312545 0.877330
vt 0.304494 0.884573
vt 0.401135 0.862416
vt 0.385398 0.603808
vt 0.317563 0.725980
vt 0.297526 0.746986
vt 0.291947 0.752800
vt 0.258722 0.813854
vt 0.262610 0.824894
vt 0.272315 0.819554
vt 0.367285 0.895583
vt 0.451909 0.788952
vt 0.464255 0.768533
vt 0.280937 0.764227
vt 0.253000 0.778305
vt 0.299205 0.864891
vt 0.298208 0.869433
vt 0.299405 0.871116
vt 0.384486 0.873973
vt 0.414336 0.850084
vt 0.452354 0.774025
vt 0.358624 0.621824
vt 0.440418 0.821075
vt 0.445386 0.804415
vt 0.384018 0.598924
vt 0.352872 0.632038
vt 0.317976 0.711391
vt 0.406824 0.604202
vt 0.372763 0.597560
vt 0.346674 0.641758
vt 0.348194 0.649525
vt 0.340936 0.661418
vt 0.277226 0.821311
vt 0.361865 0.608516
vt 0.244969 0.790572
vt 0.299842 0.726769
vt 0.234299 0.811526
vt 0.447483 0.808708
vt 0.469002 0.711218
vt 0.432995 0.611694
vt 0.395313 0.607348
vt 0.367840 0.591907
vt 0.268420 0.833613
vt 0.417484 0.859455
vt 0.430078 0.834601
vt 0.340913 0.648054
vt 0.329274 0.647576
vt 0.331334 0.680425
vt 0.293809 0.722700
vt 0.288972 0.725492
vt 0.253452 0.876257
vt 0.269222 0.896911
vt 0.446098 0.644393
vt 0.379599 0.583828
vt 0.375746 0.582335
vt 0.259631 0.758188
vt 0.252765 0.760645
vt 0.248121 0.778081
vt 0.251568 0.854392
vt 0.320368 0.710547
vt 0.279807 0.749141
vt 0.238061 0.787365
vt 0.246611 0.772822
vt 0.258148 0.818346
vt 0.253937 0.865081
vt 0.291440 0.723992
vt 0.282847 0.739841
vt 0.273459 0.742932
vt 0.250500 0.816623
vt 0.254750 0.885538
vt 0.267634 0.894560
vt 0.423582 0.849903
vt 0.360882 0.602363
vt 0.337309 0.625930
vt 0.325158 0.679898
vt 0.283947 0.719628
vt 0.237895 0.824906
vt 0.401043 0.872824
vt 0.443070 0.630671
vt 0.351129 0.616742
vt 0.240318 0.886058
vt 0.409277 0.885602
vt 0.391959 0.583184
vt 0.367840 0.582712
vt 0.357111 0.595199
vt 0.256158 0.760182
vt 0.250150 0.760505
vt 0.239287 0.789907
vt 0.234576 0.800069
vt 0.249778 0.825856
vt 0.261411 0.840614
vt 0.344370 0.915247
vt 0.353985 0.604471
vt 0.345146 0.626837
vt 0.233192 0.895266
vt 0.256990 0.912695
vt 0.643533 0.116916
vt 0.690893 0.152853
vt 0.674942 0.143588
vt 0.701903 0.163748
vt 0.257854 0.834653
vt 0.673453 0.146529
vt 0.368845 0.575050
vt 0.358942 0.581275
vt 0.236446 0.759781
vt 0.223207 0.780832
vt 0.248991 0.823110
vt 0.263090 0.827287
vt 0.262794 0.827665
vt 0.263366 0.827314
vt 0.431711 0.848285
vt 0.461809 0.793814
vt 0.278037 0.733274
vt 0.264318 0.740233
vt 0.444569 0.619764
vt 0.431992 0.586841
vt 0.408381 0.585171
vt 0.353423 0.589016
vt 0.344695 0.613858
vt 0.230800 0.872998
vt 0.413780 0.870060
vt 0.638092 0.119430
vt 0.368286 0.566736
vt 0.346449 0.603834
vt 0.445181 0.835336
vt 0.388009 0.560623
vt 0.326552 0.646903
vt 0.294456 0.702406
vt 0.708087 0.175546
vt 0.470324 0.666143
vt 0.449110 0.635033
vt 0.443972 0.610248
vt 0.314353 0.688700
vt 0.288007 0.707287
vt 0.234064 0.905450
vt 0.428250 0.860725
vt 0.460622 0.816192
vt 0.361172 0.564753
vt 0.274365 0.716097
vt 0.223828 0.802060
vt 0.227360 0.836258
vt 0.337105 0.611008
vt 0.250962 0.745365
vt 0.213851 0.766769
vt 0.226540 0.796947
vt 0.238390 0.830644
vt 0.619951 0.105585
vt 0.727066 0.177138
vt 0.380735 0.559839
vt 0.318474 0.656450
vt 0.313966 0.673758
vt 0.250743 0.750869
vt 0.207309 0.819493
vt 0.227176 0.904097
vt 0.668484 0.154732
vt 0.729593 0.181404
vt 0.368305 0.555546
vt 0.360550 0.553849
vt 0.373311 0.543026
vt 0.317148 0.684724
vt 0.277971 0.706093
vt 0.250319 0.736075
vt 0.209312 0.796463
vt 0.347397 0.581956
vt 0.353455 0.574173
vt 0.249967 0.847690
vt 0.210781 0.879751
vt 0.441473 0.846408
vt 0.614200 0.108154
vt 0.630796 0.123167
vt 0.406941 0.569660
vt 0.343419 0.592667
vt 0.284688 0.675112
vt 0.247435 0.743674
vt 0.240504 0.846192
vt 0.355317 0.561448
vt 0.213158 0.827574
vt 0.230426 0.893288
vt 0.427481 0.872992
vt 0.274150 0.720738
vt 0.204940 0.866987
vt 0.236250 0.915970
vt 0.433116 0.861308
vt 0.379459 0.550978
vt 0.355152 0.552536
vt 0.199644 0.804687
vt 0.196421 0.885672
vt 0.595374 0.104447
vt 0.704593 0.176492
vt 0.324326 0.599900
vt 0.228311 0.856008
vt 0.420706 0.559847
vt 0.304964 0.936379
vt 0.452480 0.836976
vt 0.626167 0.127624
vt 0.444573 0.596778
vt 0.372985 0.540902
vt 0.267359 0.714424
vt 0.207267 0.799591
vt 0.218803 0.833654
vt 0.181456 0.908750
vt 0.656713 0.155841
vt 0.346709 0.569497
vt 0.228010 0.747100
vt 0.201604 0.777754
vt 0.402758 0.547735
vt 0.369161 0.535691
vt 0.350190 0.536474
vt 0.339592 0.579985
vt 0.261349 0.716821
vt 0.446676 0.848358
vt 0.593032 0.108040
vt 0.466369 0.610957
vt 0.393483 0.540020
vt 0.256424 0.723308
vt 0.198465 0.874460
vt 0.359477 0.927103
vt 0.417133 0.922101
vt 0.266954 0.710666
vt 0.201469 0.852029
vt 0.218240 0.927164
vt 0.430970 0.881576
vt 0.438828 0.860772
vt 0.601970 0.112077
vt 0.707032 0.182282
vt 0.343658 0.544908
vt 0.341764 0.551922
vt 0.316218 0.604895
vt 0.275859 0.691495
vt 0.189095 0.857202
vt 0.183673 0.892297
vt 0.441941 0.581655
vt 0.312607 0.639302
vt 0.182095 0.904888
vt 0.609263 0.121550
vt 0.649785 0.155792
vt 0.691122 0.176806
vt 0.341742 0.541686
vt 0.332917 0.570593
vt 0.242321 0.724056
vt 0.210598 0.855456
vt 0.449959 0.854933
vt 0.381579 0.530895
vt 0.343754 0.561548
vt 0.322073 0.600888
vt 0.264885 0.692609
vt 0.241757 0.736508
vt 0.215121 0.742863
vt 0.459708 0.838661
vt 0.571759 0.107724
vt 0.409901 0.525609
vt 0.331752 0.571762
vt 0.311503 0.593442
vt 0.185884 0.894265
vt 0.149092 0.896659
vt 0.349839 0.532465
vt 0.346336 0.521306
vt 0.339390 0.550971
vt 0.259279 0.701821
vt 0.615029 0.128060
vt 0.412222 0.542887
vt 0.168238 0.855926
vt 0.434197 0.570376
vt 0.412273 0.528135
vt 0.201794 0.759231
vt 0.445303 0.873403
vt 0.442829 0.573109
vt 0.319283 0.556327
vt 0.229383 0.722581
vt 0.176820 0.814859
vt 0.202656 0.839036
vt 0.716230 0.189797
vt 0.421402 0.543415
vt 0.429148 0.546015
vt 0.278535 0.682567
vt 0.181181 0.795978
vt 0.193814 0.933295
vt 0.562330 0.116983
vt 0.752339 0.192791
vt 0.412166 0.532407
vt 0.139116 0.879739
vt 0.461356 0.855485
vt 0.309213 0.621872
vt 0.288538 0.648220
vt 0.263115 0.686518
vt 0.231852 0.728637
vt 0.181678 0.831963
vt 0.161305 0.860667
vt 0.594046 0.124271
vt 0.438354 0.560513
vt 0.334180 0.559051
vt 0.245353 0.710719
vt 0.187229 0.794612
vt 0.167810 0.820777
vt 0.138076 0.913840
vt 0.332041 0.942758
vt 0.419405 0.533577
vt 0.184009 0.839472
vt 0.178260 0.843478
vt 0.123246 0.882165
vt 0.139298 0.888488
vt 0.764824 0.202894
vt 0.344412 0.528849
vt 0.184908 0.782351
vt 0.573729 0.121717
vt 0.780136 0.199977
vt 0.252565 0.680557
vt 0.195898 0.739333
vt 0.189576 0.757708
vt 0.144131 0.874440
vt 0.140770 0.910120
vt 0.146834 0.957767
vt 0.785671 0.199612
vt 0.434802 0.550613
vt 0.343980 0.490131
vt 0.363397 0.483261
vt 0.331026 0.537371
vt 0.261722 0.677289
vt 0.247583 0.698372
vt 0.184323 0.948401
vt 0.549090 0.116158
vt 0.557988 0.109392
vt 0.574371 0.130885
vt 0.428608 0.536232
vt 0.318263 0.569602
vt 0.295067 0.950019
vt 0.248801 0.954605
vt 0.570941 0.127643
vt 0.755498 0.199764
vt 0.261018 0.668254
vt 0.210358 0.722322
vt 0.130488 0.904561
vt 0.228491 0.948560
vt 0.582183 0.186327
vt 0.456262 0.563074
vt 0.160310 0.848718
vt 0.148297 0.846147
vt 0.441719 0.890880
vt 0.756021 0.289104
vt 0.739103 0.218774
vt 0.747771 0.252978
vt 0.333147 0.534527
vt 0.229006 0.703357
vt 0.525956 0.121343
vt 0.435709 0.536404
vt 0.339400 0.492587
vt 0.166551 0.834099
vt 0.164407 0.834549
vt 0.273119 0.957207
vt 0.305932 0.958268
vt 0.308771 0.603839
vt 0.248999 0.692217
vt 0.128922 0.891433
vt 0.441222 0.537826
vt 0.815389 0.212181
vt 0.190241 0.718691
vt 0.783378 0.328829
vt 0.788514 0.304923
vt 0.785291 0.328922
vt 0.426377 0.525317
vt 0.255216 0.654716
vt 0.246355 0.683973
vt 0.178247 0.743972
vt 0.175672 0.762041
vt 0.171589 0.784823
vt 0.150716 0.831627
vt 0.995000 0.322861
vt 0.990556 0.322949
vt 0.984276 0.312179
vt 0.529545 0.133801
vt 0.809041 0.212344
vt 0.331164 0.486538
vt 0.245312 0.688387
vt 0.848569 0.426415
vt 0.835077 0.434578
vt 0.850901 0.406225
vt 0.546896 0.131287
vt 0.417985 0.515529
vt 0.414354 0.514077
vt 0.329160 0.510250
vt 0.238292 0.669885
vt 0.245694 0.668787
vt 0.240097 0.684744
vt 0.156402 0.801163
vt 0.125590 0.840185
vt 0.124430 0.870167
vt 0.790887 0.345982
vt 0.390414 0.478579
vt 0.309264 0.548413
vt 0.223283 0.674450
vt 0.230283 0.688560
vt 0.210105 0.716031
vt 0.168121 0.787386
vt 0.757786 0.285901
vt 0.429427 0.524692
vt 0.346331 0.483502
vt 0.249344 0.669374
vt 0.225157 0.967353
vt 0.866568 0.385382
vt 0.875204 0.397657
vt 0.845238 0.662856
vt 0.916195 0.673651
vt 0.871982 0.715391
vt 0.234524 0.686088
vt 0.173807 0.726899
vt 0.155299 0.820270
vt 0.095119 0.893004
vt 0.987631 0.295548
vt 0.553203 0.137682
vt 0.271092 0.592038
vt 0.410931 0.492365
vt 0.371738 0.461902
vt 0.304917 0.589179
vt 0.212833 0.691912
vt 0.149487 0.824358
vt 0.104267 0.895064
vt 0.983566 0.303569
vt 0.961841 0.312326
vt 0.504357 0.159034
vt 0.505921 0.160951
vt 0.304617 0.569421
vt 0.133499 0.833193
vt 0.270840 0.966514
vt 0.117231 0.884656
vt 0.971626 0.305339
vt 0.975436 0.302125
vt 0.944219 0.328738
vt 0.522038 0.163271
vt 0.134691 0.827076
vt 0.386975 0.475196
vt 0.325928 0.510765
vt 0.242869 0.659482
vt 0.192687 0.711917
vt 0.106972 0.886413
vt 0.551902 0.143354
vt 0.707590 0.272982
vt 0.423541 0.494429
vt 0.415947 0.474139
vt 0.512145 0.163098
vt 0.807197 0.371470
vt 0.818792 0.381067
vt 0.812213 0.403653
vt 0.215938 0.700380
vt 0.161018 0.759802
vt 0.109462 0.863347
vt 0.107931 0.863422
vt 0.851836 0.700380
vt 0.781835 0.355534
vt 0.763916 0.292110
vt 0.779364 0.325301
vt 0.157533 0.770115
vt 0.233434 0.662266
vt 0.164832 0.738954
vt 0.139119 0.802646
vt 0.106543 0.869714
vt 0.886034 0.393073
vt 0.313698 0.512985
vt 0.309619 0.515283
vt 0.300521 0.559755
vt 0.199907 0.694569
vt 0.177174 0.716110
vt 0.100108 0.880115
vt 0.963432 0.301659
vt 0.533282 0.175281
vt 0.840699 0.694595
vt 0.350125 0.392168
vt 0.301177 0.541210
vt 0.202754 0.661778
vt 0.224256 0.665459
vt 0.220987 0.681500
vt 0.959353 0.291299
vt 0.380088 0.028966
vt 0.375365 0.031511
vt 0.377143 0.023194
vt 0.405144 0.019230
vt 0.401632 0.015810
vt 0.402211 0.012237
vt 0.385750 0.026412
vt 0.393270 0.034301
vt 0.376681 0.021037
vt 0.375922 0.011716
vt 0.396121 0.046527
vt 0.403184 0.024818
vt 0.808087 0.727209
vt 0.822716 0.718033
vt 0.814847 0.735060
vt 0.830104 0.723453
vt 0.814342 0.707625
vt 0.805752 0.750065
vt 0.814743 0.743626
vt 0.830568 0.689327
vt 0.822425 0.706670
vt 0.831553 0.715397
vt 0.813294 0.699738
vt 0.795518 0.732621
vt 0.799632 0.741622
vt 0.835939 0.734451
vt 0.840012 0.728951
vt 0.766626 0.319319
vt 0.795078 0.381832
vt 0.798118 0.387811
vt 0.410215 0.475798
vt 0.323010 0.430614
vt 0.219793 0.678448
vt 0.973778 0.289482
vt 0.944032 0.314161
vt 0.799738 0.720709
vt 0.787140 0.732434
vt 0.791107 0.739360
vt 0.783408 0.736052
vt 0.352376 0.030658
vt 0.340982 0.031776
vt 0.346452 0.013942
vt 0.933773 0.723480
vt 0.298302 0.555479
vt 0.214781 0.685161
vt 0.144286 0.785572
vt 0.134028 0.803883
vt 0.103172 0.874338
vt 0.820328 0.677032
vt 0.323034 0.467323
vt 0.322548 0.486079
vt 0.239681 0.608176
vt 0.135644 0.810290
vt 0.971663 0.293222
vt 0.955757 0.305692
vt 0.520062 0.179115
vt 0.406776 0.477797
vt 0.225699 0.622419
vt 0.167595 0.726471
vt 0.140131 0.791739
vt 0.890166 0.353869
vt 0.858441 0.712584
vt 0.179488 0.695942
vt 0.158252 0.743249
vt 0.087331 0.880395
vt 0.980891 0.290447
vt 0.787238 0.723773
vt 0.339744 0.014675
vt 0.766546 0.327030
vt 0.953586 0.291327
vt 0.229118 0.994850
vt 0.496203 0.174665
vt 0.123602 0.807631
vt 0.810018 0.673099
vt 0.422058 0.468706
vt 0.121911 0.814768
vt 0.802424 0.696226
vt 0.797955 0.701200
vt 0.773892 0.740267
vt 0.138820 0.769357
vt 0.947016 0.304564
vt 0.167370 0.703168
vt 0.498222 0.182233
vt 0.774197 0.733246
vt 0.362664 0.030129
vt 0.358505 0.013465
vt 0.793027 0.385574
vt 0.395288 0.449129
vt 0.223135 0.656393
vt 0.127878 0.790958
vt 0.977024 0.281033
vt 0.776275 0.724864
vt 0.334931 0.010572
vt 0.827235 0.434743
vt 0.944405 0.293472
vt 0.319206 0.463306
vt 0.267559 0.554965
vt 0.149570 0.719452
vt 0.137731 0.750296
vt 0.093640 0.855688
vt 0.300649 0.498484
vt 0.223771 0.643615
vt 0.125851 0.791638
vt 0.945769 0.270223
vt 0.481037 0.194008
vt 0.509917 0.197076
vt 0.363597 0.419358
vt 0.318701 0.397123
vt 0.212604 0.658300
vt 0.128410 0.779109
vt 0.964973 0.267964
vt 0.951032 0.264377
vt 0.943099 0.284952
vt 0.916923 0.323220
vt 0.826449 0.603697
vt 0.349271 0.008371
vt 0.856752 0.736195
vt 0.866534 0.725666
vt 0.804773 0.424079
vt 0.203298 0.677969
vt 0.984631 0.269914
vt 0.936772 0.305175
vt 0.373661 0.014100
vt 0.372695 0.030350
vt 0.190887 0.678780
vt 0.096706 0.845482
vt 0.841243 0.372385
vt 0.826012 0.375395
vt 0.840361 0.361031
vt 0.779583 0.368119
vt 0.108661 0.805652
vt 0.961413 0.260939
vt 0.933686 0.294985
vt 0.862103 0.363821
vt 0.856102 0.362146
vt 0.801572 0.676813
vt 0.782716 0.702796
vt 0.318662 0.437548
vt 0.196554 0.676591
vt 0.187764 0.686573
vt 0.075943 0.866492
vt 0.978323 0.274158
vt 0.921809 0.314397
vt 0.873647 0.343203
vt 0.789666 0.693869
vt 0.778859 0.373986
vt 0.795459 0.417485
vt 0.416384 0.446568
vt 0.294185 0.517805
vt 0.088072 0.862566
vt 0.834176 0.349471
vt 0.765827 0.705419
vt 0.716683 0.333456
vt 0.787556 0.388344
vt 0.826779 0.479380
vt 0.131817 0.762261
vt 0.919877 0.303133
vt 0.826602 0.357020
vt 0.294154 0.496844
vt 0.201729 0.651577
vt 0.140599 0.736081
vt 0.112097 0.793737
vt 0.971472 0.264691
vt 0.931432 0.281911
vt 0.814922 0.438910
vt 0.198218 0.656251
vt 0.124098 0.778409
vt 0.117889 0.795179
vt 0.075777 0.861852
vt 0.495223 0.216661
vt 0.314005 0.427120
vt 0.188610 0.674254
vt 0.160414 0.701405
vt 0.920541 0.296705
vt 0.871028 0.734993
vt 0.972977 0.258965
vt 0.956866 0.253898
vt 0.779773 0.695241
vt 0.792860 0.670998
vt 0.754880 0.701461
vt 0.767110 0.698121
vt 0.753742 0.696684
vt 0.745692 0.700270
vt 0.306532 0.462696
vt 0.233622 0.612326
vt 0.958809 0.244449
vt 0.946212 0.244687
vt 0.847231 0.353282
vt 0.800692 0.415342
vt 0.300341 0.466365
vt 0.169319 0.685827
vt 0.119271 0.765284
vt 0.085620 0.851880
vt 0.983637 0.258046
vt 0.969818 0.251644
vt 0.923010 0.281840
vt 0.759374 0.694926
vt 0.940818 0.253435
vt 0.909707 0.314230
vt 0.780243 0.674658
vt 0.408062 0.426199
vt 0.312982 0.390786
vt 0.249187 0.595441
vt 0.236003 0.599899
vt 0.221438 0.612753
vt 0.214622 0.631910
vt 0.182111 0.663785
vt 0.113734 0.781922
vt 0.088161 0.828114
vt 0.870221 0.339825
vt 0.288823 0.492707
vt 0.069767 0.853572
vt 0.941453 0.228538
vt 0.919476 0.291171
vt 0.899910 0.322851
vt 0.862212 0.341502
vt 0.759328 0.676580
vt 0.367187 0.414797
vt 0.369514 0.414977
vt 0.090177 0.827817
vt 0.734262 0.683629
vt 0.746652 0.683264
vt 0.787633 0.405351
vt 0.372591 0.415591
vt 0.369399 0.406254
vt 0.138062 0.728552
vt 0.122228 0.756121
vt 0.965396 0.242591
vt 0.954996 0.228764
vt 0.884223 0.744626
vt 0.246995 0.591491
vt 0.088479 0.809788
vt 0.081330 0.849753
vt 0.770943 0.674313
vt 0.301289 0.425975
vt 0.230801 0.600560
vt 0.177712 0.678282
vt 0.161533 0.684185
vt 0.153321 0.697345
vt 0.975904 0.247999
vt 0.911654 0.283225
vt 0.364829 0.403457
vt 0.190571 0.635741
vt 0.083013 0.838237
vt 0.080704 0.825080
vt 0.067032 0.838735
vt 0.908015 0.300968
vt 0.747681 0.678626
vt 0.733070 0.674933
vt 0.668428 0.307462
vt 0.361213 0.397848
vt 0.309776 0.396961
vt 0.231973 0.592092
vt 0.126024 0.745456
vt 0.967513 0.238507
vt 0.945244 0.217238
vt 0.930220 0.244210
vt 0.371998 0.400882
vt 0.366755 0.402122
vt 0.236798 0.553272
vt 0.928224 0.256171
vt 0.851974 0.335787
vt 0.311014 0.388391
vt 0.266719 0.504549
vt 0.231633 0.579249
vt 0.221091 0.606070
vt 0.132083 0.721689
vt 0.110303 0.754111
vt 0.106873 0.769098
vt 0.109163 0.781501
vt 0.097532 0.776967
vt 0.926731 0.223212
vt 0.898744 0.301825
vt 0.901846 0.311139
vt 0.294617 0.418462
vt 0.141416 0.708754
vt 0.086347 0.811480
vt 0.968285 0.234524
vt 0.909828 0.275297
vt 0.903294 0.288252
vt 0.890250 0.313783
vt 0.805057 0.444484
vt 0.290119 0.489639
vt 0.174568 0.656018
vt 0.167278 0.678103
vt 0.147850 0.694753
vt 0.105801 0.767698
vt 0.075966 0.836917
vt 0.982689 0.235295
vt 0.882875 0.323272
vt 0.235057 0.510396
vt 0.973773 0.234912
vt 0.963927 0.216053
vt 0.909702 0.266548
vt 0.838334 0.492913
vt 0.323945 0.383221
vt 0.320001 0.380882
vt 0.310550 0.373999
vt 0.211286 0.613598
vt 0.205888 0.625701
vt 0.155913 0.684620
vt 0.960418 0.207065
vt 0.912717 0.260636
vt 0.865819 0.329218
vt 0.858182 0.323296
vt 0.303498 0.363750
vt 0.298796 0.375266
vt 0.229124 0.579156
vt 0.062199 0.829424
vt 0.973368 0.228307
vt 0.943538 0.202111
vt 0.891083 0.307236
vt 0.412276 0.403225
vt 0.292738 0.454604
vt 0.154679 0.673427
vt 0.123600 0.741766
vt 0.900323 0.269942
vt 0.848316 0.321344
vt 0.808442 0.446827
vt 0.125774 0.727843
vt 0.083027 0.805652
vt 0.924884 0.209368
vt 0.915503 0.233097
vt 0.892982 0.292377
vt 0.871679 0.314735
vt 0.791735 0.432011
vt 0.306702 0.366760
vt 0.210648 0.604966
vt 0.205715 0.611396
vt 0.190360 0.627275
vt 0.198883 0.618769
vt 0.171402 0.661067
vt 0.143691 0.694171
vt 0.115305 0.747887
vt 0.898541 0.280877
vt 0.845066 0.320328
vt 0.763678 0.656895
vt 0.318967 0.376164
vt 0.303456 0.353267
vt 0.288211 0.453753
vt 0.223344 0.585059
vt 0.217889 0.593415
vt 0.135228 0.708198
vt 0.128691 0.719275
vt 0.828997 0.339269
vt 0.383243 0.385074
vt 0.310592 0.357269
vt 0.295372 0.357751
vt 0.297499 0.328405
vt 0.133906 0.690004
vt 0.118908 0.732516
vt 0.973891 0.220263
vt 0.926987 0.200602
vt 0.887832 0.285386
vt 0.840771 0.317717
vt 0.315608 0.360368
vt 0.128553 0.712122
vt 0.072070 0.817969
vt 0.294729 0.384666
vt 0.286293 0.456259
vt 0.211678 0.593398
vt 0.202688 0.605090
vt 0.098692 0.761818
vt 0.972334 0.208494
vt 0.901652 0.246816
vt 0.302343 0.337634
vt 0.299206 0.326795
vt 0.878783 0.309747
vt 0.354401 0.377534
vt 0.297888 0.405085
vt 0.288890 0.422725
vt 0.193359 0.614528
vt 0.073659 0.764257
vt 0.060249 0.808520
vt 0.949262 0.187541
vt 0.966727 0.197485
vt 0.890176 0.262683
vt 0.883389 0.297405
vt 0.408009 0.391097
vt 0.323643 0.367626
vt 0.309747 0.349336
vt 0.307350 0.343608
vt 0.296379 0.366150
vt 0.296605 0.366132
vt 0.865472 0.310306
vt 0.843313 0.281823
vt 0.795185 0.441777
vt 0.814398 0.484364
vt 0.306326 0.332350
vt 0.296166 0.365925
vt 0.295490 0.366439
vt 0.292860 0.379442
vt 0.212864 0.537983
vt 0.203993 0.557909
vt 0.154600 0.667425
vt 0.123165 0.711824
vt 0.110875 0.746532
vt 0.981362 0.205801
vt 0.884282 0.272925
vt 0.651386 0.254630
vt 0.290754 0.357133
vt 0.136659 0.679331
vt 0.129976 0.699683
vt 0.106664 0.752066
vt 0.950654 0.180804
vt 0.894191 0.237952
vt 0.343703 0.376359
vt 0.332049 0.372351
vt 0.316474 0.352738
vt 0.282242 0.445789
vt 0.244622 0.533561
vt 0.244220 0.533733
vt 0.212584 0.576537
vt 0.172815 0.629170
vt 0.105336 0.742065
vt 0.962390 0.187085
vt 0.930626 0.187053
vt 0.313604 0.336512
vt 0.307850 0.323387
vt 0.284554 0.311859
vt 0.244185 0.533540
vt 0.243957 0.533924
vt 0.218486 0.569441
vt 0.184670 0.623510
vt 0.128126 0.694026
vt 0.075456 0.803135
vt 0.057193 0.799432
vt 0.971757 0.194553
vt 0.906375 0.179009
vt 0.810395 0.470038
vt 0.310607 0.329749
vt 0.287242 0.373704
vt 0.281082 0.423946
vt 0.209868 0.564552
vt 0.203089 0.597090
vt 0.932271 0.175843
vt 0.935050 0.176062
vt 0.870171 0.289485
vt 0.318893 0.347117
vt 0.315862 0.342340
vt 0.301602 0.316856
vt 0.296918 0.310430
vt 0.294963 0.308584
vt 0.190975 0.607882
vt 0.168706 0.637926
vt 0.114357 0.718768
vt 0.069859 0.804213
vt 0.895974 0.256370
vt 0.380854 0.372292
vt 0.328568 0.363823
vt 0.323076 0.359367
vt 0.205999 0.587584
vt 0.919674 0.172357
vt 0.751361 0.254407
vt 0.612018 0.240495
vt 0.744499 0.432838
vt 0.801909 0.459939
vt 0.309845 0.308535
vt 0.284330 0.392971
vt 0.180494 0.619844
vt 0.149514 0.658467
vt 0.080905 0.767939
vt 0.322726 0.352189
vt 0.308041 0.318268
vt 0.315918 0.305330
vt 0.315474 0.295199
vt 0.297746 0.265954
vt 0.167658 0.623458
vt 0.163475 0.630948
vt 0.121058 0.703335
vt 0.961910 0.179916
vt 0.884939 0.247293
vt 0.851900 0.303104
vt 0.848644 0.305372
vt 0.794941 0.461049
vt 0.189395 0.601905
vt 0.110734 0.715592
vt 0.919118 0.176727
vt 0.890197 0.225448
vt 0.336663 0.364668
vt 0.343166 0.363454
vt 0.314653 0.323613
vt 0.330520 0.268769
vt 0.311933 0.228999
vt 0.325524 0.218594
vt 0.308565 0.238234
vt 0.292972 0.282400
vt 0.197242 0.590082
vt 0.125116 0.692435
vt 0.077308 0.757479
vt 0.055625 0.780705
vt 0.970684 0.181704
vt 0.398571 0.371924
vt 0.375849 0.370205
vt 0.325144 0.288344
vt 0.329736 0.245754
vt 0.239816 0.461029
vt 0.181810 0.611505
vt 0.098155 0.733418
vt 0.064715 0.769097
vt 0.866800 0.293094
vt 0.696287 0.393647
vt 0.331461 0.355223
vt 0.323087 0.341926
vt 0.318182 0.331523
vt 0.314532 0.315015
vt 0.325352 0.276625
vt 0.332828 0.256161
vt 0.336008 0.241843
vt 0.308703 0.220530
vt 0.302274 0.244684
vt 0.294933 0.269138
vt 0.283620 0.314603
vt 0.282299 0.413879
vt 0.204795 0.578656
vt 0.131786 0.667207
vt 0.329498 0.273689
vt 0.281026 0.332177
vt 0.173432 0.614169
vt 0.155199 0.635510
vt 0.152609 0.636126
vt 0.944588 0.170523
vt 0.883331 0.256128
vt 0.320451 0.323992
vt 0.070183 0.730844
vt 0.067670 0.773289
vt 0.979200 0.174791
vt 0.931219 0.154065
vt 0.879285 0.234878
vt 0.799699 0.471827
vt 0.832611 0.534158
vt 0.354655 0.363728
vt 0.327276 0.333840
vt 0.326057 0.282247
vt 0.329875 0.282528
vt 0.322636 0.215510
vt 0.303795 0.224509
vt 0.303720 0.236263
vt 0.295073 0.253287
vt 0.198872 0.579488
vt 0.194193 0.586604
vt 0.184274 0.600078
vt 0.151421 0.620674
vt 0.153299 0.626572
vt 0.109015 0.694158
vt 0.966798 0.170355
vt 0.958454 0.169645
vt 0.927510 0.152826
vt 0.903896 0.170337
vt 0.362554 0.360730
vt 0.339255 0.355558
vt 0.322634 0.297928
vt 0.307569 0.216379
vt 0.307776 0.210074
vt 0.284016 0.309233
vt 0.105035 0.712080
vt 0.859236 0.285562
vt 0.795392 0.482206
vt 0.331315 0.344081
vt 0.323568 0.331088
vt 0.295796 0.242789
vt 0.164983 0.607987
vt 0.174655 0.603514
vt 0.812284 0.492697
vt 0.324397 0.320730
vt 0.342800 0.265685
vt 0.304214 0.206779
vt 0.320205 0.200691
vt 0.289288 0.270190
vt 0.196982 0.569085
vt 0.052146 0.767875
vt 0.871256 0.205451
vt 0.867226 0.269354
vt 0.864688 0.274935
vt 0.847745 0.290323
vt 0.351080 0.353508
vt 0.289045 0.253301
vt 0.912028 0.164882
vt 0.875018 0.223092
vt 0.325458 0.315812
vt 0.323386 0.306934
vt 0.300213 0.214786
vt 0.302750 0.231029
vt 0.278243 0.355091
vt 0.277950 0.413931
vt 0.952789 0.158670
vt 0.919749 0.131393
vt 0.335945 0.280371
vt 0.345199 0.251374
vt 0.343169 0.223776
vt 0.297918 0.230515
vt 0.296394 0.235684
vt 0.275624 0.293165
vt 0.198651 0.559459
vt 0.185590 0.583773
vt 0.185229 0.591282
vt 0.158273 0.609218
vt 0.077618 0.731291
vt 0.964051 0.160607
vt 0.906130 0.137307
vt 0.398292 0.367469
vt 0.342283 0.347291
vt 0.334791 0.289125
vt 0.350331 0.242355
vt 0.277673 0.387718
vt 0.862205 0.254051
vt 0.621433 0.343087
vt 0.328464 0.302820
vt 0.290882 0.238928
vt 0.271909 0.310584
vt 0.275886 0.391260
vt 0.260555 0.394969
vt 0.198243 0.547413
vt 0.175515 0.593901
vt 0.048260 0.728286
vt 0.938126 0.149174
vt 0.851153 0.289060
vt 0.330831 0.320413
vt 0.334073 0.299568
vt 0.406522 0.376228
vt 0.375629 0.351485
vt 0.334356 0.337960
vt 0.333567 0.329132
vt 0.355446 0.209367
vt 0.304839 0.202279
vt 0.295768 0.203353
vt 0.277786 0.264823
vt 0.149880 0.611974
vt 0.109589 0.649434
vt 0.361966 0.348686
vt 0.341545 0.338337
vt 0.344430 0.200881
vt 0.299103 0.194937
vt 0.303546 0.188119
vt 0.296201 0.222929
vt 0.189160 0.572374
vt 0.167053 0.597187
vt 0.903085 0.128719
vt 0.877606 0.195868
vt 0.859082 0.259935
vt 0.845521 0.514632
vt 0.328428 0.311957
vt 0.345169 0.275554
vt 0.354285 0.214066
vt 0.310433 0.189500
vt 0.293784 0.216857
vt 0.196748 0.470205
vt 0.061196 0.745229
vt 0.906694 0.150240
vt 0.848058 0.275503
vt 0.852287 0.271469
vt 0.278251 0.278946
vt 0.271624 0.345063
vt 0.142370 0.619390
vt 0.064606 0.721383
vt 0.949804 0.147814
vt 0.885159 0.157331
vt 0.901883 0.157540
vt 0.819038 0.511929
vt 0.371262 0.347180
vt 0.354953 0.343547
vt 0.336002 0.314561
vt 0.346293 0.284964
vt 0.271682 0.362399
vt 0.158455 0.597659
vt 0.072827 0.711465
vt 0.847716 0.522782
vt 0.291978 0.227175
vt 0.281592 0.213272
vt 0.177270 0.581918
vt 0.165443 0.587060
vt 0.935102 0.137833
vt 0.915193 0.127777
vt 0.335125 0.303913
vt 0.320538 0.194891
vt 0.295714 0.191546
vt 0.273753 0.235705
vt 0.964301 0.152528
vt 0.901201 0.130835
vt 0.350121 0.340165
vt 0.357573 0.264468
vt 0.291533 0.209822
vt 0.195620 0.510366
vt 0.147093 0.608788
vt 0.947135 0.139993
vt 0.922297 0.129402
vt 0.368636 0.332803
vt 0.344805 0.292919
vt 0.304571 0.174826
vt 0.296186 0.178447
vt 0.290516 0.201647
vt 0.266123 0.309411
vt 0.268781 0.340696
vt 0.072679 0.724346
vt 0.894423 0.143673
vt 0.853716 0.244771
vt 0.842454 0.265182
vt 0.817222 0.219845
vt 0.801034 0.494578
vt 0.388304 0.332592
vt 0.284825 0.223680
vt 0.155204 0.560303
vt 0.078914 0.687939
vt 0.043109 0.704477
vt 0.971435 0.115113
vt 0.955668 0.139441
vt 0.913885 0.123458
vt 0.918768 0.120685
vt 0.885368 0.124331
vt 0.844933 0.247233
vt 0.844065 0.261604
vt 0.813010 0.509308
vt 0.373128 0.224232
vt 0.288894 0.218632
vt 0.143247 0.605806
vt 0.962745 0.140074
vt 0.851963 0.230990
vt 0.816228 0.505591
vt 0.344070 0.303659
vt 0.344650 0.194385
vt 0.336658 0.191533
vt 0.313001 0.179099
vt 0.176564 0.572505
vt 0.147490 0.597905
vt 0.133826 0.623298
vt 0.939750 0.130698
vt 0.896548 0.122904
vt 0.349606 0.328586
vt 0.348931 0.316387
vt 0.348618 0.300635
vt 0.163057 0.582659
vt 0.155866 0.591967
vt 0.863288 0.192630
vt 0.360607 0.327302
vt 0.364811 0.253088
vt 0.304244 0.163564
vt 0.291080 0.169897
vt 0.289600 0.182970
vt 0.287325 0.208786
vt 0.191423 0.518995
vt 0.183486 0.545931
vt 0.191823 0.540460
vt 0.152825 0.585339
vt 0.825033 0.540811
vt 0.287282 0.195132
vt 0.273661 0.246141
vt 0.859226 0.177812
vt 0.358446 0.296052
vt 0.357634 0.280495
vt 0.359724 0.199863
vt 0.286789 0.200647
vt 0.252478 0.354447
vt 0.187125 0.541008
vt 0.131895 0.612493
vt 0.951604 0.129951
vt 0.929656 0.120044
vt 0.852606 0.135378
vt 0.838930 0.199594
vt 0.360367 0.193648
vt 0.327918 0.175552
vt 0.165345 0.549187
vt 0.163957 0.576443
vt 0.415668 0.351855
vt 0.408569 0.345395
vt 0.373436 0.244347
vt 0.286894 0.174750
vt 0.140074 0.599675
vt 0.061383 0.736091
vt 0.061528 0.736680
vt 0.963254 0.132268
vt 0.914108 0.106374
vt 0.907242 0.094850
vt 0.377142 0.331585
vt 0.320036 0.167971
vt 0.270836 0.216621
vt 0.265312 0.247911
vt 0.153767 0.563271
vt 0.057682 0.722449
vt 0.061074 0.735965
vt 0.832981 0.244739
vt 0.402411 0.332501
vt 0.367051 0.267182
vt 0.282157 0.180087
vt 0.284273 0.189450
vt 0.262569 0.297640
vt 0.159048 0.574615
vt 0.856239 0.163367
vt 0.361288 0.311810
vt 0.188370 0.514121
vt 0.119217 0.613871
vt 0.894553 0.083848
vt 0.893953 0.110506
vt 0.861247 0.158823
vt 0.835571 0.202557
vt 0.812289 0.529061
vt 0.359709 0.300340
vt 0.368794 0.200771
vt 0.279737 0.196181
vt 0.939549 0.118060
vt 0.301253 0.157024
vt 0.139272 0.589540
vt 0.804631 0.518602
vt 0.806480 0.517280
vt 0.290190 0.157153
vt 0.280263 0.160612
vt 0.124835 0.607084
vt 0.951816 0.122161
vt 0.933551 0.109030
vt 0.826500 0.223680
vt 0.378918 0.234551
vt 0.313060 0.160482
vt 0.280075 0.167317
vt 0.262513 0.278230
vt 0.257355 0.264005
vt 0.151346 0.575924
vt 0.068684 0.685804
vt 0.963123 0.123727
vt 0.909617 0.096024
vt 0.264234 0.215148
vt 0.186608 0.482323
vt 0.161300 0.544112
vt 0.950231 0.116769
vt 0.938055 0.105820
vt 0.545557 0.253849
vt 0.821329 0.533302
vt 0.130956 0.598370
vt 0.353469 0.176287
vt 0.189640 0.464585
vt 0.153645 0.546046
vt 0.850436 0.144639
vt 0.851217 0.154693
vt 0.371377 0.315876
vt 0.371073 0.281180
vt 0.377300 0.265895
vt 0.275856 0.190613
vt 0.241155 0.334492
vt 0.442988 0.368111
vt 0.464425 0.380358
vt 0.455455 0.380739
vt 0.829161 0.173615
vt 0.388905 0.311057
vt 0.248573 0.285002
vt 0.118181 0.602791
vt 0.058699 0.683692
vt 0.951589 0.110401
vt 0.387473 0.259187
vt 0.273300 0.168782
vt 0.268004 0.199112
vt 0.182284 0.466730
vt 0.326375 0.153014
vt 0.218858 0.403487
vt 0.137413 0.579882
vt 0.429989 0.364270
vt 0.441792 0.373208
vt 0.891994 0.076042
vt 0.372048 0.307271
vt 0.376956 0.293045
vt 0.381893 0.221711
vt 0.282936 0.149825
vt 0.257118 0.245685
vt 0.115210 0.604557
vt 0.053687 0.695243
vt 0.488127 0.397382
vt 0.482217 0.361679
vt 0.493421 0.378105
vt 0.389174 0.267063
vt 0.384852 0.239288
vt 0.374616 0.192740
vt 0.320321 0.147003
vt 0.267031 0.205096
vt 0.155626 0.541941
vt 0.063837 0.666038
vt 0.432856 0.372574
vt 0.495788 0.391507
vt 0.387004 0.249315
vt 0.299492 0.148390
vt 0.124796 0.592600
vt 0.139783 0.574964
vt 0.461379 0.390423
vt 0.445206 0.382221
vt 0.900502 0.073307
vt 0.376387 0.295735
vt 0.270074 0.172421
vt 0.235732 0.284221
vt 0.409454 0.362084
vt 0.423521 0.375181
vt 0.515518 0.341002
vt 0.517938 0.354274
vt 0.823944 0.187542
vt 0.820279 0.547707
vt 0.414923 0.326255
vt 0.378405 0.284302
vt 0.387335 0.206528
vt 0.338261 0.149615
vt 0.818293 0.214444
vt 0.270609 0.155136
vt 0.443117 0.386764
vt 0.396206 0.319350
vt 0.350343 0.161489
vt 0.212424 0.360518
vt 0.073028 0.614978
vt 0.454009 0.395796
vt 0.386267 0.275553
vt 0.389754 0.221075
vt 0.304614 0.137382
vt 0.259332 0.155135
vt 0.148691 0.475161
vt 0.152835 0.507551
vt 0.065096 0.658866
vt 0.475951 0.404573
vt 0.520541 0.367358
vt 0.840274 0.146145
vt 0.814589 0.190035
vt 0.405074 0.325300
vt 0.383539 0.300426
vt 0.283652 0.144192
vt 0.102134 0.561238
vt 0.902184 0.072514
vt 0.825622 0.554012
vt 0.423842 0.345226
vt 0.371602 0.182189
vt 0.266131 0.170725
vt 0.261921 0.186310
vt 0.256458 0.219246
vt 0.183521 0.459122
vt 0.892539 0.063979
vt 0.519006 0.393993
vt 0.524641 0.384661
vt 0.525802 0.376993
vt 0.367532 0.170899
vt 0.291588 0.134951
vt 0.517153 0.403283
vt 0.669698 0.486311
vt 0.811320 0.547833
vt 0.272232 0.141058
vt 0.147360 0.510178
vt 0.125356 0.519437
vt 0.056717 0.655124
vt 0.420497 0.378657
vt 0.437820 0.389447
vt 0.450493 0.399583
vt 0.386603 0.285627
vt 0.395706 0.257401
vt 0.393878 0.245303
vt 0.390987 0.237534
vt 0.384337 0.193306
vt 0.298157 0.131925
vt 0.037160 0.658994
vt 0.424952 0.393490
vt 0.527426 0.353001
vt 0.747325 0.525035
vt 0.423418 0.307008
vt 0.526069 0.330536
vt 0.507473 0.408225
vt 0.538337 0.287196
vt 0.547461 0.285258
vt 0.549043 0.314176
vt 0.398553 0.308362
vt 0.318264 0.134120
vt 0.259292 0.145908
vt 0.264705 0.161127
vt 0.256139 0.197458
vt 0.433550 0.396616
vt 0.459605 0.412095
vt 0.469106 0.409682
vt 0.484065 0.410613
vt 0.505197 0.419701
vt 0.408437 0.312048
vt 0.390412 0.292239
vt 0.303768 0.127304
vt 0.255767 0.180876
vt 0.532593 0.369999
vt 0.396066 0.230849
vt 0.360993 0.160089
vt 0.283911 0.132218
vt 0.256725 0.133560
vt 0.251047 0.223558
vt 0.183863 0.420853
vt 0.398421 0.266814
vt 0.395021 0.214037
vt 0.049914 0.669577
vt 0.434805 0.408935
vt 0.449069 0.415034
vt 0.481099 0.419179
vt 0.534111 0.301816
vt 0.546045 0.344445
vt 0.543667 0.326528
vt 0.648740 0.433556
vt 0.381685 0.179941
vt 0.060195 0.618743
vt 0.426192 0.420644
vt 0.545047 0.259241
vt 0.559753 0.318962
vt 0.565612 0.330758
vt 0.425493 0.333286
vt 0.393925 0.281880
vt 0.270215 0.132223
vt 0.203988 0.259975
vt 0.186563 0.276162
vt 0.403772 0.250347
vt 0.326856 0.133296
vt 0.255542 0.176115
vt 0.236397 0.256918
vt 0.060388 0.635417
vt 0.399461 0.225982
vt 0.311240 0.128150
vt 0.179698 0.430468
vt 0.470996 0.425785
vt 0.501061 0.427966
vt 0.530501 0.395520
vt 0.418274 0.310390
vt 0.406360 0.243399
vt 0.396200 0.203255
vt 0.815159 0.556977
vt 0.402258 0.300742
vt 0.404710 0.262178
vt 0.404709 0.235523
vt 0.047160 0.649028
vt 0.431113 0.413592
vt 0.400439 0.290621
vt 0.356961 0.148365
vt 0.253984 0.155183
vt 0.250888 0.206167
vt 0.237848 0.209620
vt 0.456609 0.424891
vt 0.535802 0.411990
vt 0.534780 0.384932
vt 0.245408 0.136906
vt 0.242848 0.144949
vt 0.186076 0.323958
vt 0.178840 0.440628
vt 0.033294 0.644227
vt 0.494211 0.435593
vt 0.400751 0.280017
vt 0.244723 0.166951
vt 0.146830 0.479432
vt 0.442938 0.423371
vt 0.559592 0.327529
vt 0.823057 0.572325
vt 0.338754 0.137363
vt 0.426485 0.311632
vt 0.406956 0.269262
vt 0.409569 0.260058
vt 0.407362 0.221267
vt 0.246127 0.187359
vt 0.528475 0.418614
vt 0.411368 0.298623
vt 0.372603 0.160096
vt 0.351527 0.138650
vt 0.289625 0.122912
vt 0.243351 0.124345
vt 0.244955 0.199152
vt 0.829960 0.573454
vt 0.378666 0.170848
vt 0.271340 0.123179
vt 0.457477 0.437428
vt 0.459567 0.431539
vt 0.476257 0.437054
vt 0.553841 0.372203
vt 0.143722 0.486424
vt 0.490199 0.447086
vt 0.509048 0.442711
vt 0.530843 0.431742
vt 0.541815 0.401326
vt 0.241949 0.189706
vt 0.069100 0.538256
vt 0.057119 0.619247
vt 0.442567 0.436332
vt 0.407315 0.288400
vt 0.407858 0.279044
vt 0.396711 0.188911
vt 0.179441 0.398517
vt 0.528171 0.445148
vt 0.558713 0.375032
vt 0.231773 0.141364
vt 0.233093 0.158999
vt 0.219134 0.241758
vt 0.173285 0.402995
vt 0.413931 0.270026
vt 0.338216 0.125951
vt 0.300987 0.117215
vt 0.179141 0.362024
vt 0.240991 0.174116
vt 0.142875 0.423395
vt 0.140460 0.457067
vt 0.028890 0.598664
vt 0.028041 0.601879
vt 0.471842 0.444193
vt 0.505394 0.456243
vt 0.529331 0.458920
vt 0.564464 0.366614
vt 0.410874 0.220176
vt 0.397479 0.181676
vt 0.311003 0.112192
vt 0.437178 0.462380
vt 0.519201 0.459094
vt 0.416873 0.256087
vt 0.263459 0.115543
vt 0.220963 0.136909
vt 0.236541 0.163219
vt 0.142588 0.445125
vt 0.547401 0.414989
vt 0.414026 0.288250
vt 0.366031 0.144119
vt 0.318090 0.110825
vt 0.461057 0.447031
vt 0.477001 0.454505
vt 0.495571 0.457144
vt 0.540629 0.427998
vt 0.174424 0.400452
vt 0.450202 0.449022
vt 0.832087 0.594973
vt 0.422917 0.285644
vt 0.418424 0.251310
vt 0.390773 0.171102
vt 0.058344 0.585531
vt 0.050307 0.608080
vt 0.570211 0.364478
vt 0.583945 0.393938
vt 0.817898 0.574735
vt 0.291466 0.112418
vt 0.107246 0.465458
vt 0.548406 0.453286
vt 0.302235 0.109606
vt 0.222255 0.110188
vt 0.190512 0.126648
vt 0.208050 0.134590
vt 0.043157 0.622919
vt 0.504747 0.465678
vt 0.411979 0.199869
vt 0.043172 0.601965
vt 0.539025 0.457748
vt 0.542864 0.441432
vt 0.227328 0.171226
vt 0.233162 0.185032
vt 0.054092 0.588553
vt 0.473623 0.464178
vt 0.488905 0.467927
vt 0.421836 0.284188
vt 0.197234 0.238208
vt 0.424828 0.279530
vt 0.161095 0.402683
vt 0.449007 0.457839
vt 0.574305 0.396604
vt 0.220068 0.162721
vt 0.223221 0.177542
vt 0.533465 0.478943
vt 0.553771 0.439536
vt 0.569410 0.412697
vt 0.576049 0.375763
vt 0.363924 0.126623
vt 0.351012 0.119534
vt 0.164471 0.395106
vt 0.485415 0.476489
vt 0.547563 0.464094
vt 0.569369 0.425868
vt 0.215141 0.152836
vt 0.463096 0.466673
vt 0.805855 0.607797
vt 0.424625 0.255369
vt 0.385939 0.155612
vt 0.297819 0.097579
vt 0.222431 0.173521
vt 0.052509 0.560750
vt 0.048466 0.574009
vt 0.036985 0.578100
vt 0.515582 0.484493
vt 0.146734 0.379126
vt 0.826143 0.596596
vt 0.388825 0.157405
vt 0.339773 0.108181
vt 0.210874 0.153839
vt 0.110525 0.415587
vt 0.524001 0.489197
vt 0.535077 0.486756
vt 0.531635 0.488525
vt 0.583858 0.441511
vt 0.448856 0.474171
vt 0.140603 0.402644
vt 0.067491 0.491633
vt 0.049794 0.555299
vt 0.559547 0.453090
vt 0.588360 0.427396
vt 0.459481 0.477478
vt 0.459232 0.482493
vt 0.472743 0.482395
vt 0.515402 0.495173
vt 0.396567 0.167008
vt 0.410553 0.187544
vt 0.842025 0.595238
vt 0.430026 0.246235
vt 0.424990 0.214971
vt 0.438057 0.465202
vt 0.465427 0.491599
vt 0.535797 0.494764
vt 0.557938 0.499888
vt 0.431669 0.279509
vt 0.136068 0.408864
vt 0.042477 0.566769
vt 0.461412 0.491044
vt 0.832209 0.596914
vt 0.431701 0.272434
vt 0.316253 0.098976
vt 0.166295 0.244666
vt 0.142645 0.404359
vt 0.051789 0.530312
vt 0.527743 0.500066
vt 0.539677 0.499439
vt 0.213170 0.174647
vt 0.042554 0.534478
vt 0.578348 0.455238
vt 0.824034 0.598921
vt 0.410934 0.184149
vt 0.380063 0.139760
vt 0.139272 0.397151
vt 0.450468 0.495385
vt 0.518764 0.501637
vt 0.436539 0.267765
vt 0.429951 0.220173
vt 0.454261 0.496714
vt 0.199291 0.149711
vt 0.480257 0.532429
vt 0.431530 0.236986
vt 0.399665 0.163765
vt 0.272442 0.082127
vt 0.212587 0.093625
vt 0.238098 0.083605
vt 0.170785 0.135546
vt 0.189712 0.159206
vt 0.202962 0.165175
vt 0.519130 0.529650
vt 0.434109 0.255981
vt 0.188434 0.109960
vt 0.595320 0.442035
vt 0.213101 0.090254
vt 0.221874 0.080353
vt 0.203090 0.088049
vt 0.726282 0.597168
vt 0.390268 0.145766
vt 0.378346 0.127112
vt 0.477758 0.535964
vt 0.541316 0.524139
vt 0.336886 0.094132
vt 0.309429 0.075413
vt 0.195948 0.101383
vt 0.206141 0.170455
vt 0.142012 0.306117
vt 0.020014 0.567273
vt 0.581210 0.455312
vt 0.817099 0.604740
vt 0.442801 0.261570
vt 0.236987 0.078568
vt 0.166375 0.234959
vt 0.182998 0.205892
vt 0.364274 0.109486
vt 0.353075 0.098974
vt 0.046256 0.526355
vt 0.046399 0.507880
vt 0.585095 0.526830
vt 0.255449 0.074466
vt 0.198408 0.074042
vt 0.183415 0.090923
vt 0.602625 0.456204
vt 0.373237 0.120658
vt 0.147141 0.104301
vt 0.164384 0.237614
vt 0.032170 0.547219
vt 0.385364 0.131792
vt 0.241604 0.071571
vt 0.133593 0.246818
vt 0.177429 0.153268
vt 0.161533 0.243564
vt 0.474402 0.549077
vt 0.589075 0.491805
vt 0.215724 0.067365
vt 0.187519 0.103155
vt 0.487115 0.539055
vt 0.563329 0.518116
vt 0.199130 0.175646
vt 0.395349 0.138805
vt 0.488137 0.542681
vt 0.518897 0.532436
vt 0.547440 0.524258
vt 0.181789 0.171707
vt 0.613282 0.492701
vt 0.180455 0.175169
vt 0.602103 0.490184
vt 0.397232 0.135973
vt 0.180046 0.070868
vt 0.165993 0.167912
vt 0.467512 0.208771
vt 0.235968 0.065850
vt 0.475580 0.563474
vt 0.603005 0.475302
vt 0.171778 0.106159
vt 0.163579 0.140344
vt 0.145695 0.202653
vt 0.149725 0.234572
vt 0.067171 0.436030
vt 0.037564 0.520761
vt 0.041004 0.487937
vt 0.594640 0.494675
vt 0.433555 0.147243
vt 0.171276 0.093944
vt 0.167091 0.149671
vt 0.115482 0.335467
vt 0.573629 0.548779
vt 0.368010 0.098445
vt 0.043126 0.485335
vt 0.011266 0.496322
vt 0.345119 0.078814
vt 0.261922 0.067179
vt 0.049660 0.449266
vt 0.391317 0.121868
vt 0.373475 0.106435
vt 0.170923 0.080120
vt 0.131857 0.130377
vt 0.149926 0.160055
vt 0.027761 0.512738
vt 0.130588 0.239264
vt 0.383002 0.113320
vt 0.235953 0.056965
vt 0.521391 0.630994
vt 0.214395 0.053716
vt 0.625628 0.953086
vt 0.623812 0.995000
vt 0.618483 0.954412
vt 0.573731 0.560988
vt 0.602974 0.538461
vt 0.787307 0.619814
vt 0.195788 0.059031
vt 0.159454 0.176079
vt 0.096451 0.395332
vt 0.163759 0.146966
vt 0.160784 0.146404
vt 0.147937 0.156158
vt 0.480445 0.570574
vt 0.638777 0.569700
vt 0.372592 0.088547
vt 0.604369 0.529216
vt 0.617770 0.523447
vt 0.439126 0.152530
vt 0.034613 0.476134
vt 0.598821 0.603065
vt 0.368384 0.086279
vt 0.264093 0.044038
vt 0.159402 0.081266
vt 0.398827 0.112065
vt 0.377086 0.094033
vt 0.365757 0.081821
vt 0.245138 0.049006
vt 0.041341 0.461918
vt 0.128977 0.138934
vt 0.154043 0.149409
vt 0.135721 0.168073
vt 0.126527 0.237513
vt 0.394129 0.115245
vt 0.167977 0.066206
vt 0.029662 0.477934
vt 0.532364 0.586065
vt 0.146785 0.153264
vt 0.140425 0.173998
vt 0.024646 0.486793
vt 0.766463 0.633747
vt 0.471671 0.207684
vt 0.223643 0.049098
vt 0.038220 0.454347
vt 0.619262 0.518565
vt 0.185542 0.046233
vt 0.619524 0.545093
vt 0.771379 0.628795
vt 0.389037 0.105067
vt 0.165542 0.081039
vt 0.133324 0.146280
vt 0.474671 0.148017
vt 0.537563 0.593548
vt 0.540344 0.594518
vt 0.590839 0.608573
vt 0.366802 0.069602
vt 0.202126 0.038304
vt 0.133092 0.177390
vt 0.090974 0.330603
vt 0.106981 0.286452
vt 0.537419 0.604558
vt 0.544459 0.593659
vt 0.058809 0.384557
vt 0.540895 0.599714
vt 0.430864 0.136529
vt 0.436825 0.145535
vt 0.385457 0.083016
vt 0.117234 0.224743
vt 0.032124 0.427980
vt 0.040127 0.446133
vt 0.534590 0.608086
vt 0.587507 0.603873
vt 0.217911 0.040849
vt 0.022304 0.454815
vt 0.008559 0.440010
vt 0.495776 0.619707
vt 0.558789 0.613793
vt 0.428833 0.135265
vt 0.396519 0.090533
vt 0.352131 0.063957
vt 0.610760 0.918448
vt 0.491721 0.616955
vt 0.613919 0.621056
vt 0.543872 0.606220
vt 0.617143 0.559436
vt 0.624883 0.536135
vt 0.613889 0.573290
vt 0.480418 0.186438
vt 0.133537 0.149399
vt 0.040761 0.406374
vt 0.374899 0.070581
vt 0.228932 0.036656
vt 0.447417 0.140350
vt 0.130481 0.152549
vt 0.750613 0.641967
vt 0.443443 0.130796
vt 0.309487 0.043296
vt 0.172166 0.057790
vt 0.036601 0.418442
vt 0.167783 0.058959
vt 0.636612 0.936344
vt 0.436248 0.114214
vt 0.103356 0.162980
vt 0.392158 0.073263
vt 0.329113 0.043799
vt 0.188229 0.036263
vt 0.079317 0.335546
vt 0.038460 0.404097
vt 0.027967 0.424596
vt 0.641415 0.617516
vt 0.218185 0.034082
vt 0.100324 0.243868
vt 0.631767 0.630600
vt 0.367368 0.052138
vt 0.644017 0.926507
vt 0.630429 0.914746
vt 0.621085 0.587557
vt 0.630868 0.555295
vt 0.438207 0.128331
vt 0.347880 0.052565
vt 0.702339 0.892413
vt 0.701465 0.910270
vt 0.682052 0.915722
vt 0.596923 0.907962
vt 0.094414 0.178285
vt 0.007675 0.417135
vt 0.725479 0.653127
vt 0.500406 0.638181
vt 0.543608 0.633499
vt 0.523949 0.640871
vt 0.632424 0.568871
vt 0.303598 0.005000
vt 0.105187 0.157351
vt 0.040121 0.381281
vt 0.510492 0.641032
vt 0.444500 0.125583
vt 0.381893 0.059853
vt 0.710349 0.912989
vt 0.099331 0.180283
vt 0.635068 0.628373
vt 0.091953 0.169213
vt 0.021580 0.425779
vt 0.734814 0.650887
vt 0.684739 0.899750
vt 0.100073 0.151899
vt 0.072729 0.175685
vt 0.066679 0.186812
vt 0.510332 0.135155
vt 0.405739 0.063748
vt 0.397828 0.074790
vt 0.613769 0.889028
vt 0.082996 0.132545
vt 0.082835 0.297929
vt 0.516402 0.645548
vt 0.537324 0.638961
vt 0.577655 0.622093
vt 0.642578 0.601983
vt 0.056336 0.343727
vt 0.698935 0.662901
vt 0.715856 0.664038
vt 0.061675 0.220039
vt 0.005000 0.401154
vt 0.709188 0.861701
vt 0.529273 0.654635
vt 0.520141 0.655836
vt 0.516463 0.662985
vt 0.580021 0.625803
vt 0.347568 0.044325
vt 0.507258 0.653108
vt 0.645857 0.603355
vt 0.077536 0.182897
vt 0.031042 0.367514
vt 0.541451 0.651919
vt 0.560097 0.646675
vt 0.597371 0.897236
vt 0.527006 0.666805
vt 0.549248 0.649047
vt 0.607591 0.635318
vt 0.713598 0.661690
vt 0.036395 0.371535
vt 0.021194 0.397974
vt 0.570681 0.643768
vt 0.657453 0.633837
vt 0.025977 0.376499
vt 0.508401 0.671539
vt 0.504683 0.665458
vt 0.390068 0.046620
vt 0.667934 0.876877
vt 0.046743 0.340363
vt 0.514152 0.669927
vt 0.526235 0.673216
vt 0.367452 0.035619
vt 0.687377 0.867867
vt 0.515763 0.676336
vt 0.336488 0.037421
vt 0.649203 0.654375
vt 0.774235 0.808286
vt 0.788198 0.815424
vt 0.763909 0.811909
vt 0.072852 0.157060
vt 0.080470 0.160088
vt 0.010331 0.389886
vt 0.649024 0.621903
vt 0.633066 0.890747
vt 0.061411 0.266537
vt 0.527771 0.681446
vt 0.620555 0.643110
vt 0.589244 0.893601
vt 0.515363 0.683273
vt 0.520930 0.688467
vt 0.583324 0.649362
vt 0.695368 0.666902
vt 0.068667 0.183187
vt 0.535656 0.674340
vt 0.072231 0.167120
vt 0.037037 0.312113
vt 0.036876 0.354709
vt 0.546053 0.670980
vt 0.579226 0.661443
vt 0.597088 0.663249
vt 0.666565 0.672872
vt 0.329750 0.023941
vt 0.515281 0.695672
vt 0.655487 0.644305
vt 0.697388 0.859208
vt 0.020734 0.370095
vt 0.537181 0.685803
vt 0.612397 0.652839
vt 0.734573 0.832669
vt 0.750758 0.825204
vt 0.758689 0.838183
vt 0.686667 0.858078
vt 0.526674 0.694534
vt 0.534251 0.692295
vt 0.564966 0.660065
vt 0.628226 0.662584
vt 0.676761 0.868793
vt 0.734892 0.839505
vt 0.732261 0.845423
vt 0.602627 0.887504
vt 0.060947 0.146346
vt 0.060907 0.148150
vt 0.555872 0.671510
vt 0.546058 0.691011
vt 0.035218 0.332321
vt 0.526394 0.701923
vt 0.708788 0.851189
vt 0.020000 0.353791
vt 0.521049 0.719955
vt 0.734776 0.812599
vt 0.736785 0.819098
vt 0.032014 0.312064
vt 0.522073 0.717645
vt 0.576640 0.672963
vt 0.642436 0.656044
vt 0.663940 0.672757
vt 0.768901 0.739621
vt 0.671203 0.677228
vt 0.690886 0.752512
vt 0.525979 0.709851
vt 0.717887 0.840832
vt 0.695858 0.842652
vt 0.047192 0.287678
vt 0.025887 0.327559
vt 0.063941 0.165345
vt 0.009171 0.331133
vt 0.539430 0.702884
vt 0.556516 0.684060
vt 0.722582 0.837673
vt 0.676689 0.856273
vt 0.661729 0.867057
vt 0.591231 0.880725
vt 0.056208 0.194242
vt 0.534007 0.707105
vt 0.645617 0.678599
vt 0.668167 0.675425
vt 0.056926 0.164760
vt 0.053991 0.176943
vt 0.614147 0.672247
vt 0.582146 0.682814
vt 0.602479 0.878088
vt 0.575772 0.690937
vt 0.652367 0.677173
vt 0.039460 0.160772
vt 0.534825 0.715852
vt 0.552661 0.700895
vt 0.046442 0.191372
vt 0.049657 0.197832
vt 0.036748 0.280688
vt 0.702724 0.829962
vt 0.685942 0.838702
vt 0.574975 0.870695
vt 0.522913 0.723766
vt 0.621335 0.677411
vt 0.029976 0.165341
vt 0.043748 0.207420
vt 0.028573 0.296294
vt 0.019453 0.332355
vt 0.014381 0.330796
vt 0.636923 0.681864
vt 0.659909 0.854516
vt 0.047365 0.236060
vt 0.542542 0.713389
vt 0.564835 0.704499
vt 0.665387 0.680490
vt 0.657745 0.681353
vt 0.675404 0.706030
vt 0.719732 0.810901
vt 0.718240 0.825392
vt 0.709041 0.829938
vt 0.640775 0.871386
vt 0.007632 0.328257
vt 0.009887 0.317377
vt 0.652714 0.679849
vt 0.716918 0.813205
vt 0.043247 0.174901
vt 0.019863 0.328495
vt 0.534522 0.727785
vt 0.551511 0.710358
vt 0.604287 0.683827
vt 0.008165 0.315425
vt 0.532164 0.735337
vt 0.595368 0.693509
vt 0.526021 0.735703
vt 0.677303 0.723783
vt 0.676017 0.828940
vt 0.648144 0.853795
vt 0.048044 0.174991
vt 0.586816 0.699657
vt 0.670856 0.845685
vt 0.545650 0.723381
vt 0.626699 0.687555
vt 0.648179 0.683523
vt 0.690534 0.813435
vt 0.036389 0.231056
vt 0.698812 0.819116
vt 0.640059 0.856377
vt 0.636288 0.864735
vt 0.620259 0.869345
vt 0.597057 0.867022
vt 0.019395 0.306655
vt 0.551089 0.718145
vt 0.556585 0.716391
vt 0.621573 0.688226
vt 0.668241 0.723365
vt 0.703475 0.796003
vt 0.707540 0.817379
vt 0.538396 0.734740
vt 0.572767 0.707049
vt 0.658023 0.696640
vt 0.008377 0.285849
vt 0.535356 0.746454
vt 0.546449 0.730320
vt 0.538791 0.742639
vt 0.612402 0.691589
vt 0.035430 0.188933
vt 0.037924 0.212622
vt 0.564833 0.719813
vt 0.639557 0.697553
vt 0.652701 0.702737
vt 0.690802 0.798670
vt 0.686665 0.801001
vt 0.032343 0.186990
vt 0.553279 0.725745
vt 0.704121 0.800887
vt 0.689641 0.760170
vt 0.616349 0.864727
vt 0.020943 0.275854
vt 0.021040 0.182470
vt 0.546111 0.735662
vt 0.584582 0.712188
vt 0.589868 0.706163
vt 0.599376 0.697875
vt 0.658376 0.837862
vt 0.641297 0.846209
vt 0.030188 0.247205
vt 0.632902 0.703067
vt 0.034802 0.235918
vt 0.017418 0.272723
vt 0.613744 0.699381
vt 0.694843 0.785755
vt 0.620666 0.699925
vt 0.696191 0.782945
vt 0.580554 0.864109
vt 0.567730 0.861744
vt 0.033187 0.205428
vt 0.549533 0.739668
vt 0.556688 0.735033
vt 0.609788 0.710237
vt 0.674612 0.816818
vt 0.620000 0.858891
vt 0.536624 0.756059
vt 0.547772 0.745606
vt 0.684632 0.752219
vt 0.600202 0.861438
vt 0.020708 0.175186
vt 0.601198 0.709905
vt 0.687256 0.766102
vt 0.681285 0.797271
vt 0.544506 0.752633
vt 0.565889 0.732588
vt 0.576645 0.725697
vt 0.592254 0.721358
vt 0.628553 0.711327
vt 0.686305 0.779495
vt 0.029982 0.192045
vt 0.006469 0.274586
vt 0.557665 0.745073
vt 0.664647 0.740313
vt 0.024282 0.210639
vt 0.538047 0.774527
vt 0.550846 0.755739
vt 0.027711 0.230398
vt 0.646315 0.717454
vt 0.626356 0.850721
vt 0.575133 0.854429
vt 0.008246 0.260849
vt 0.549945 0.761570
vt 0.542871 0.761874
vt 0.556479 0.752484
vt 0.587342 0.731808
vt 0.619753 0.716565
vt 0.565236 0.742007
vt 0.660242 0.824066
vt 0.589756 0.855177
vt 0.645674 0.833759
vt 0.546908 0.768924
vt 0.615071 0.850586
vt 0.019887 0.243473
vt 0.642396 0.725609
vt 0.668368 0.802919
vt 0.604859 0.852871
vt 0.545174 0.779518
vt 0.567019 0.752204
vt 0.574575 0.745039
vt 0.585087 0.742594
vt 0.677821 0.778675
vt 0.013503 0.202916
vt 0.653722 0.746599
vt 0.660640 0.808409
vt 0.651850 0.823213
vt 0.611289 0.729168
vt 0.632533 0.721528
vt 0.021243 0.212006
vt 0.624754 0.842496
vt 0.550764 0.774569
vt 0.558827 0.763044
vt 0.565461 0.761555
vt 0.602109 0.739239
vt 0.645933 0.737450
vt 0.675132 0.781964
vt 0.661590 0.795768
vt 0.558336 0.769336
vt 0.570838 0.759772
vt 0.625598 0.726938
vt 0.629472 0.835325
vt 0.611312 0.843283
vt 0.647499 0.811984
vt 0.019160 0.227351
vt 0.622322 0.735981
vt 0.635512 0.733445
vt 0.010471 0.207224
vt 0.546780 0.790185
vt 0.581402 0.758195
vt 0.598444 0.845293
vt 0.557755 0.835138
vt 0.570430 0.843596
vt 0.597524 0.748898
vt 0.655951 0.760897
vt 0.661516 0.772995
vt 0.637748 0.823465
vt 0.582049 0.845650
vt 0.009539 0.227913
vt 0.554564 0.790446
vt 0.637742 0.741978
vt 0.553948 0.781813
vt 0.609798 0.830688
vt 0.008150 0.220917
vt 0.570442 0.771788
vt 0.594335 0.760536
vt 0.554422 0.823181
vt 0.606685 0.751387
vt 0.632424 0.747967
vt 0.645018 0.752564
vt 0.647153 0.803341
vt 0.630089 0.816032
vt 0.590136 0.840275
vt 0.561657 0.781309
vt 0.579746 0.765251
vt 0.619396 0.756689
vt 0.652893 0.786308
vt 0.576953 0.836607
vt 0.565250 0.833174
vt 0.553545 0.799268
vt 0.646277 0.764221
vt 0.640890 0.790498
vt 0.556728 0.813859
vt 0.616239 0.824249
vt 0.600470 0.835771
vt 0.574947 0.829735
vt 0.631849 0.793181
vt 0.569252 0.791453
vt 0.635126 0.757071
vt 0.632873 0.809455
vt 0.560748 0.822088
vt 0.576927 0.784091
vt 0.569429 0.823976
vt 0.561522 0.811233
vt 0.638071 0.783804
vt 0.587032 0.830765
vt 0.564722 0.801790
vt 0.628181 0.765889
vt 0.570453 0.795669
vt 0.569454 0.818348
vt 0.612903 0.780500
vt 0.624684 0.798811
vt 0.603645 0.811013
vt 0.580628 0.821615
vt 0.569881 0.810868
vt 0.592607 0.821014
vt 0.614817 0.806593
vt 0.571509 0.807664
vt 0.570043 0.800339
vt 0.620656 0.782107
vt 0.615932 0.795264
vt 0.590852 0.793405
vt 0.582745 0.810767
vt 0.605332 0.803385
s 1
f 1261/1/1 1078/2/2 1306/3/3
f 1727/4/4 1743/5/5 1709/6/6
f 71/7/7 72/8/8 73/9/9
f 72/8/8 71/7/7 74/10/10
f 75/11/11 71/7/7 78/12/12
f 71/7/7 79/13/13 78/12/12
f 70/14/14 69/15/15 72/8/8
f 91/16/16 72/8/8 74/10/10
f 74/10/10 71/7/7 75/11/11
f 73/9/9 72/8/8 76/17/17
f 72/8/8 69/15/18 76/17/17
f 68/18/19 84/19/20 69/15/21
f 68/18/22 67/20/23 84/19/24
f 81/21/25 80/22/26 67/20/27
f 71/7/7 73/9/9 96/23/28
f 67/20/23 68/18/22 82/24/29
f 68/18/19 69/15/21 82/24/30
s 0
f 69/15/31 70/14/31 82/24/31
s 1
f 70/14/32 72/8/8 91/16/16
f 74/10/10 83/25/33 91/16/16
f 79/13/13 71/7/7 96/23/28
s 0
f 67/20/34 80/22/34 77/26/34
s 1
f 96/23/28 73/9/9 92/27/35
s 0
f 73/9/36 76/17/36 88/28/36
f 84/19/37 67/20/37 77/26/37
s 1
f 1470/29/38 66/30/39 81/21/25
f 66/30/40 80/22/26 81/21/25
s 0
f 85/31/41 67/20/41 82/24/41
s 1
f 74/10/10 86/32/42 83/25/33
f 65/33/43 89/34/44 90/35/45
f 78/12/12 79/13/13 65/33/43
s 0
f 1492/36/46 67/20/46 85/31/46
s 1
f 91/16/16 82/24/47 70/14/48
f 74/10/10 75/11/11 86/32/42
f 75/11/11 78/12/12 1471/37/49
f 78/12/12 65/33/43 90/35/45
f 65/33/43 79/13/13 1478/38/50
f 73/9/51 88/28/52 92/27/53
f 63/39/54 94/40/55 93/41/56
f 81/21/25 67/20/27 1492/36/57
s 0
f 1492/36/58 85/31/58 82/24/58
s 1
f 1478/38/50 79/13/13 96/23/28
f 97/42/59 69/15/18 84/19/60
s 0
f 84/19/61 77/26/61 80/22/61
s 1
f 1332/43/62 1178/44/63 1148/45/64
f 115/46/65 1038/47/66 1069/48/67
f 349/49/68 416/50/69 418/51/70
s 0
f 468/52/71 408/53/71 462/54/71
s 1
f 146/55/72 152/56/73 145/57/74
f 147/58/75 145/57/74 149/59/76
f 146/55/72 148/60/77 151/61/78
f 144/62/79 158/63/80 147/58/75
f 149/59/76 145/57/74 150/64/81
s 0
f 150/64/82 145/57/82 152/56/82
s 1
f 145/57/74 147/58/75 154/65/83
f 146/55/72 145/57/74 153/66/84
f 144/62/79 168/67/85 158/63/80
f 152/56/73 146/55/72 151/61/78
f 156/68/86 148/60/77 160/69/87
f 147/58/75 158/63/80 154/65/83
f 143/70/88 147/58/75 149/59/76
f 145/57/74 154/65/83 153/66/84
f 144/62/79 169/71/89 168/67/85
f 148/60/77 156/68/86 151/61/78
f 164/72/90 146/55/72 153/66/84
f 144/62/79 147/58/75 143/70/88
f 154/65/83 158/63/80 162/73/91
f 149/59/76 150/64/81 159/74/92
f 160/69/87 148/60/77 161/75/93
f 166/76/94 160/69/87 157/77/95
f 148/60/77 146/55/72 164/72/90
f 157/77/95 160/69/87 161/75/93
f 161/75/93 148/60/77 164/72/90
f 153/66/84 154/65/83 164/72/90
f 169/71/89 144/62/79 194/78/96
f 143/70/88 149/59/76 159/74/92
f 152/56/73 151/61/78 156/68/86
f 166/76/94 157/77/95 142/79/97
f 172/80/98 164/72/90 154/65/83
f 169/71/89 180/81/99 168/67/85
f 150/64/81 152/56/73 163/82/100
f 178/83/101 160/69/87 166/76/94
f 176/84/102 180/81/99 187/85/103
f 144/62/79 143/70/88 173/86/104
f 156/68/86 160/69/87 178/83/101
f 170/87/105 169/71/89 194/78/96
f 159/74/92 150/64/81 163/82/100
f 177/88/106 171/89/107 163/82/108
f 174/90/109 157/77/95 161/75/93
f 172/80/98 154/65/83 162/73/91
f 162/73/91 158/63/80 179/91/110
f 158/63/80 168/67/85 186/92/111
f 183/93/112 142/79/97 185/94/113
f 180/81/99 176/84/102 175/95/114
f 144/62/79 173/86/104 194/78/96
f 173/86/104 143/70/88 159/74/92
f 188/96/115 171/89/116 177/88/117
f 166/76/94 142/79/97 182/97/118
f 142/79/97 157/77/95 174/90/109
f 181/98/119 164/72/90 172/80/98
f 179/91/110 158/63/80 186/92/111
f 163/82/100 152/56/73 156/68/86
f 156/68/86 178/83/101 200/99/120
f 182/97/118 142/79/97 183/93/112
f 185/94/113 142/79/97 174/90/109
f 161/75/93 164/72/90 181/98/119
f 180/81/99 175/95/114 186/92/111
f 180/81/99 169/71/89 187/85/103
s 0
f 186/92/121 175/95/121 184/100/121
f 184/100/122 175/95/122 195/101/122
s 1
f 176/84/102 187/85/103 190/102/123
f 213/103/124 159/74/92 163/82/100
f 196/104/125 163/82/108 171/89/107
f 163/82/100 156/68/86 200/99/120
f 174/90/109 161/75/93 189/105/126
f 203/106/127 172/80/98 162/73/91
f 186/92/111 168/67/85 180/81/99
f 187/85/103 169/71/89 170/87/105
f 223/107/128 184/100/129 195/101/130
f 173/86/104 159/74/92 213/103/124
f 182/97/118 183/93/112 192/108/131
f 213/103/132 163/82/108 196/104/125
f 200/99/120 178/83/101 166/76/94
f 207/109/133 183/93/112 201/110/134
f 210/111/135 171/89/116 188/96/115
f 198/112/136 183/93/112 207/109/133
f 201/110/134 183/93/112 185/94/113
f 185/94/113 174/90/109 189/105/126
f 203/106/127 162/73/91 208/113/137
s 0
f 209/114/138 186/92/138 184/100/138
s 1
f 176/84/102 190/102/123 141/115/139
f 199/116/140 190/102/123 187/85/103
f 163/82/108 200/99/141 177/88/106
f 181/98/119 172/80/98 203/106/127
f 162/73/91 179/91/110 208/113/137
s 0
f 184/100/142 223/107/142 209/114/142
s 1
f 195/101/130 205/117/143 223/107/128
f 195/101/144 175/95/145 250/118/146
f 193/119/147 187/85/103 170/87/105
f 213/103/124 194/78/96 173/86/104
f 196/104/148 171/89/116 210/111/135
f 188/96/115 177/88/149 211/120/150
f 177/88/106 200/99/141 222/121/151
f 179/91/110 186/92/111 209/114/152
f 195/101/144 250/118/146 205/117/153
f 175/95/114 176/84/102 250/118/154
f 220/122/155 176/84/102 141/115/139
f 193/119/147 170/87/105 194/78/96
s 0
f 188/96/156 211/120/156 206/123/156
s 1
f 183/93/112 198/112/136 192/108/157
f 161/75/93 181/98/119 218/124/158
f 187/85/103 231/125/159 199/116/140
f 231/125/159 187/85/103 193/119/147
f 221/126/160 210/111/161 188/96/162
f 188/96/163 206/123/164 224/127/165
f 206/123/166 242/128/167 215/129/168
f 226/130/169 217/131/170 216/132/171
f 215/129/172 279/133/173 216/132/174
f 215/129/172 216/132/174 225/134/175
s 0
f 225/134/176 216/132/176 217/131/176
s 1
f 241/135/177 215/129/168 242/128/167
f 166/76/94 182/97/118 238/136/178
f 201/110/134 214/137/179 207/109/133
f 218/124/158 181/98/119 203/106/127
f 211/120/150 177/88/149 222/121/180
f 207/109/181 227/138/182 198/112/183
f 235/139/184 201/110/134 185/94/113
f 189/105/126 161/75/93 218/124/158
f 190/102/123 199/116/140 230/140/185
f 193/119/147 194/78/96 232/141/186
f 213/103/124 232/141/186 194/78/96
f 221/126/187 188/96/163 224/127/165
s 0
f 215/129/188 241/135/188 279/133/188
s 1
f 206/123/189 211/120/190 242/128/191
f 182/97/118 192/108/131 238/136/178
f 239/142/192 192/108/157 198/112/136
f 230/140/185 199/116/140 231/125/159
f 231/125/159 193/119/147 233/143/193
f 193/119/147 232/141/186 233/143/193
f 215/129/168 224/127/194 206/123/166
f 200/99/120 166/76/94 238/136/178
f 192/108/131 239/142/195 238/136/178
f 176/84/102 220/122/155 250/118/154
f 141/115/139 190/102/123 230/140/185
f 201/110/134 235/139/184 214/137/179
f 185/94/113 189/105/126 236/144/196
f 179/91/110 209/114/152 286/145/197
f 211/120/150 222/121/180 234/146/198
f 207/109/133 214/137/179 243/147/199
f 223/107/128 205/117/143 240/148/200
f 258/149/201 232/141/186 213/103/124
f 235/139/184 185/94/113 236/144/196
f 209/114/202 223/107/203 245/150/204
f 205/117/143 269/151/205 240/148/200
f 246/152/206 251/153/207 250/118/154
f 200/99/120 238/136/178 272/154/208
f 236/144/196 189/105/126 218/124/158
f 220/122/155 246/152/206 250/118/154
f 250/118/154 251/153/207 257/155/209
f 220/122/155 244/156/210 246/152/206
f 220/122/155 141/115/139 230/140/185
f 230/140/185 231/125/159 233/143/193
f 258/149/211 213/103/132 196/104/125
f 270/157/212 217/131/170 253/158/213
f 217/131/170 226/130/169 253/158/213
f 241/135/214 242/128/215 271/159/216
f 263/160/217 227/138/218 207/109/133
f 260/161/219 207/109/133 243/147/199
f 243/147/199 214/137/179 248/162/220
f 245/150/204 223/107/203 261/163/221
s 0
f 261/163/222 223/107/222 240/148/222
s 1
f 244/156/210 220/122/155 262/164/223
f 220/122/155 230/140/185 262/164/223
f 226/130/224 216/132/224 283/165/224
f 222/121/151 200/99/141 272/154/225
f 218/124/158 203/106/127 256/166/226
f 288/167/227 209/114/152 245/150/228
f 257/155/209 264/168/229 250/118/154
f 338/169/230 258/149/211 196/104/125
f 224/127/194 215/129/168 324/170/231
f 242/128/232 211/120/233 234/146/234
f 243/147/199 248/162/220 274/171/235
f 249/172/236 235/139/184 236/144/196
f 262/164/223 230/140/185 265/173/237
f 230/140/185 233/143/193 265/173/237
s 0
f 225/134/238 217/131/238 266/174/238
s 1
f 283/165/239 216/132/174 279/133/240
s 0
f 284/175/241 279/133/241 241/135/241
s 1
f 234/146/198 222/121/180 267/176/242
f 263/160/217 207/109/133 260/161/219
f 292/177/243 248/162/220 214/137/179
f 286/145/197 209/114/152 353/178/244
f 258/149/201 233/143/193 232/141/186
f 214/137/179 235/139/184 292/177/243
f 256/166/226 203/106/127 208/113/137
f 264/168/229 257/155/209 281/179/245
f 251/153/207 246/152/206 276/180/246
f 276/180/246 246/152/206 282/181/247
f 215/129/168 247/182/248 324/170/231
f 247/182/249 215/129/172 225/134/250
f 284/175/251 241/135/252 271/159/253
f 242/128/254 234/146/255 271/159/256
f 239/142/195 198/112/257 304/183/258
f 198/112/183 227/138/182 304/183/259
f 274/171/235 248/162/220 280/184/260
f 235/139/184 249/172/236 287/185/261
f 208/113/137 179/91/110 286/145/197
s 0
f 250/118/262 269/151/262 205/117/262
s 1
f 265/173/237 233/143/193 258/149/201
f 286/145/197 256/166/226 208/113/137
s 0
f 269/151/263 250/118/263 264/168/263
s 1
f 281/179/245 257/155/209 303/186/264
f 257/155/209 251/153/207 276/180/246
f 282/181/247 244/156/210 296/187/265
f 244/156/210 262/164/223 296/187/265
f 280/184/260 248/162/220 292/177/243
f 353/178/244 209/114/152 288/167/227
f 261/163/221 240/148/266 245/150/204
f 282/181/247 246/152/206 244/156/210
f 296/187/265 262/164/223 265/173/237
f 196/104/148 210/111/135 338/169/267
f 236/144/196 218/124/158 256/166/226
f 238/136/178 239/142/195 272/154/208
f 264/168/268 281/179/269 293/188/270
f 281/179/271 290/189/272 295/190/273
f 281/179/245 303/186/264 290/189/272
f 276/180/246 282/181/247 310/191/274
f 226/130/169 283/165/239 253/158/213
f 292/177/243 235/139/184 287/185/261
f 273/192/275 249/172/236 352/193/276
f 236/144/196 256/166/226 352/193/276
f 269/151/277 264/168/268 293/188/278
f 297/194/279 276/180/246 310/191/274
f 296/187/265 265/173/237 298/195/280
f 263/160/217 260/161/219 326/196/281
f 260/161/219 243/147/199 318/197/282
f 249/172/236 319/198/283 287/185/261
f 249/172/236 273/192/275 319/198/283
f 352/193/276 249/172/236 236/144/196
s 0
f 295/190/284 328/199/284 281/179/284
s 1
f 221/126/187 224/127/165 311/200/285
s 0
f 270/157/286 253/158/286 291/201/286
s 1
f 222/121/151 272/154/225 313/202/287
f 239/142/195 304/183/258 272/154/208
f 304/183/288 227/138/218 263/160/217
f 326/196/281 260/161/219 318/197/282
f 301/203/289 274/171/235 280/184/260
f 286/145/197 353/178/244 361/204/290
f 240/148/266 299/205/291 245/150/204
f 281/179/292 328/199/293 140/206/294
f 257/155/209 276/180/246 303/186/264
f 303/186/264 276/180/246 297/194/279
s 0
f 284/175/295 271/159/295 332/207/295
s 1
f 267/176/242 222/121/180 313/202/296
f 334/208/297 280/184/260 292/177/243
f 269/151/205 309/209/298 240/148/200
f 309/209/298 269/151/205 293/188/299
f 297/194/279 310/191/274 306/210/300
f 316/211/301 210/111/161 221/126/160
f 234/146/302 267/176/303 271/159/256
f 263/160/217 326/196/281 317/212/304
f 243/147/199 274/171/235 305/213/305
f 319/198/283 273/192/275 327/214/306
f 352/193/276 256/166/226 286/145/197
f 358/215/307 286/145/197 337/216/308
f 356/217/309 293/188/310 281/179/311
f 282/181/247 296/187/265 310/191/274
f 298/195/280 265/173/237 258/149/201
f 338/169/267 210/111/135 316/211/312
f 266/174/313 217/131/314 270/157/212
f 139/218/315 253/158/213 283/165/239
s 0
f 271/159/316 267/176/316 332/207/316
s 1
f 245/150/228 299/205/317 315/219/318
f 310/191/274 296/187/265 298/195/280
f 221/126/187 311/200/285 316/211/312
f 247/182/249 225/134/250 312/220/319
s 0
f 225/134/320 266/174/320 375/221/320
s 1
f 331/222/321 284/175/322 332/207/323
f 317/212/304 304/183/324 263/160/217
f 352/193/276 286/145/197 320/223/325
f 337/216/308 286/145/197 361/204/290
f 290/189/272 303/186/264 297/194/279
f 310/191/274 298/195/280 306/210/300
f 312/220/326 225/134/327 375/221/328
f 279/133/329 284/175/330 364/224/331
f 305/213/305 274/171/235 301/203/289
f 280/184/260 334/208/297 301/203/289
f 335/225/332 292/177/243 287/185/261
f 353/178/244 381/226/333 361/204/290
f 245/150/228 315/219/318 288/167/227
f 297/194/279 306/210/334 323/227/335
f 311/200/336 224/127/194 324/170/231
f 291/201/337 307/228/338 270/157/339
f 331/222/340 364/224/341 284/175/342
f 267/176/242 313/202/296 345/229/343
f 367/230/344 318/197/282 243/147/199
f 287/185/261 319/198/283 314/231/345
f 286/145/197 358/215/307 336/232/346
s 0
f 240/148/347 309/209/347 299/205/347
f 309/209/348 322/233/348 299/205/348
f 322/233/349 309/209/349 355/234/349
f 367/230/350 243/147/350 305/213/350
s 1
f 292/177/243 335/225/332 334/208/297
f 335/225/332 287/185/261 314/231/345
f 361/204/290 381/226/333 340/235/351
f 295/190/273 290/189/272 343/236/352
f 343/236/352 297/194/279 323/227/335
f 298/195/280 258/149/201 306/210/300
f 283/165/239 385/237/353 139/218/315
f 332/207/354 267/176/355 333/238/356
f 272/154/357 304/183/324 379/239/358
s 0
f 299/205/359 322/233/359 355/234/359
s 1
f 309/209/298 293/188/299 427/240/360
f 427/240/360 293/188/299 356/217/361
f 137/241/362 357/242/363 372/243/364
f 290/189/272 297/194/279 343/236/352
f 343/236/365 323/227/366 348/244/367
f 348/244/367 323/227/366 306/210/300
f 306/210/300 258/149/201 349/49/68
f 304/183/324 317/212/304 359/245/368
f 314/231/345 319/198/283 327/214/306
f 351/246/369 327/214/306 386/247/370
f 356/217/309 281/179/311 137/241/371
s 0
f 388/248/372 137/241/372 372/243/372
s 1
f 357/242/373 140/206/294 347/249/374
f 140/206/375 328/199/376 347/249/377
f 295/190/273 343/236/352 328/199/378
f 349/49/379 258/149/211 338/169/230
f 279/133/240 364/224/380 283/165/239
f 267/176/242 345/229/343 333/238/381
f 313/202/287 272/154/225 379/239/382
f 301/203/289 334/208/297 369/250/383
f 394/251/384 273/192/275 352/193/276
f 281/179/292 140/206/294 137/241/385
f 140/206/294 357/242/373 137/241/385
f 328/199/378 343/236/352 398/252/386
f 307/228/338 344/253/387 376/254/388
f 332/207/354 333/238/356 365/255/389
f 327/214/306 273/192/275 394/251/384
f 320/223/325 286/145/197 336/232/346
s 0
f 355/234/390 309/209/390 427/240/390
s 1
f 347/249/377 328/199/376 389/256/391
f 343/236/352 348/244/367 374/257/392
f 270/157/212 375/221/393 266/174/313
f 384/258/394 344/253/395 307/228/396
f 326/196/281 359/245/368 317/212/304
f 359/245/368 326/196/281 318/197/282
f 305/213/305 301/203/289 380/259/397
f 369/250/383 334/208/297 335/225/332
f 351/246/369 335/225/332 314/231/345
f 327/214/306 351/246/369 314/231/345
f 327/214/306 394/251/384 386/247/370
f 394/251/384 352/193/276 360/260/398
f 372/243/364 357/242/363 347/249/399
s 0
f 376/254/400 344/253/400 420/261/400
s 1
f 391/262/401 420/261/402 344/253/403
f 331/222/404 332/207/405 365/255/406
f 379/239/358 304/183/324 359/245/368
f 380/259/397 301/203/289 440/263/407
f 315/219/318 299/205/317 382/264/408
f 299/205/317 355/234/409 382/264/408
f 356/217/309 137/241/371 433/265/410
f 328/199/411 398/252/412 389/256/413
f 348/244/367 306/210/300 349/49/68
f 349/49/379 338/169/230 383/266/414
f 344/253/395 138/267/415 391/262/401
f 316/211/312 383/266/416 338/169/267
f 270/157/339 307/228/338 376/254/388
f 384/258/417 307/228/418 291/201/419
f 385/237/353 399/268/420 139/218/315
f 385/237/353 283/165/239 364/224/380
f 305/213/305 380/259/397 367/230/421
f 388/248/422 372/243/423 404/269/424
f 417/270/425 372/243/423 347/249/377
f 312/220/326 375/221/426 405/271/427
f 391/262/428 138/267/429 363/272/430
f 359/245/368 318/197/282 367/230/431
f 440/263/407 301/203/289 369/250/383
f 336/232/346 395/273/432 320/223/325
f 336/232/346 358/215/307 395/273/432
f 137/241/433 388/248/422 426/274/434
f 372/243/423 417/270/425 404/269/424
f 343/236/352 374/257/392 398/252/386
f 247/182/249 312/220/319 405/271/435
f 313/202/296 392/275/436 345/229/343
f 369/250/383 335/225/332 415/276/437
f 335/225/332 351/246/369 402/277/438
f 402/277/438 351/246/369 386/247/370
f 358/215/307 337/216/308 396/278/439
f 337/216/308 361/204/290 340/235/351
f 353/178/244 288/167/227 408/53/440
f 288/167/227 315/219/318 408/53/440
f 425/279/441 137/241/433 426/274/434
f 436/280/442 324/170/231 247/182/248
f 270/157/339 376/254/388 419/281/443
s 0
f 411/282/444 412/283/444 377/284/444
s 1
f 138/267/415 344/253/395 384/258/394
f 313/202/287 379/239/382 392/275/445
f 359/245/446 414/285/447 379/239/448
f 414/285/449 359/245/450 367/230/451
f 360/260/398 352/193/276 407/286/452
f 426/274/434 388/248/422 404/269/424
f 418/51/70 398/252/386 374/257/392
f 430/287/453 316/211/312 311/200/285
f 430/287/454 311/200/336 324/170/231
f 412/283/455 411/282/456 363/272/430
f 384/258/457 291/201/458 438/288/459
f 380/259/397 440/263/407 431/289/460
f 395/273/432 358/215/307 396/278/439
f 425/279/441 426/274/434 428/290/461
f 404/269/424 417/270/425 416/50/69
f 347/249/377 389/256/391 417/270/425
f 374/257/392 348/244/367 418/51/70
f 409/291/462 270/157/463 410/292/464
f 410/292/464 270/157/463 419/281/443
f 291/201/465 253/158/213 438/288/466
f 406/293/467 385/237/353 364/224/380
f 414/285/449 367/230/451 422/294/468
f 386/247/370 394/251/384 441/295/469
f 352/193/276 320/223/325 407/286/452
f 381/226/333 353/178/244 454/296/470
f 353/178/244 408/53/440 454/296/470
f 382/264/408 408/53/440 315/219/318
f 455/297/471 382/264/408 355/234/472
f 355/234/472 424/298/473 455/297/471
f 424/298/474 355/234/475 427/240/476
f 389/256/413 398/252/412 418/51/477
s 0
f 419/281/478 376/254/478 420/261/478
s 1
f 437/299/479 458/300/480 451/301/481
f 367/230/421 380/259/397 431/289/460
f 433/265/410 137/241/371 425/279/482
f 418/51/70 348/244/367 349/49/68
f 383/266/416 316/211/312 435/302/483
f 411/282/456 391/262/428 363/272/430
f 445/303/484 451/301/485 377/284/486
f 500/304/487 412/283/455 363/272/430
f 396/278/439 337/216/308 340/235/351
f 356/217/361 433/265/488 427/240/360
f 456/305/489 425/279/441 428/290/461
f 442/306/490 426/274/434 404/269/424
f 404/269/424 416/50/69 434/307/491
f 435/302/483 316/211/312 430/287/453
f 445/303/492 377/284/493 412/283/494
f 500/304/495 363/272/430 138/267/429
s 0
f 399/268/496 385/237/496 452/308/496
s 1
f 402/277/438 386/247/370 466/309/497
f 436/280/498 247/182/249 405/271/435
f 409/291/499 375/221/393 270/157/212
s 0
f 411/282/500 377/284/500 497/310/500
s 1
f 440/263/407 369/250/383 415/276/437
f 335/225/332 444/311/501 415/276/437
f 424/298/502 427/240/503 469/312/504
f 428/290/461 426/274/434 442/306/490
f 417/270/425 389/256/391 418/51/70
f 451/301/481 445/303/505 437/299/479
f 253/158/213 139/218/315 438/288/466
f 452/308/506 385/237/353 406/293/467
f 364/224/507 331/222/508 365/255/509
f 392/275/445 379/239/382 453/313/510
f 379/239/448 414/285/447 447/314/511
f 448/315/512 440/263/407 415/276/437
f 394/251/384 360/260/398 407/286/452
f 427/240/360 433/265/488 469/312/513
s 0
f 450/316/514 433/265/514 425/279/514
s 1
f 428/290/461 442/306/490 456/305/489
f 416/50/69 417/270/425 418/51/70
f 478/317/515 375/221/393 409/291/499
f 496/318/516 419/281/517 420/261/518
f 420/261/402 391/262/401 479/319/519
f 497/310/520 377/284/486 451/301/485
f 412/283/455 500/304/487 533/320/521
f 138/267/429 534/321/522 500/304/495
f 138/267/429 512/322/523 534/321/522
f 392/275/436 453/313/524 345/229/343
f 414/285/449 422/294/468 486/323/525
f 444/311/501 335/225/332 402/277/438
f 466/309/497 386/247/370 441/295/469
f 441/295/469 394/251/384 487/324/526
f 320/223/325 395/273/432 407/286/452
f 396/278/439 340/235/351 488/325/527
f 454/296/470 408/53/440 468/52/528
f 442/306/490 404/269/424 434/307/491
s 0
f 457/326/529 411/282/529 497/310/529
s 1
f 480/327/530 458/300/531 437/299/532
f 460/328/533 364/224/507 365/255/509
f 461/329/534 333/238/535 345/229/536
f 422/294/468 367/230/451 431/289/460
f 488/325/527 340/235/351 381/226/333
f 461/329/534 345/229/536 482/330/537
f 431/289/460 440/263/407 464/331/538
f 448/315/512 415/276/437 465/332/539
f 487/324/526 394/251/384 407/286/452
f 407/286/452 395/273/432 467/333/540
f 469/312/513 433/265/488 450/316/541
f 456/305/489 442/306/490 470/334/542
f 410/292/543 419/281/517 496/318/516
f 496/318/544 420/261/402 479/319/519
f 479/319/545 391/262/428 411/282/456
f 345/229/343 453/313/524 482/330/546
f 453/313/510 379/239/382 447/314/547
f 465/332/539 415/276/437 444/311/501
f 514/335/548 402/277/438 466/309/497
f 466/309/497 441/295/469 494/336/549
f 463/337/550 425/279/441 456/305/489
f 470/334/542 442/306/490 473/338/551
f 436/280/442 430/287/552 324/170/231
f 375/221/426 576/339/553 405/271/427
f 460/328/554 406/293/555 364/224/556
f 422/294/468 431/289/460 464/331/538
f 444/311/501 402/277/438 514/335/548
f 396/278/439 467/333/540 395/273/432
f 455/297/471 424/298/473 490/340/557
f 456/305/489 472/341/558 463/337/550
f 473/338/551 442/306/490 508/342/559
f 434/307/491 474/343/560 442/306/490
f 349/49/379 383/266/414 477/344/561
f 445/303/492 412/283/494 533/320/562
f 513/345/563 138/267/415 384/258/394
f 472/341/558 456/305/489 484/346/564
f 484/346/564 456/305/489 470/334/542
f 434/307/491 416/50/69 474/343/560
f 480/327/530 437/299/532 492/347/565
f 513/345/563 512/322/566 138/267/415
f 460/328/567 365/255/568 461/329/569
f 365/255/389 333/238/356 461/329/570
s 0
f 450/316/571 425/279/571 463/337/571
s 1
f 508/342/559 442/306/490 474/343/560
f 441/295/469 487/324/526 494/336/549
f 477/344/572 383/266/416 435/302/483
f 409/291/573 410/292/574 499/348/575
f 532/349/576 437/299/479 445/303/505
f 466/309/497 494/336/549 535/350/577
f 381/226/333 483/351/578 488/325/527
f 382/264/408 455/297/471 520/352/579
s 0
f 424/298/580 469/312/580 502/353/580
s 1
f 472/341/558 484/346/564 491/354/581
f 384/258/457 438/288/459 513/345/582
f 481/355/583 438/288/466 139/218/315
f 464/331/538 440/263/407 448/315/512
f 506/356/584 448/315/512 465/332/539
f 465/332/539 444/311/501 527/357/585
f 514/335/548 466/309/497 535/350/577
f 523/358/586 474/343/560 416/50/69
f 523/358/586 416/50/69 349/49/68
f 562/359/587 477/344/572 435/302/483
f 503/360/588 435/302/483 430/287/453
f 410/292/574 531/361/589 499/348/575
f 496/318/590 479/319/590 528/362/590
f 452/308/506 406/293/467 504/363/591
f 447/314/511 414/285/447 505/364/592
f 527/357/585 444/311/501 514/335/548
f 462/54/593 408/53/440 566/365/594
f 382/264/408 520/352/579 408/53/440
f 490/340/557 424/298/473 502/353/595
f 502/353/596 469/312/597 450/316/598
f 491/354/581 536/366/599 472/341/558
f 536/366/599 491/354/581 516/367/600
f 477/344/561 523/358/601 349/49/379
f 134/368/602 458/300/531 480/327/530
f 509/369/603 480/327/604 136/370/605
f 139/218/315 399/268/420 543/371/606
f 407/286/452 467/333/540 487/324/526
f 467/333/540 396/278/439 488/325/527
f 502/353/596 450/316/598 463/337/607
f 463/337/550 472/341/558 536/366/599
f 484/346/564 470/334/542 473/338/551
f 474/343/560 523/358/586 508/342/559
f 436/280/498 405/271/435 541/372/608
f 135/373/609 457/326/610 497/310/611
s 0
f 577/374/612 510/375/612 136/370/612
s 1
f 518/376/613 500/304/495 534/321/522
f 399/268/614 452/308/615 554/377/616
f 406/293/555 460/328/554 504/363/617
f 483/351/578 381/226/333 454/296/470
f 520/352/579 455/297/471 490/340/557
f 576/339/618 375/221/619 478/317/620
f 531/361/621 410/292/622 496/318/623
s 0
f 551/378/624 496/318/624 528/362/624
s 1
f 529/379/625 479/319/545 411/282/456
f 135/373/626 497/310/520 517/380/627
f 517/380/627 497/310/520 451/301/485
f 511/381/628 445/303/492 533/320/629
f 500/304/487 518/376/630 533/320/521
f 460/328/567 461/329/569 555/382/631
f 453/313/510 447/314/547 596/383/632
f 506/356/584 465/332/539 507/384/633
f 491/354/581 484/346/564 522/385/634
f 561/386/635 523/358/601 477/344/561
f 568/387/636 503/360/588 430/287/552
f 405/271/427 576/339/553 541/372/637
f 531/361/638 496/318/623 551/378/639
f 528/362/640 479/319/545 586/388/641
s 0
f 529/379/642 411/282/642 457/326/642
s 1
f 509/369/643 136/370/644 510/375/645
f 532/349/576 445/303/505 614/389/646
f 438/288/647 481/355/648 513/345/563
f 399/268/420 554/377/649 543/371/606
f 482/330/546 453/313/524 596/383/650
f 464/331/538 448/315/512 526/390/651
f 520/352/579 559/391/652 408/53/440
f 530/392/653 484/346/564 473/338/551
f 568/387/636 430/287/552 436/280/442
f 457/326/610 135/373/609 529/379/654
f 504/363/617 460/328/554 544/393/655
f 422/294/468 464/331/538 545/394/656
f 490/340/557 502/353/595 598/395/657
f 502/353/595 463/337/550 598/395/657
f 516/367/600 491/354/581 537/396/658
f 537/396/658 491/354/581 538/397/659
f 538/397/659 491/354/581 522/385/634
f 517/380/660 451/301/481 458/300/480
f 134/368/602 480/327/530 525/398/661
f 509/369/662 510/375/645 570/399/663
s 0
f 577/374/664 136/370/664 542/400/664
s 1
f 542/400/665 136/370/605 480/327/604
f 492/347/565 437/299/532 572/401/666
f 518/376/613 534/321/522 588/402/667
f 481/355/583 139/218/315 589/403/668
f 544/393/669 460/328/670 555/382/671
f 596/383/672 447/314/673 505/364/674
f 414/285/449 486/323/525 579/404/675
f 448/315/512 506/356/584 526/390/651
f 465/332/539 527/357/585 507/384/633
f 522/385/634 539/405/676 538/397/659
f 473/338/551 508/342/559 540/406/677
f 572/401/666 437/299/532 532/349/678
f 482/330/546 596/383/650 591/407/679
f 464/331/538 526/390/680 545/394/656
f 473/338/551 540/406/677 530/392/653
f 561/386/681 477/344/572 562/359/587
f 480/327/682 509/369/682 525/398/682
f 542/400/665 480/327/604 492/347/683
s 0
f 614/389/684 445/303/684 511/381/684
s 1
f 578/408/685 414/285/449 579/404/675
f 488/409/686 483/410/687 546/411/688
f 546/411/688 483/410/687 549/412/689
f 522/385/634 484/346/564 539/405/676
f 484/346/564 530/392/653 539/405/676
f 540/406/677 508/342/559 523/358/586
f 552/413/690 512/322/566 513/345/563
f 486/323/525 422/294/468 545/394/656
f 487/324/526 467/333/540 488/325/527
f 546/411/691 549/412/692 557/414/693
f 584/415/694 537/396/658 585/416/695
f 529/379/625 586/388/641 479/319/545
f 587/417/696 510/375/697 571/418/698
f 510/375/697 577/374/699 571/418/698
f 511/381/628 533/320/629 617/419/700
f 533/320/521 518/376/630 617/419/701
f 534/321/522 574/420/702 573/421/703
s 0
f 573/421/704 574/420/704 575/422/704
s 1
f 574/420/702 534/321/522 575/422/705
f 534/321/522 512/322/523 575/422/705
f 552/413/690 513/345/563 481/355/648
f 461/329/706 482/330/707 591/407/708
f 580/423/709 507/384/633 527/357/585
f 565/424/710 494/336/549 487/324/526
f 468/52/528 462/54/593 566/365/594
f 516/367/600 537/396/658 584/415/694
f 537/396/658 538/397/659 585/416/695
f 603/425/711 529/379/712 135/373/626
f 594/426/713 458/300/714 134/368/715
f 534/321/522 573/421/703 552/413/716
f 573/421/703 575/422/705 552/413/716
f 575/422/705 512/322/523 552/413/716
f 139/218/315 543/371/717 589/403/668
f 535/350/577 494/336/549 565/424/710
f 566/365/594 408/53/440 559/391/652
f 559/391/652 520/352/579 624/427/718
f 618/428/719 520/352/579 490/340/557
f 490/340/557 598/395/657 607/429/720
f 598/395/657 463/337/550 536/366/599
f 585/416/695 538/397/659 599/430/721
f 599/430/721 538/397/659 539/405/676
f 539/405/676 530/392/653 593/431/722
f 562/359/587 435/302/483 503/360/588
s 0
f 586/388/723 551/378/723 528/362/723
s 1
f 517/380/660 458/300/480 594/426/724
f 617/419/701 518/376/630 588/402/725
f 504/363/591 590/432/726 452/308/506
f 526/390/651 506/356/584 592/433/727
f 487/324/526 488/325/527 565/424/710
f 582/434/728 488/409/729 546/411/730
f 582/434/731 546/411/691 557/414/693
f 585/416/695 608/435/732 584/415/694
f 539/405/676 620/436/733 599/430/721
s 0
f 531/361/734 551/378/734 586/388/734
f 461/329/735 591/407/735 555/382/735
s 1
f 414/285/449 578/408/685 505/364/736
f 527/357/585 514/335/548 581/437/737
f 637/438/738 536/366/599 516/367/600
f 568/387/636 678/439/739 503/360/588
f 478/317/515 409/291/499 627/440/740
f 506/356/584 507/384/633 580/423/709
f 557/414/693 549/412/692 738/441/741
f 766/442/742 483/351/578 454/296/470
f 566/365/594 559/391/652 606/443/743
f 624/427/718 520/352/579 684/444/744
f 598/395/657 536/366/599 637/438/738
f 620/436/733 539/405/676 593/431/722
f 562/359/587 503/360/588 678/439/739
f 611/445/745 576/339/618 478/317/620
f 409/291/573 499/348/575 627/440/746
f 499/348/747 531/361/748 657/446/749
f 554/377/616 452/308/750 590/432/751
f 596/383/672 505/364/674 645/447/752
f 592/433/727 506/356/584 646/448/753
f 682/449/754 514/335/548 535/350/577
f 608/435/732 585/416/695 602/450/755
f 530/392/653 540/406/677 593/431/722
f 586/388/641 529/379/625 634/451/756
f 572/401/666 532/349/678 613/452/757
f 721/453/758 534/321/522 552/413/716
f 516/367/600 584/415/694 637/438/738
f 609/454/759 540/406/677 523/358/586
f 609/454/760 523/358/601 561/386/635
f 657/446/749 531/361/748 586/388/761
f 517/380/627 603/425/711 135/373/626
f 134/368/602 525/398/661 616/455/762
f 622/456/763 587/417/696 571/418/698
s 0
f 577/374/764 542/400/764 659/457/764
s 1
f 542/400/765 492/347/766 659/457/767
f 613/452/757 492/347/565 572/401/666
f 617/419/701 588/402/725 660/458/768
f 506/356/584 580/423/709 646/448/753
f 580/423/709 527/357/585 581/437/737
s 0
f 565/459/769 488/409/769 582/434/769
s 1
f 766/460/770 549/412/689 483/410/687
f 584/415/694 608/435/732 625/461/771
f 585/416/695 599/430/721 602/450/755
f 593/431/722 540/406/677 609/454/759
f 568/387/772 436/280/773 730/462/774
f 541/372/637 576/339/553 679/463/775
s 0
f 616/455/776 525/398/776 509/369/776
f 509/369/777 570/399/777 658/464/777
s 1
f 570/399/778 510/375/697 587/417/696
f 532/349/678 693/465/779 613/452/757
f 596/383/672 645/447/752 661/466/780
f 505/364/736 578/408/685 645/447/781
f 557/414/693 738/441/741 648/467/782
f 738/441/741 549/412/692 727/468/783
f 608/435/732 602/450/755 619/469/784
f 619/469/784 630/470/785 638/471/786
f 619/469/784 602/450/755 630/470/785
f 436/280/498 541/372/608 650/472/787
f 627/440/746 499/348/575 657/446/788
f 586/388/761 639/473/789 657/446/749
f 621/474/790 594/426/713 134/368/715
f 681/475/791 577/374/699 659/457/792
f 492/347/766 613/452/793 659/457/767
f 588/402/667 534/321/522 721/453/758
f 543/371/606 554/377/649 590/432/726
f 545/394/656 526/390/680 592/433/794
f 682/449/754 581/437/737 514/335/548
f 682/449/795 535/350/577 565/424/710
f 454/296/470 468/52/528 766/442/742
f 468/52/528 566/365/594 606/443/743
f 666/476/796 631/477/797 599/430/721
f 616/455/798 509/369/799 658/464/800
f 571/418/698 577/374/699 681/475/791
f 511/381/628 617/419/700 614/389/801
f 651/478/802 552/413/690 481/355/648
f 481/355/803 589/403/668 651/478/804
f 590/432/726 504/363/591 723/479/805
f 646/448/753 580/423/709 628/480/806
s 0
f 647/481/807 565/459/807 582/434/807
s 1
f 642/482/808 582/434/731 557/414/693
f 649/483/809 607/429/720 598/395/657
f 625/461/771 637/438/738 584/415/694
f 602/450/755 599/430/721 631/477/797
f 599/430/721 633/484/810 666/476/796
f 599/430/721 620/436/733 633/484/810
f 626/485/811 478/317/515 627/440/740
f 570/399/812 587/417/696 668/486/813
f 660/458/814 614/389/801 617/419/700
f 132/487/815 552/413/690 651/478/802
f 651/478/804 589/403/668 543/371/717
f 628/480/806 580/423/709 581/437/737
f 598/395/657 637/438/738 649/483/809
f 630/470/785 602/450/755 656/488/816
f 650/472/817 541/372/637 679/463/775
f 634/451/756 639/473/818 586/388/641
f 532/349/576 614/389/646 711/489/819
f 721/453/758 552/413/716 132/487/820
f 544/393/669 555/382/671 713/490/821
f 696/491/822 545/394/656 592/433/794
f 648/467/782 642/482/808 557/414/693
f 606/443/743 559/391/652 624/427/718
f 633/484/810 620/436/733 609/454/759
f 609/454/759 620/436/733 593/431/722
s 0
f 644/492/823 634/451/823 529/379/823
s 1
f 644/492/824 529/379/825 603/425/826
s 0
f 588/402/827 721/453/827 660/458/827
s 1
f 543/371/606 590/432/726 652/493/828
f 591/407/679 596/383/650 661/466/829
f 578/408/685 675/494/830 645/447/781
f 628/480/806 653/495/831 646/448/753
f 655/496/832 608/435/732 619/469/784
f 638/471/786 630/470/785 665/497/833
f 679/463/834 576/339/618 611/445/745
s 0
f 658/464/835 570/399/835 668/486/835
s 1
f 688/498/836 613/452/757 693/465/779
f 723/479/837 504/363/838 724/499/839
f 724/499/840 504/363/617 544/393/655
f 555/382/841 591/407/842 713/490/843
s 0
f 565/459/844 647/481/844 682/500/844
s 1
f 648/467/782 738/441/741 654/501/845
f 625/461/771 608/435/732 655/496/832
f 602/450/755 631/477/797 656/488/816
f 561/386/681 562/359/587 781/502/846
f 543/371/717 641/503/847 651/478/804
f 592/433/727 646/448/753 696/491/848
f 582/434/731 642/482/808 647/481/849
f 490/340/557 708/504/850 618/428/719
f 490/340/557 607/429/720 708/504/850
f 781/502/846 562/359/587 678/439/739
f 543/371/717 652/493/851 641/503/847
f 579/404/675 752/505/852 578/408/685
f 646/448/753 653/495/831 696/491/848
f 581/437/737 682/449/754 707/506/853
f 663/507/854 642/482/808 648/467/782
f 520/352/579 618/428/719 664/508/855
f 638/471/856 665/497/857 133/509/858
f 730/462/859 436/280/498 650/472/787
f 478/317/515 626/485/811 611/445/860
f 644/492/824 603/425/826 672/510/861
f 659/457/767 613/452/793 710/511/862
f 711/489/863 614/389/864 674/512/865
f 614/389/801 660/458/814 674/512/866
f 641/503/867 132/487/815 651/478/802
f 661/466/780 645/447/752 662/513/868
f 699/514/869 648/467/870 654/501/871
f 656/488/816 631/477/797 677/515/872
f 616/455/798 658/464/800 668/486/873
f 673/516/874 587/417/696 622/456/763
f 622/456/763 571/418/698 130/517/875
f 710/511/862 613/452/793 688/498/876
f 693/465/877 532/349/576 711/489/819
f 579/404/675 486/323/525 545/394/656
f 684/444/744 520/352/579 664/508/855
f 649/483/809 637/438/738 701/518/878
f 685/519/879 133/509/880 768/520/881
f 630/470/785 656/488/816 665/497/833
f 631/477/797 666/476/796 677/515/872
f 666/476/796 633/484/810 686/521/882
f 517/380/660 594/426/724 776/522/883
f 621/474/790 134/368/715 616/455/762
f 653/495/831 628/480/806 697/523/884
f 581/437/737 707/506/853 628/480/806
f 737/524/885 682/500/886 647/481/887
f 699/514/869 663/507/888 648/467/870
f 549/412/689 766/460/770 727/468/889
f 728/525/890 606/443/743 624/427/718
f 655/496/832 619/469/784 692/526/891
f 692/526/891 619/469/784 638/471/786
f 603/425/711 517/380/627 672/510/892
f 776/522/883 594/426/724 717/527/893
f 660/458/814 721/453/894 674/512/866
f 590/432/726 722/528/895 652/493/828
f 695/529/896 545/394/656 817/530/897
f 697/523/884 628/480/806 707/506/853
f 677/515/872 666/476/796 686/521/882
f 686/521/882 633/484/810 609/454/759
f 702/531/898 644/492/899 672/510/900
f 673/516/874 668/486/813 587/417/696
f 130/517/875 571/418/698 681/475/791
f 704/532/901 132/487/815 641/503/867
f 714/533/902 645/447/781 675/494/830
f 545/394/656 696/491/822 743/534/903
f 653/495/831 697/523/884 706/535/904
f 737/524/905 647/481/849 698/536/906
f 647/481/849 642/482/808 698/536/906
f 699/514/869 654/501/871 726/537/907
f 468/52/528 606/443/743 728/525/890
f 607/429/720 649/483/809 708/504/850
f 733/538/908 665/497/833 734/539/909
f 665/497/833 656/488/816 677/515/872
f 735/540/910 678/439/739 568/387/636
f 129/541/911 657/446/749 639/473/789
s 0
f 634/451/912 644/492/912 702/531/912
f 681/475/913 659/457/913 710/511/913
s 1
f 641/503/847 652/493/851 712/542/914
f 725/543/915 544/393/669 713/490/821
f 695/529/896 579/404/675 545/394/656
f 653/495/831 706/535/904 696/491/848
f 664/508/855 618/428/719 700/544/916
f 756/545/917 730/462/859 650/472/787
f 594/426/713 621/474/790 717/527/918
f 591/407/679 661/466/829 771/546/919
f 662/513/920 645/447/781 714/533/902
f 675/494/830 578/408/685 752/505/852
f 642/482/808 663/507/854 698/536/906
f 663/507/888 699/514/869 131/547/921
f 715/548/922 699/514/923 746/549/924
f 728/525/890 624/427/718 684/444/744
f 625/461/771 655/496/832 692/526/891
s 0
f 126/550/925 133/509/925 733/538/925
s 1
f 133/509/926 665/497/833 733/538/908
f 769/551/927 686/521/882 609/454/759
f 621/474/790 718/552/928 717/527/918
f 704/532/929 641/503/867 740/553/930
f 590/432/726 723/479/805 722/528/895
f 706/535/904 697/523/884 744/554/931
f 766/442/742 468/52/528 728/525/890
f 638/471/856 133/509/858 692/526/932
f 709/555/933 685/519/934 768/520/935
f 665/497/833 677/515/872 716/556/936
f 781/502/846 678/439/739 789/557/937
f 784/558/938 129/541/911 639/473/939
f 621/474/790 616/455/762 719/559/940
f 616/455/762 668/486/813 719/559/940
f 673/516/874 622/456/763 732/560/941
f 707/506/853 682/449/754 749/561/942
f 682/500/886 737/524/885 749/562/943
f 637/438/738 625/461/771 692/526/891
f 844/563/944 685/519/934 709/555/933
f 768/520/881 133/509/880 126/550/945
f 734/539/909 665/497/833 716/556/936
f 810/564/946 609/454/947 561/386/948
f 568/387/772 730/462/774 735/540/949
f 735/540/949 730/462/774 773/565/950
f 756/545/951 650/472/817 679/463/775
f 517/380/627 776/522/952 672/510/892
f 704/532/953 721/453/758 132/487/820
f 713/490/954 591/407/842 798/566/955
f 591/407/679 771/546/919 814/567/956
f 579/404/675 695/529/896 752/505/852
f 746/549/924 699/514/923 726/537/957
f 637/438/738 692/526/891 701/518/878
f 709/555/958 772/568/959 748/569/960
f 733/538/961 734/539/962 779/570/963
s 0
f 769/551/964 609/454/964 810/564/964
s 1
f 639/473/818 634/451/756 770/571/965
s 0
f 740/553/966 641/503/966 712/542/966
s 1
f 661/466/780 662/513/868 771/546/967
f 743/534/903 696/491/848 706/535/904
f 699/514/923 715/548/922 741/572/968
f 649/483/809 701/518/878 708/504/850
f 708/504/850 701/518/878 755/573/969
f 709/555/933 768/520/935 772/568/970
f 735/540/910 789/557/971 678/439/739
f 719/559/940 668/486/813 673/516/874
f 652/493/828 796/574/972 712/542/973
f 725/543/974 713/490/975 798/566/976
f 817/530/897 545/394/656 743/534/903
f 697/523/884 707/506/853 744/554/931
f 744/554/931 707/506/853 749/561/942
f 750/575/977 618/428/719 708/504/850
f 838/576/978 133/509/880 685/519/879
s 0
f 770/571/979 634/451/979 702/531/979
s 1
f 732/560/941 622/456/763 739/577/980
s 0
f 704/532/981 740/553/981 712/542/981
s 1
f 724/499/840 544/393/655 725/543/982
f 743/534/903 706/535/904 793/578/983
f 700/544/916 618/428/719 767/579/984
f 767/579/984 618/428/719 750/575/977
f 677/515/872 686/521/882 716/556/936
f 870/580/985 561/386/681 781/502/846
f 627/440/746 657/446/788 129/541/986
f 621/474/790 719/559/940 764/581/987
f 813/582/988 688/498/836 693/465/779
f 760/583/989 721/453/758 704/532/953
f 131/547/921 698/536/990 663/507/888
f 746/549/991 726/537/957 828/584/992
f 728/525/890 684/444/744 664/508/855
f 708/504/850 754/585/993 829/586/994
f 708/504/850 755/573/969 754/585/993
f 716/556/936 686/521/882 769/551/927
f 810/564/995 561/386/681 870/580/985
f 626/485/811 627/440/740 128/587/996
f 770/571/965 784/558/997 639/473/818
f 710/511/862 688/498/876 833/588/998
f 674/512/866 721/453/999 760/583/1000
f 816/589/1001 662/513/920 714/533/902
f 706/535/904 744/554/931 793/578/983
s 0
f 761/590/1002 737/524/1002 698/536/1002
f 131/547/1003 699/514/1003 741/572/1003
s 1
f 738/441/741 727/468/783 762/591/1004
f 727/468/889 766/460/770 762/591/1005
f 692/526/1006 133/509/880 763/592/1007
f 763/592/1007 133/509/880 838/576/978
f 773/565/1008 730/462/859 756/545/917
f 718/552/928 621/474/790 764/581/987
f 739/577/980 622/456/763 130/517/875
f 723/479/837 724/499/839 742/593/1009
f 127/594/1010 744/554/931 749/561/942
f 749/562/942 737/524/1011 761/590/1012
f 774/595/1013 756/545/951 679/463/775
f 679/463/1014 611/445/860 820/596/1015
f 627/440/746 129/541/986 128/587/1016
s 0
f 784/558/1017 757/597/1017 129/541/1017
s 1
f 719/559/940 673/516/874 785/598/1018
f 711/489/863 674/512/865 792/599/1019
f 765/600/1020 652/493/828 722/528/895
f 742/593/1021 722/528/895 723/479/805
f 679/463/1014 820/596/1015 774/595/1022
f 770/571/1023 702/531/898 672/510/900
f 675/494/830 752/505/852 714/533/902
s 0
f 803/601/1024 131/547/1024 741/572/1024
s 1
f 750/575/977 708/504/850 788/602/1025
f 838/576/1026 685/519/934 844/563/944
f 779/570/963 734/539/962 780/603/1027
f 611/445/860 626/485/811 820/596/1015
f 790/604/1028 717/527/918 718/552/928
f 764/581/987 719/559/940 785/598/1018
s 0
f 710/511/1029 832/605/1029 681/475/1029
s 1
f 832/605/1030 710/511/862 833/588/998
f 693/465/877 711/489/819 787/606/1031
f 796/574/972 652/493/828 765/600/1020
f 125/607/1032 662/513/920 816/589/1001
f 778/608/1033 752/505/852 695/529/896
f 793/578/983 744/554/931 127/594/1010
f 755/573/969 701/518/878 804/609/1034
f 734/539/909 716/556/936 780/603/1035
s 0
f 792/599/1036 674/512/1036 760/583/1036
s 1
f 806/610/1037 760/583/1038 800/611/1039
f 760/583/989 704/532/953 800/611/1040
f 939/612/1041 724/499/840 797/613/1042
f 654/501/845 738/441/741 906/614/1043
f 738/441/741 762/591/1004 906/614/1043
f 664/508/855 700/544/916 767/579/984
f 754/585/993 755/573/969 804/609/1034
s 0
f 819/615/1044 772/568/1044 768/520/1044
s 1
f 776/522/883 717/527/893 790/604/1045
f 785/598/1018 673/516/874 732/560/941
f 130/517/875 681/475/791 855/616/1046
f 725/543/982 797/613/1042 724/499/840
f 761/590/1047 698/536/1048 808/617/1049
f 762/591/1005 766/460/770 821/618/1050
f 780/603/1035 716/556/936 769/551/927
s 0
f 799/619/1051 757/597/1051 784/558/1051
s 1
f 732/560/941 739/577/980 824/620/1052
f 742/593/1009 724/499/839 939/612/1053
f 798/566/955 591/407/842 814/567/1054
s 0
f 808/617/1055 131/547/1055 803/601/1055
f 748/569/1056 772/568/1056 819/615/1056
s 1
f 768/520/1057 126/550/945 819/615/1058
f 739/577/980 130/517/875 847/621/1059
f 855/616/1046 681/475/791 832/605/1060
f 792/599/1061 760/583/1062 806/610/1063
f 864/622/1064 765/600/1020 722/528/895
f 125/607/1065 884/623/1066 662/513/1067
f 125/607/1032 816/589/1001 903/624/1068
f 808/617/1069 698/536/990 131/547/921
f 766/460/770 728/625/1070 821/618/1050
f 788/602/1025 708/504/850 822/626/1071
f 701/518/878 692/526/891 804/609/1034
s 0
f 804/609/1072 692/526/1072 763/592/1072
s 1
f 839/627/1073 805/628/1074 748/569/960
s 0
f 124/629/1075 126/550/1075 733/538/1075
s 1
f 757/597/1076 799/619/1076 841/630/1076
f 770/571/965 672/510/892 812/631/1077
f 672/510/892 776/522/952 812/631/1077
f 739/577/980 847/621/1059 824/620/1052
f 771/546/967 662/513/868 884/623/1078
f 903/624/1068 816/589/1001 893/632/1079
f 837/633/1080 127/634/1010 749/562/942
f 794/635/1081 741/572/1082 715/548/1083
f 822/626/1071 708/504/850 829/586/994
f 851/636/1084 829/586/994 754/585/993
s 0
f 780/603/1085 769/551/1085 810/564/1085
s 1
f 781/502/846 789/557/937 879/637/1086
f 722/528/895 742/593/1021 864/622/1064
f 752/505/852 835/638/1087 714/533/902
f 803/601/1088 741/572/1082 794/635/1089
f 709/555/1090 748/569/960 805/628/1074
f 733/538/1091 779/570/1092 124/629/1093
f 124/629/1093 779/570/1092 780/603/1094
f 841/630/1095 129/541/986 757/597/1096
f 776/522/883 790/604/1045 812/631/1097
f 826/639/1098 714/533/902 835/638/1087
f 761/590/1012 837/633/1080 749/562/942
s 0
f 808/617/1099 803/601/1099 827/640/1099
s 1
f 726/537/907 654/501/871 933/641/1100
f 728/525/890 664/508/855 767/579/984
f 626/485/811 128/587/996 890/642/1101
f 890/642/1102 128/587/1016 129/541/986
f 764/581/987 785/598/1018 823/643/1103
f 823/643/1103 785/598/1018 732/560/941
f 704/532/1104 712/542/1105 796/574/1106
f 771/546/1107 884/623/1108 843/644/1109
f 816/589/1001 714/533/902 825/645/1110
f 794/635/1081 715/548/1083 865/646/1111
f 728/525/890 767/579/984 868/647/1112
f 767/579/984 750/575/977 788/602/1025
f 851/636/1084 754/585/993 804/609/1034
f 780/603/1094 810/564/995 870/580/985
f 704/532/1104 796/574/1106 883/648/1113
f 765/600/1020 857/649/1114 796/574/972
f 743/534/903 793/578/983 836/650/1115
f 793/578/983 127/594/1010 836/650/1116
s 0
f 963/651/1117 746/652/1117 828/653/1117
f 126/550/1118 124/629/1118 840/654/1118
s 1
f 790/604/1045 853/655/1119 812/631/1097
f 823/643/1103 732/560/941 824/620/1052
f 130/517/875 855/616/1046 847/621/1059
f 813/582/1120 693/465/877 787/606/1031
f 825/645/1110 714/533/902 826/639/1098
s 0
f 837/633/1121 836/656/1121 127/634/1121
s 1
f 827/640/1122 803/601/1088 794/635/1089
f 874/657/1123 829/586/994 851/636/1084
f 748/569/1124 819/615/1125 845/658/1126
f 129/541/986 841/630/1095 890/642/1102
f 764/581/1127 790/604/1028 718/552/928
f 688/498/836 813/582/988 833/588/1128
f 848/659/1129 806/610/1130 849/660/1131
f 849/660/1132 806/610/1037 800/611/1039
f 800/611/1040 704/532/953 883/648/1133
f 893/632/1079 816/589/1001 825/645/1110
f 826/639/1098 835/638/1087 850/661/1134
s 0
f 897/662/1135 778/608/1135 695/529/1135
s 1
f 822/626/1071 829/586/994 874/657/1123
f 888/663/1136 756/545/951 774/595/1013
f 799/619/1137 784/558/997 862/664/1138
f 862/664/1139 784/558/997 770/571/965
f 853/655/1140 790/604/1028 764/581/1127
f 787/606/1141 711/489/1142 792/599/1143
f 806/610/1063 848/659/1144 792/599/1061
f 798/566/955 814/567/1054 908/665/1145
f 771/546/919 843/644/1146 814/567/956
f 822/626/1071 874/657/1123 866/666/1147
f 839/627/1148 748/569/1124 845/658/1126
f 735/540/910 879/637/1149 789/557/971
f 773/565/1008 756/545/917 888/663/1150
f 897/662/1151 695/529/896 817/530/897
f 654/501/871 906/614/1152 933/641/1100
f 728/625/1070 873/667/1153 821/618/1050
f 870/580/985 124/629/1093 780/603/1094
f 862/664/1139 770/571/965 812/631/1077
f 823/643/1103 824/620/1052 882/668/1154
f 883/648/1113 796/574/1106 857/649/1155
f 817/530/897 743/534/903 836/650/1115
f 873/669/1153 728/670/1070 926/671/1156
f 875/672/1157 804/609/1034 763/592/1007
f 819/615/1058 126/550/945 845/658/1158
f 626/485/811 890/642/1101 880/673/1159
f 799/619/1137 862/664/1138 871/674/1160
f 824/620/1052 847/621/1059 943/675/1161
f 847/621/1059 892/676/1162 943/675/1161
f 855/616/1046 832/605/1163 872/677/1164
f 832/605/1030 833/588/998 872/677/1165
s 0
f 849/660/1166 800/611/1166 905/678/1166
s 1
f 884/679/1066 125/680/1065 931/681/1167
f 752/505/852 778/608/1033 835/638/1087
s 0
f 894/682/1168 836/656/1168 837/633/1168
s 1
f 1020/683/1169 821/618/1050 873/667/1170
f 845/658/1158 126/550/945 878/684/1171
f 126/550/945 840/654/1172 878/684/1171
s 0
f 871/674/1173 862/664/1173 895/685/1173
s 1
f 725/543/974 798/566/976 908/665/1174
f 817/686/897 836/687/1115 966/688/1175
f 894/682/1176 837/633/1177 761/590/1178
f 761/590/1047 808/617/1049 885/689/1179
f 788/602/1025 822/626/1071 866/666/1147
f 875/672/1157 874/657/1123 851/636/1084
f 844/563/1180 122/690/1181 838/576/1182
f 122/690/1181 844/563/1180 948/691/1183
f 878/684/1171 840/654/1184 900/692/1185
f 781/502/846 879/637/1086 870/580/985
f 799/619/1186 907/693/1187 881/694/1188
s 0
f 891/695/1189 871/674/1189 895/685/1189
s 1
f 833/588/1128 813/582/988 951/696/1190
f 905/678/1191 800/611/1040 883/648/1192
f 916/697/1193 864/622/1064 923/698/1194
f 894/682/1176 761/590/1178 885/689/1195
f 726/537/957 933/641/1196 828/584/992
f 762/591/1005 821/618/1050 1020/683/1169
f 868/699/1112 926/671/1197 728/670/890
f 767/579/984 788/602/1025 868/647/1112
f 875/672/1157 851/636/1084 804/609/1034
f 763/592/1007 838/576/978 122/690/1198
f 709/555/1090 805/628/1074 899/700/1199
f 1024/701/1200 879/637/1149 735/540/910
s 0
f 841/630/1201 799/619/1201 881/694/1201
s 1
f 907/693/1202 799/619/1137 913/702/1203
f 862/664/1204 968/703/1205 895/685/1206
f 764/581/987 823/643/1103 901/704/1207
f 872/677/1165 833/588/998 944/705/1208
f 797/613/1209 725/543/974 908/665/1174
f 828/653/992 933/706/1196 963/651/1210
f 788/602/1025 866/666/1147 868/647/1112
f 874/657/1123 875/672/1157 866/666/1147
f 1021/707/1211 866/666/1147 875/672/1157
s 0
f 876/708/1212 839/627/1212 845/658/1212
s 1
f 880/673/1159 820/596/1015 626/485/811
f 841/630/1095 941/709/1213 890/642/1102
f 941/709/1214 841/630/1215 881/694/1216
f 799/619/1137 871/674/1160 913/702/1203
f 853/655/1140 764/581/1127 901/704/1217
f 847/621/1059 855/616/1046 892/676/1162
f 864/622/1064 916/697/1193 765/600/1020
f 814/567/956 843/644/1146 908/665/1218
f 825/645/1110 940/710/1219 893/632/1079
f 835/638/1087 778/608/1033 897/662/1151
f 898/711/1220 897/712/1151 817/686/897
f 865/713/1111 746/714/1221 1130/715/1222
f 844/563/1223 709/555/1090 899/700/1199
f 891/695/1224 895/685/1225 942/716/1226
f 882/668/1154 824/620/1052 954/717/1227
f 929/718/1228 792/599/1061 848/659/1144
f 884/623/1108 902/719/1229 843/644/1109
f 902/720/1230 884/679/1231 931/681/1232
f 956/721/1233 885/689/1179 808/617/1049
f 715/548/1083 746/549/1221 865/646/1111
f 839/627/1234 876/708/1234 805/628/1234
f 774/595/1022 820/596/1015 1106/722/1235
f 942/716/1236 895/685/1206 968/703/1205
f 824/620/1052 943/675/1161 954/717/1227
f 923/698/1194 864/622/1064 742/593/1021
f 910/723/1237 844/563/1223 899/700/1199
f 927/724/1238 876/708/1239 878/684/1171
f 1024/701/1240 735/540/949 773/565/950
f 888/663/1136 774/595/1013 912/725/1241
f 812/631/1077 968/703/1242 862/664/1139
f 914/726/1243 812/631/1097 853/655/1119
f 848/659/1129 849/660/1131 930/727/1244
f 843/644/1109 902/719/1229 917/728/1245
f 902/720/1230 931/681/1232 918/729/1246
f 931/681/1247 125/680/1032 919/730/1248
f 940/710/1219 825/645/1110 826/639/1098
f 966/731/1249 836/656/1250 920/732/1251
f 920/732/1252 836/656/1253 894/682/1254
s 0
f 827/640/1255 956/721/1255 808/617/1255
s 1
f 875/672/1157 763/592/1007 122/690/1198
f 773/565/1008 888/663/1150 921/733/1256
f 892/676/1162 855/616/1046 872/677/1164
f 930/727/1257 849/660/1258 905/678/1259
f 959/734/1260 883/648/1113 857/649/1155
f 826/639/1098 850/661/1134 909/735/1261
f 835/638/1087 897/662/1151 850/661/1134
f 857/649/1114 765/600/1020 916/697/1193
s 0
f 924/736/1262 797/613/1262 908/665/1262
s 1
f 119/737/1263 952/738/1264 931/681/1265
f 119/737/1266 931/681/1247 919/730/1248
f 919/730/1248 125/680/1032 903/739/1068
f 947/740/1267 894/682/1268 885/689/1269
f 762/591/1004 1020/683/1270 906/614/1043
f 921/733/1271 888/663/1136 912/725/1241
f 912/725/1272 774/595/1022 1106/722/1235
f 833/588/1128 951/696/1190 944/705/1273
f 929/718/1228 848/659/1144 930/727/1274
f 938/741/1275 883/648/1113 959/734/1260
f 850/661/1134 897/662/1151 909/735/1261
f 876/708/1276 958/742/1277 805/628/1278
f 937/743/1279 900/692/1280 124/629/1281
f 900/692/1282 840/654/1283 124/629/1281
f 968/703/1242 812/631/1077 914/726/1284
f 951/696/1285 813/582/1120 787/606/1031
f 843/644/1146 917/728/1286 908/665/1218
f 844/563/1223 910/723/1237 948/691/1287
f 876/708/1239 845/658/1158 878/684/1171
f 941/709/1213 950/744/1288 890/642/1102
f 823/643/1103 882/668/1154 964/745/1289
f 792/599/1143 929/718/1290 787/606/1141
f 908/665/1218 917/728/1286 945/746/1291
f 918/729/1292 931/681/1265 952/738/1264
f 903/624/1068 893/632/1079 940/710/1219
f 947/740/1293 885/689/1179 956/721/1233
f 827/640/1122 794/635/1089 1007/747/1294
f 1007/747/1295 794/635/1081 865/646/1111
f 746/652/1221 963/651/1296 1216/748/1297
f 1065/749/1298 875/672/1157 1084/750/1299
f 875/672/1157 122/690/1198 1084/750/1299
f 901/704/1207 823/643/1103 964/745/1289
f 898/711/1220 817/686/897 966/688/1175
f 920/732/1252 894/682/1300 972/751/1301
f 866/752/1147 1021/753/1302 1059/754/1303
s 0
f 913/702/1304 871/674/1304 891/695/1304
s 1
f 914/726/1243 853/655/1119 953/755/1305
f 953/755/1306 853/655/1140 901/704/1217
f 892/676/1162 872/677/1164 120/756/1307
f 916/697/1193 923/698/1194 970/757/1308
f 923/698/1194 742/593/1021 960/758/1309
f 797/613/1310 924/736/1311 939/612/1312
f 940/710/1219 826/639/1098 909/735/1261
s 0
f 1007/747/1313 956/721/1313 827/640/1313
s 1
f 994/759/1314 865/713/1111 1130/715/1222
f 957/760/1315 906/761/1043 1020/762/1270
f 948/691/1316 910/723/1317 122/690/1318
f 899/700/1319 805/628/1278 958/742/1277
f 120/756/1307 943/675/1161 892/676/1162
f 872/677/1165 944/705/1208 955/763/1320
f 883/648/1192 938/741/1321 905/678/1191
f 950/744/1288 941/709/1213 1037/764/1322
f 941/709/1323 881/694/1216 1037/764/1324
f 1012/765/1325 954/717/1227 943/675/1161
f 1012/765/1325 943/675/1161 120/756/1307
f 965/766/1326 929/718/1327 930/727/1328
f 742/593/1009 939/612/1053 1031/767/1329
f 909/768/1261 897/712/1151 898/711/1220
f 972/751/1330 894/682/1268 947/740/1267
f 1021/707/1331 875/672/1331 1065/749/1331
f 958/742/1332 876/708/1239 927/724/1238
f 1052/769/1333 870/580/985 967/770/1334
f 870/580/985 879/637/1086 967/770/1334
f 921/733/1271 912/725/1241 975/771/1335
f 1011/772/1336 901/704/1217 964/745/1337
f 1004/773/1338 964/745/1289 882/668/1154
s 0
f 908/665/1339 945/746/1339 971/774/1339
s 1
f 121/775/1340 119/737/1266 919/730/1248
f 1007/747/1295 865/646/1111 1008/776/1341
f 865/713/1111 994/759/1314 989/777/1342
f 933/706/1100 906/761/1152 957/760/1343
f 927/724/1238 878/684/1171 1370/778/1344
f 124/629/1093 870/580/985 1052/769/1333
f 1025/779/1345 1024/701/1240 773/565/950
f 1134/780/1346 1009/781/1347 913/702/1203
f 1009/781/1347 907/693/1202 913/702/1203
f 942/716/1348 968/703/1349 1075/782/1350
f 120/756/1351 872/677/1165 955/763/1320
f 787/606/1141 929/718/1290 965/766/1352
s 0
f 970/757/1353 923/698/1353 960/758/1353
s 1
f 119/737/1263 121/775/1354 977/783/1355
f 980/784/1356 978/785/1357 981/786/1358
f 978/787/1357 979/788/1359 981/789/1358
s 0
f 982/790/1360 980/784/1360 981/786/1360
f 978/785/1361 980/784/1361 984/791/1361
f 979/788/1362 978/787/1362 983/792/1362
s 1
f 984/791/1363 980/784/1364 982/790/1365
f 981/789/1366 979/788/1367 997/793/1368
f 983/794/1369 978/785/1370 984/791/1371
f 997/793/1368 979/788/1367 983/792/1372
f 984/791/1363 982/790/1365 997/795/1373
s 0
f 986/796/1374 985/797/1374 987/798/1374
f 987/798/1375 985/797/1375 995/799/1375
f 985/797/1376 986/796/1376 996/800/1376
s 1
f 999/801/1377 987/798/1378 988/802/1379
f 992/803/1380 989/777/1381 991/804/1382
f 991/804/1383 989/777/1384 990/805/1385
f 990/805/1385 989/777/1384 994/759/1386
f 991/804/1387 990/805/1388 985/797/1389
f 991/804/1387 985/797/1389 1016/806/1390
f 987/798/1378 983/807/1391 986/796/1392
f 983/807/1391 987/798/1378 997/808/1393
f 987/798/1378 999/801/1377 997/808/1393
f 992/803/1394 991/804/1395 1016/806/1396
f 1016/806/1390 985/797/1389 996/800/1397
s 0
f 981/786/1398 997/795/1398 982/790/1398
s 1
f 988/802/1399 987/798/1400 1000/809/1401
f 985/797/1389 990/805/1388 1019/810/1402
f 1001/811/1403 933/706/1100 957/760/1343
f 1020/762/1169 873/669/1170 1175/812/1404
f 926/671/1197 868/699/1112 1141/813/1405
f 1141/813/1405 866/752/1147 1059/754/1303
f 122/690/1318 910/723/1317 1066/814/1406
f 1023/815/1407 1370/778/1344 878/684/1171
f 1037/764/1408 881/694/1188 907/693/1187
f 1037/764/1408 907/693/1187 1009/781/1409
s 0
f 913/702/1410 891/695/1410 1086/816/1410
s 1
f 891/695/1224 942/716/1226 1075/782/1411
f 953/755/1306 901/704/1217 1011/772/1336
f 882/668/1154 954/717/1227 1004/773/1338
f 960/758/1309 742/593/1021 1031/767/1412
f 918/729/1292 952/738/1264 1006/817/1413
f 919/730/1248 903/739/1068 1044/818/1414
f 986/796/1392 983/807/1391 1028/819/1415
f 1017/820/1416 984/821/1363 997/822/1373
f 999/823/1417 988/824/1418 1018/825/1419
f 995/799/1420 1000/809/1401 987/798/1400
s 0
f 995/799/1421 985/797/1421 1019/810/1421
s 1
f 990/805/1422 994/759/1423 1019/810/1424
f 746/714/1221 1216/826/1297 1130/715/1222
f 873/669/1153 926/671/1156 1175/812/1425
f 866/752/1147 1141/813/1405 868/699/1112
f 773/565/1008 921/733/1256 1025/779/1426
f 975/771/1427 912/725/1428 110/827/1429
f 968/703/1242 914/726/1284 1010/828/1430
f 955/763/1431 944/705/1273 1076/829/1432
f 965/766/1326 930/727/1328 1013/830/1433
f 976/831/1434 939/612/1435 924/736/1436
s 0
f 924/736/1437 908/665/1437 971/774/1437
s 1
f 992/803/1394 1016/806/1396 1032/832/1438
s 0
f 996/800/1439 986/796/1439 1028/819/1439
s 1
f 1175/812/1425 926/671/1156 1141/813/1440
f 878/684/1171 900/692/1185 1073/833/1441
f 1040/834/1442 900/692/1280 937/743/1279
f 1133/835/1443 820/596/1015 880/673/1159
s 0
f 1013/830/1444 930/727/1444 1027/836/1444
s 1
f 952/738/1264 1014/837/1445 1006/817/1413
f 119/737/1263 977/783/1355 1014/837/1445
f 121/775/1340 919/730/1248 1015/838/1446
f 947/740/1293 956/721/1233 1077/839/1447
f 1084/750/1299 122/690/1198 1066/814/1448
f 1030/840/1449 899/700/1319 958/742/1277
f 1025/779/1450 921/733/1271 975/771/1335
f 1033/841/1451 1133/835/1443 880/673/1159
f 914/726/1243 953/755/1305 1011/772/1452
f 1004/773/1338 954/717/1227 1035/842/1453
f 951/696/1285 787/606/1031 1136/843/1454
f 930/727/1257 905/678/1259 1027/836/1455
f 857/649/1114 916/697/1193 959/734/1456
f 939/612/1435 976/831/1434 1031/767/1457
f 952/738/1264 119/737/1263 1014/837/1445
f 1126/844/1458 909/768/1261 898/711/1220
f 983/807/1369 984/821/1459 1017/820/1460
f 995/799/1461 1019/810/1462 1000/809/1463
f 1019/810/1464 994/759/1465 1057/845/1466
f 963/651/1210 933/706/1196 1001/811/1467
f 1040/834/1442 1073/833/1468 900/692/1280
f 891/695/1224 1075/782/1411 1086/816/1469
f 964/745/1337 1004/773/1470 1062/846/1471
f 954/717/1227 1012/765/1472 1035/842/1453
f 1035/842/1453 1012/765/1472 118/847/1473
f 1012/765/1472 120/756/1351 118/847/1473
f 1076/829/1432 944/705/1273 951/696/1190
f 1136/843/1474 787/606/1141 965/766/1352
f 945/746/1291 917/728/1286 1068/848/1475
f 902/720/1476 918/729/1292 1042/849/1477
f 918/729/1292 1006/817/1413 1042/849/1478
f 1028/819/1415 983/807/1391 1063/850/1479
f 1018/825/1419 988/824/1418 1000/851/1480
f 963/651/1210 1001/811/1467 1058/852/1481
f 1075/782/1350 968/703/1349 1010/828/1482
f 905/678/1191 938/741/1321 1027/836/1483
f 917/728/1245 902/719/1229 1068/848/1484
f 1069/48/67 1038/47/66 1014/837/1445
f 121/775/1354 1015/838/1485 1043/853/1486
f 940/710/1219 909/735/1261 1126/854/1458
f 1097/855/1487 966/731/1249 920/732/1251
s 0
f 1077/839/1488 956/721/1488 1007/747/1488
s 1
f 865/713/1111 989/777/1342 1032/832/1489
f 910/723/1237 899/700/1199 1030/840/1490
f 1052/769/1333 937/743/1491 124/629/1093
f 880/673/1159 890/642/1101 950/744/1492
f 118/847/1473 120/756/1351 955/763/1320
f 117/856/1493 938/741/1275 959/734/1260
f 976/831/1494 924/736/1495 971/774/1496
f 1069/48/67 1014/837/1445 977/783/1355
f 977/783/1355 121/775/1354 1043/853/1486
f 1015/838/1446 919/730/1248 1044/818/1414
f 1097/855/1497 920/732/1252 972/751/1301
s 0
f 989/777/1498 992/803/1498 1032/832/1498
s 1
f 1032/832/1499 1016/806/1500 1050/857/1501
f 1057/845/1502 994/759/1314 1130/715/1222
f 1021/707/1503 1065/749/1504 1060/858/1505
f 1040/834/1506 937/743/1491 1052/769/1333
f 1046/859/1507 117/856/1493 959/734/1260
f 1014/837/1445 1038/47/66 1006/817/1413
f 1016/806/1500 1056/860/1508 1050/857/1501
f 996/800/1397 1051/861/1509 1016/806/1390
s 0
f 996/800/1510 1028/819/1510 1051/861/1510
s 1
f 983/807/1391 1017/820/1511 1063/850/1479
s 0
f 1017/820/1512 997/822/1512 1063/850/1512
s 1
f 997/822/1393 999/862/1377 1063/850/1513
f 955/763/1431 1076/829/1432 1094/863/1514
f 1015/838/1446 1044/818/1414 1083/864/1515
f 1016/806/1390 1051/861/1509 1056/860/1516
s 0
f 910/723/1517 1030/840/1517 1066/814/1517
s 1
f 967/770/1518 879/637/1149 1024/701/1200
f 1054/865/1519 1004/773/1470 1035/842/1520
f 1027/836/1483 938/741/1321 117/856/1521
f 903/624/1068 940/710/1219 1126/854/1458
f 1097/855/1522 972/751/1523 1055/866/1524
f 999/862/1377 116/867/1525 1063/850/1513
s 0
f 116/868/1526 999/823/1526 1071/869/1526
s 1
f 999/823/1527 1018/825/1527 1071/869/1527
f 957/760/1315 1020/762/1270 1111/870/1528
s 0
f 1030/840/1529 958/742/1529 1066/814/1529
s 1
f 1197/871/1530 958/742/1332 927/724/1238
f 950/744/1288 1037/764/1531 1053/872/1532
f 1004/773/1470 1054/865/1519 1062/846/1471
f 951/696/1285 1136/843/1454 1076/829/1533
f 965/766/1534 1013/830/1535 1101/873/1536
f 902/720/1476 1042/849/1477 1081/874/1537
f 1063/850/1513 116/867/1525 1064/875/1538
f 1018/825/1539 1000/851/1463 1019/876/1462
f 1059/754/1303 1021/753/1302 1060/877/1540
s 0
f 1042/849/1541 1006/817/1541 115/46/1541
s 1
f 1043/853/1486 1015/838/1485 1082/878/1542
f 1066/814/1448 958/742/1332 1084/750/1299
f 1073/833/1468 1040/834/1442 1074/879/1543
f 110/827/1544 912/725/1272 1093/880/1545
f 1093/880/1545 912/725/1272 1106/722/1235
f 1161/881/1546 1035/842/1520 118/847/1547
f 118/847/1547 955/763/1431 1145/882/1548
f 114/883/1549 1031/767/1457 976/831/1434
f 115/46/65 1006/817/1413 1038/47/66
f 1069/48/67 977/783/1355 1043/853/1486
f 1055/866/1550 972/751/1330 947/740/1267
f 1051/861/1551 1028/819/1552 1063/850/1553
f 1092/884/1554 967/770/1518 1024/701/1200
f 1106/722/1235 820/596/1015 1133/835/1443
f 1121/885/1555 880/673/1159 950/744/1492
f 1027/836/1483 117/856/1521 1095/886/1556
f 1046/859/1557 959/734/1456 916/697/1193
f 1081/874/1558 1042/849/1558 115/46/1558
f 115/46/65 1069/48/67 1090/887/1559
f 1116/888/1560 1097/855/1522 1055/866/1524
f 1091/889/1561 1077/839/1562 1007/747/1563
f 1084/750/1299 958/742/1332 1197/871/1530
f 927/724/1238 1370/778/1344 1191/890/1564
f 1370/778/1344 1023/815/1407 1224/891/1565
f 1033/841/1451 880/673/1159 1121/885/1555
f 1037/764/1408 1009/781/1409 1085/892/1566
f 1011/772/1336 964/745/1337 1062/846/1471
f 1136/843/1474 965/766/1352 1128/893/1567
f 1128/893/1568 965/766/1534 1101/873/1536
f 1081/874/1537 115/46/65 1089/894/1569
f 1096/895/1570 115/46/65 1090/887/1559
f 1069/48/67 1043/853/1486 1112/896/1571
f 1082/878/1542 1015/838/1485 1083/864/1572
f 1044/818/1414 903/739/1068 1125/897/1573
f 1055/866/1550 947/740/1267 1077/839/1574
f 865/713/1111 1032/832/1575 1149/898/1576
f 1072/899/1577 1018/825/1539 1019/876/1462
f 1072/900/1578 1019/810/1578 1098/901/1578
s 0
f 1019/810/1579 1057/845/1579 1098/901/1579
s 1
f 1141/813/1405 1059/754/1303 1183/902/1580
f 1024/701/1240 1025/779/1345 1092/884/1581
f 1009/781/1409 1134/780/1582 1085/892/1566
f 1075/782/1350 1010/828/1482 1099/903/1583
f 1013/830/1584 1027/836/1585 1095/886/1586
f 971/774/1587 945/746/1291 1068/848/1475
f 1107/904/1588 902/720/1476 1081/874/1537
f 1043/853/1486 1082/878/1542 1112/896/1571
f 1044/818/1414 1114/905/1589 1083/864/1515
f 903/739/1068 1126/844/1458 1125/897/1573
f 1007/747/1295 1008/776/1341 1091/889/1590
f 113/906/1591 1064/907/1592 116/868/1593
f 1073/833/1441 1023/815/1407 878/684/1171
f 1037/764/1531 1085/892/1594 1053/872/1532
f 1086/816/1469 1075/782/1411 1099/903/1595
f 1010/828/1430 914/726/1284 1100/908/1596
f 1101/873/1597 1013/830/1584 1095/886/1586
s 0
f 1129/909/1598 970/757/1598 960/758/1598
s 1
f 1116/888/1599 966/731/1249 1097/855/1487
f 1055/910/1600 1077/911/1601 1117/912/1602
f 1001/811/1403 957/760/1343 1132/913/1603
f 1111/870/1604 1020/762/1169 1175/812/1404
f 1197/871/1530 927/724/1238 1191/890/1564
f 955/763/1431 1094/863/1514 1145/882/1548
f 1094/863/1605 1076/829/1533 1136/843/1454
f 1046/859/1557 916/697/1193 112/914/1606
f 1089/894/1569 1096/895/1570 1147/915/1607
f 1089/894/1569 115/46/65 1096/895/1570
f 1082/878/1542 1083/864/1572 1113/916/1608
f 1116/917/1609 1055/910/1610 1127/918/1611
f 1050/857/1612 1056/860/1613 1167/919/1614
f 1051/861/1551 1063/850/1553 1118/920/1615
f 1118/920/1616 1063/850/1617 1064/875/1618
f 1071/869/1619 1018/825/1539 1072/899/1577
f 1023/815/1407 1073/833/1441 1142/921/1620
f 1153/922/1621 1086/816/1469 1099/903/1595
f 1011/772/1452 1135/923/1622 914/726/1243
f 1135/923/1622 1011/772/1452 1062/846/1623
f 1068/848/1484 902/719/1229 1107/924/1624
f 1081/874/1537 1103/925/1625 1107/904/1588
f 1081/874/1537 1089/894/1569 1103/925/1625
f 1113/916/1608 1083/864/1572 1114/905/1626
f 1124/926/1627 1044/818/1414 1125/897/1573
f 1138/927/1628 966/688/1629 1116/917/1630
f 1167/919/1614 1056/860/1613 1109/928/1631
f 1058/852/1632 1001/811/1467 1174/929/1633
f 957/760/1315 1111/870/1528 1325/930/1634
f 1065/749/1298 1084/750/1299 1206/931/1635
f 1105/932/1636 975/771/1427 110/827/1429
f 913/702/1637 1086/816/1638 1153/922/1639
f 1099/903/1583 1010/828/1482 1100/908/1640
f 1139/933/1641 976/831/1642 971/774/1496
f 1117/912/1602 1127/918/1643 1055/910/1600
f 1172/934/1644 1117/912/1602 1077/911/1601
f 1149/898/1576 1032/832/1575 1050/857/1645
f 1056/860/1516 1051/861/1509 1118/920/1646
f 1118/920/1616 1064/875/1618 113/935/1647
f 1098/901/1648 1057/845/1502 1130/715/1222
s 0
f 1058/852/1649 1174/929/1649 1131/936/1649
s 1
f 1174/929/1633 1001/811/1467 1132/913/1650
f 1132/913/1603 957/760/1343 1110/937/1651
f 1059/754/1303 1060/877/1540 1286/938/1652
f 1142/921/1653 1073/833/1468 1074/879/1543
f 1146/939/1654 1094/863/1605 1136/843/1454
f 916/697/1193 970/757/1308 1129/909/1655
f 971/774/1587 1068/848/1475 1139/933/1656
f 1090/887/1559 1069/48/67 1148/45/64
f 1148/45/64 1069/48/67 1112/896/1571
f 1114/905/1589 1044/818/1414 1166/940/1657
f 1166/940/1658 1044/818/1659 1124/926/1660
f 898/711/1220 966/688/1175 1138/927/1661
f 1077/911/1562 1091/941/1561 1172/934/1662
f 116/868/1593 1071/869/1663 113/906/1591
f 1060/858/1505 1065/749/1504 1206/931/1664
f 1092/884/1581 1025/779/1345 1244/942/1665
s 0
f 950/744/1666 1053/872/1666 1201/943/1666
s 1
f 1193/944/1667 118/847/1547 1145/882/1548
f 1163/945/1668 117/856/1493 1046/859/1507
f 916/697/1193 1129/909/1655 112/914/1606
f 960/758/1309 1031/767/1412 1129/909/1669
f 114/883/1670 976/831/1671 1139/933/1672
f 1140/946/1673 1103/925/1625 1089/894/1569
f 1157/947/1674 1112/896/1571 1082/878/1542
f 1109/928/1675 1056/860/1516 1118/920/1646
f 1188/948/1676 1059/754/1303 1286/938/1652
f 1244/942/1677 1025/779/1450 1105/932/1678
f 1025/779/1450 975/771/1335 1105/932/1678
f 1085/892/1566 1134/780/1582 1152/949/1679
f 1193/944/1667 1161/881/1546 118/847/1547
f 1146/939/1680 1136/843/1474 1128/893/1567
f 1128/893/1568 1101/873/1536 1162/950/1681
f 1095/886/1556 117/856/1521 1137/951/1682
f 1137/951/1683 117/856/1493 1163/945/1668
f 1139/933/1656 1068/848/1475 1154/952/1684
f 1068/848/1484 1107/924/1624 1154/952/1685
f 1103/925/1625 1140/946/1673 1107/904/1588
f 1089/894/1569 1147/915/1607 1140/946/1673
f 1008/776/1341 865/646/1111 1149/953/1576
f 1142/921/1653 1074/879/1543 1143/954/1686
f 1210/955/1687 1134/780/1346 913/702/1203
f 1210/955/1688 913/702/1637 1153/922/1639
f 1062/846/1689 1176/956/1690 1135/923/1691
f 1162/950/1692 1101/873/1597 1095/886/1586
f 1113/916/1608 1114/905/1626 1227/957/1693
f 1138/927/1661 1126/844/1458 898/711/1220
s 0
f 1182/958/1694 1072/900/1694 1098/901/1694
s 1
f 963/651/1695 1058/852/1696 1131/936/1697
f 957/760/1343 1325/930/1698 1110/937/1651
f 1201/943/1699 1053/872/1532 1085/892/1594
f 1054/865/1519 1035/842/1520 1161/881/1546
f 112/914/1606 1163/945/1700 1046/859/1557
f 1129/909/1669 1031/767/1412 114/883/1701
f 1140/946/1673 1147/915/1607 1156/959/1702
f 1147/915/1607 111/960/1703 1156/959/1702
f 1148/45/64 1112/896/1571 1157/947/1674
f 1109/928/1704 1203/961/1705 1250/962/1706
f 113/935/1707 1071/963/1619 1173/964/1708
f 1204/965/1709 1071/963/1619 1072/966/1577
s 0
f 1131/936/1710 1216/748/1710 963/651/1710
s 1
f 1040/834/1506 1052/769/1333 1160/967/1711
f 1133/835/1712 1033/841/1713 1169/968/1714
f 1121/885/1555 950/744/1492 1201/943/1715
f 1153/922/1716 1099/903/1583 1100/908/1640
f 1176/956/1690 1062/846/1689 1054/865/1717
f 1164/969/1718 111/960/1703 1165/970/1719
f 1227/957/1693 1114/905/1626 1166/940/1658
f 1187/971/1720 1127/918/1643 1117/912/1602
f 1203/961/1721 1109/928/1675 1118/920/1646
f 1111/870/1604 1175/812/1404 1205/972/1722
f 1168/973/1723 1052/769/1333 967/770/1334
f 1201/943/1699 1085/892/1594 1152/949/1724
f 1135/923/1725 1176/956/1726 1170/974/1727
s 0
f 1254/975/1728 1162/950/1728 1095/886/1728
s 1
f 1194/976/1729 114/883/1730 1139/933/1672
f 1107/904/1588 1156/959/1702 1241/977/1731
f 1107/904/1588 1140/946/1673 1156/959/1702
f 1156/959/1702 111/960/1703 1171/978/1732
f 1171/978/1732 111/960/1703 1164/969/1718
f 111/960/1703 1147/915/1607 1096/895/1570
f 1157/947/1674 1082/878/1542 108/979/1733
f 1082/878/1542 1113/916/1608 108/979/1733
f 1008/776/1341 1149/953/1734 1091/889/1590
s 0
f 1167/919/1735 1250/962/1735 1050/857/1735
s 1
f 1167/919/1614 1109/928/1631 1250/962/1736
f 1118/920/1646 113/935/1707 1203/961/1721
f 1181/980/1737 1173/964/1708 1204/965/1709
f 1173/964/1708 1071/963/1619 1204/965/1709
f 1160/967/1711 1052/769/1333 1168/973/1723
f 914/726/1284 1135/923/1725 1100/908/1596
f 111/960/1703 1096/895/1570 1212/981/1738
f 1178/44/63 1096/895/1570 1090/887/1559
f 1124/926/1627 1125/897/1573 1179/982/1739
f 1250/962/1706 1203/961/1705 1259/983/1740
f 113/935/1707 1173/964/1708 1203/961/1721
f 1084/750/1299 1197/871/1530 1502/984/1741
f 1224/891/1565 1023/815/1407 1208/985/1742
f 1143/954/1743 1074/879/1744 1160/967/1711
f 1074/879/1744 1040/834/1506 1160/967/1711
f 1233/986/1745 1133/835/1712 1169/968/1714
f 1184/987/1746 1169/968/1747 1200/988/1748
f 1169/968/1714 1033/841/1713 1217/989/1749
f 1134/780/1346 1210/955/1687 1235/990/1750
f 1094/863/1605 1146/939/1654 1145/882/1751
f 1095/886/1556 1137/951/1682 1211/991/1752
f 1129/909/1669 114/883/1701 1219/992/1753
f 1148/45/64 1157/947/1674 1332/43/62
f 1202/993/1754 1138/927/1628 1116/917/1630
f 1183/902/1755 1175/812/1425 1141/813/1440
f 1208/985/1742 1023/815/1407 1142/921/1620
f 1105/932/1636 110/827/1429 1232/994/1756
f 1210/955/1757 1153/922/1716 1100/908/1640
f 1154/952/1685 1107/924/1624 1241/995/1758
f 1317/996/1759 1164/969/1718 1165/970/1719
f 1113/916/1608 1227/957/1693 109/997/1760
f 1125/897/1573 1126/844/1458 1258/998/1761
f 1249/999/1762 1127/918/1643 1187/971/1720
f 1173/964/1763 1181/980/1764 1196/1000/1765
f 1175/812/1425 1183/902/1755 1205/972/1766
f 1183/902/1580 1059/754/1303 1188/948/1676
f 1190/1001/1767 1198/1002/1768 1191/890/1769
f 1106/722/1235 1133/835/1443 1233/986/1770
f 1233/986/1771 1169/968/1747 1184/987/1746
f 1100/908/1596 1135/923/1725 1170/974/1727
f 1054/865/1717 1161/881/1772 1176/956/1690
f 1211/991/1773 1137/951/1683 1163/945/1668
s 0
f 1186/1003/1774 1129/909/1774 1219/992/1774
s 1
f 1156/959/1702 1171/978/1732 1241/977/1731
f 1165/970/1719 111/960/1703 1212/981/1738
f 1212/981/1738 1096/895/1570 1178/44/63
f 1179/982/1739 1125/897/1573 1258/998/1761
f 1202/993/1775 1116/917/1609 1127/918/1611
f 1187/971/1776 1117/912/1777 1172/934/1778
f 1072/966/1779 1182/1004/1780 1215/1005/1781
f 1301/1006/1782 1174/929/1633 1132/913/1650
f 1206/931/1635 1084/750/1299 1502/984/1741
f 1191/890/1564 1251/1007/1783 1197/871/1530
f 1198/1002/1784 1190/1001/1785 1223/1008/1786
f 1208/985/1787 1142/921/1653 1143/954/1686
f 1168/973/1788 967/770/1518 1092/884/1554
f 1225/1009/1789 1193/944/1790 1145/882/1791
f 1128/893/1568 1162/950/1792 1264/1010/1793
f 1171/978/1732 1164/969/1718 1221/1011/1794
f 1221/1011/1794 1164/969/1718 1195/1012/1795
f 1164/969/1718 1317/996/1759 1195/1012/1795
f 1149/898/1576 1050/857/1645 1250/962/1796
f 1204/965/1797 1072/966/1779 1215/1005/1781
f 1229/1013/1798 1182/958/1799 1130/715/1222
f 1182/958/1799 1098/901/1648 1130/715/1222
f 1251/1007/1800 1191/890/1769 1198/1002/1768
s 0
f 1106/722/1801 1233/986/1801 1192/1014/1801
s 1
f 1200/988/1748 1169/968/1747 1217/989/1802
f 1161/881/1803 1193/944/1790 1225/1009/1789
f 1225/1009/1789 1145/882/1791 1146/939/1804
f 1129/909/1655 1218/1015/1805 112/914/1606
f 1240/1016/1806 1139/933/1656 1154/952/1684
f 1090/887/1559 1148/45/64 1178/44/63
f 1157/947/1674 108/979/1733 1332/43/62
f 1203/961/1807 1173/964/1808 1336/1017/1809
f 1132/913/1603 1110/937/1651 1301/1006/1810
f 1270/1018/1811 1143/954/1743 1160/967/1711
f 1184/987/1746 1200/988/1748 1234/1019/1812
f 1033/841/1451 1121/885/1555 1217/989/1802
f 1152/949/1679 1134/780/1582 1235/990/1813
f 1253/1020/1814 1170/974/1815 1236/1021/1816
f 1237/1022/1817 1170/974/1727 1176/956/1726
s 0
f 1162/950/1818 1254/975/1818 1264/1010/1818
s 1
f 1254/975/1819 1095/886/1556 1211/991/1752
f 1171/978/1732 1221/1011/1794 1226/1023/1820
s 0
f 1267/1024/1821 1113/916/1821 109/997/1821
s 1
f 1166/940/1658 1124/926/1660 1179/982/1822
f 1258/998/1761 1126/844/1458 1138/927/1661
f 1251/1007/1823 1198/1002/1824 1223/1008/1825
f 1268/1025/1826 1223/1008/1786 1190/1001/1785
s 0
f 1190/1001/1827 1191/890/1827 1268/1025/1827
s 1
f 1121/885/1555 105/1026/1828 1217/989/1802
f 1121/885/1555 1201/943/1715 105/1026/1828
f 1100/908/1829 1170/974/1815 1253/1020/1814
s 0
f 114/883/1830 1248/1027/1830 1330/1028/1830
f 1248/1027/1831 114/883/1831 1194/976/1831
s 1
f 1154/952/1685 1241/995/1758 1276/1029/1832
f 1241/977/1731 1171/978/1732 1226/1023/1820
f 1166/940/1658 1179/982/1822 1228/1030/1833
f 1259/983/1834 1203/961/1807 1336/1017/1809
f 1215/1005/1835 1181/980/1836 1204/965/1837
f 1260/1031/1838 1182/1004/1799 1229/1032/1798
f 1216/748/1297 1131/936/1839 1349/1033/1840
f 1191/890/1564 1370/778/1344 1242/1034/1841
f 1208/985/1787 1143/954/1842 1262/1035/1843
f 1262/1035/1844 1143/954/1743 1270/1018/1811
f 1272/1036/1845 1233/986/1771 1184/987/1746
s 0
f 1210/955/1846 1100/908/1846 1253/1020/1846
s 1
f 1176/956/1847 1161/881/1847 1225/1009/1847
f 1146/939/1680 1128/893/1567 1247/1037/1848
f 1218/1015/1805 1129/909/1655 1186/1003/1849
f 1194/976/1850 1139/933/1851 1240/1016/1852
f 1255/1038/1853 1221/1011/1794 1195/1012/1795
f 1293/1039/1854 1195/1012/1795 1317/996/1759
f 1165/970/1719 1212/981/1738 1256/1040/1855
f 108/979/1733 1113/916/1608 1267/1024/1856
f 1215/1005/1857 1182/1004/1858 1260/1031/1859
f 1287/1041/1860 1251/1007/1823 1223/1008/1825
f 1281/1042/1861 1223/1008/1786 1268/1025/1826
f 1093/880/1545 1106/722/1235 1409/1043/1862
f 1272/1036/1845 1184/987/1746 1234/1019/1812
f 1225/1009/1863 1146/939/1680 1247/1037/1848
s 0
f 1247/1037/1864 1128/893/1864 1264/1010/1864
s 1
f 1219/992/1753 114/883/1701 1330/1028/1865
f 1154/952/1684 1276/1029/1866 1240/1016/1806
f 1226/1023/1820 1221/1011/1794 1255/1038/1853
f 1265/1044/1867 1212/981/1738 1178/44/63
f 1249/999/1762 1187/971/1720 1280/1045/1868
s 0
f 1269/1046/1869 1208/985/1869 1262/1035/1869
s 1
f 1232/994/1870 110/827/1544 1309/1047/1871
f 110/827/1544 1093/880/1545 1309/1047/1871
f 1106/722/1872 1192/1014/1873 1271/1048/1874
f 1263/1049/1875 1234/1019/1812 1200/988/1748
f 1299/1050/1876 1176/956/1726 1225/1009/1863
f 1299/1050/1876 1225/1009/1863 1247/1037/1848
f 1254/975/1819 1211/991/1752 1290/1051/1877
f 1211/991/1878 1163/945/1879 1274/1052/1880
f 1163/945/1881 1275/1053/1882 1274/1052/1883
f 1163/945/1700 112/914/1606 1313/1054/1884
f 1278/1055/1885 1317/996/1759 1165/970/1719
f 1228/1030/1833 1179/982/1822 1279/1056/1886
f 1279/1056/1886 1179/982/1822 1257/1057/1887
f 1179/982/1739 1258/998/1761 1257/1057/1887
f 1229/1013/1798 1130/715/1222 1216/826/1297
f 1205/972/1888 1325/930/1634 1111/870/1528
s 0
f 1268/1025/1889 1191/890/1889 1242/1034/1889
s 1
f 1160/967/1711 1168/973/1723 1328/1058/1890
f 1170/974/1891 1237/1022/1892 1236/1021/1893
f 1237/1022/1817 1176/956/1726 1312/1059/1894
f 1176/956/1726 1299/1050/1876 1312/1059/1894
f 1285/1060/1895 1218/1015/1896 1186/1003/1897
s 0
f 1226/1023/1898 1255/1038/1898 1277/1061/1898
f 1255/1038/1899 1195/1012/1899 1277/1061/1899
s 1
f 1266/1062/1900 108/979/1733 1267/1024/1856
f 1166/940/1658 1228/1030/1833 1294/1063/1901
f 1257/1057/1887 1258/998/1761 1334/1064/1902
f 1202/993/1775 1127/918/1611 1249/999/1903
f 1205/972/1766 1183/902/1755 1376/1065/1904
f 1244/942/1677 1105/932/1678 1305/1066/1905
f 1201/943/1699 1152/949/1724 1360/1067/1906
s 0
f 1210/955/1907 1253/1020/1907 1289/1068/1907
f 1253/1020/1908 1236/1021/1908 1289/1068/1908
s 1
f 1236/1021/1893 1237/1022/1892 107/1069/1909
f 1291/1070/1910 1163/945/1700 1313/1054/1911
f 1248/1027/1912 1194/976/1913 1343/1071/1914
f 1344/1072/1915 1241/977/1731 1226/1023/1820
f 109/997/1760 1227/957/1693 1294/1063/1901
f 1227/957/1693 1166/940/1658 1294/1063/1901
f 1258/998/1761 1138/927/1661 1295/1073/1916
f 1172/934/1778 1280/1045/1917 1187/971/1776
f 1181/980/1836 1215/1005/1835 1196/1000/1918
f 1301/1006/1810 1110/937/1651 1325/930/1698
f 1270/1018/1811 1160/967/1711 1328/1058/1890
f 1424/1074/1919 1309/1047/1871 1093/880/1545
s 0
f 1271/1048/1920 1192/1014/1920 1233/986/1920
f 1275/1053/1921 1163/945/1921 1291/1070/1921
s 1
f 1194/976/1850 1240/1016/1852 1343/1071/1922
f 1343/1071/1923 1240/1016/1806 1276/1029/1866
f 1226/1023/1924 1277/1061/1925 1315/1075/1926
f 1315/1075/1926 1277/1061/1925 1195/1012/1927
f 1195/1012/1795 1293/1039/1854 1300/1076/1928
f 1278/1055/1885 1165/970/1719 1256/1040/1855
f 1256/1040/1855 1212/981/1738 1265/1044/1867
f 1332/43/62 108/979/1733 1355/1077/1929
f 1286/938/1652 1060/877/1540 1320/1078/1930
f 1287/1041/1860 1223/1008/1825 1281/1042/1931
s 0
f 1288/1079/1932 1208/985/1932 1351/1080/1932
f 1208/985/1933 1269/1046/1933 1351/1080/1933
s 1
f 1351/1080/1934 1269/1046/1935 1304/1081/1936
f 1200/988/1748 1217/989/1802 1298/1082/1937
f 1217/989/1802 1273/1083/1938 1298/1082/1937
f 1273/1083/1938 1217/989/1802 105/1026/1828
f 1289/1068/1939 1236/1021/1940 1307/1084/1941
s 0
f 1285/1060/1942 1186/1003/1942 1219/992/1942
s 1
f 1344/1072/1915 1226/1023/1820 1315/1075/1943
f 1308/1085/1944 1300/1076/1928 1293/1039/1854
f 1178/44/63 1332/43/62 1331/1086/1945
f 1318/1087/1946 1249/999/1762 1335/1088/1947
f 1336/1017/1948 1173/964/1763 1196/1000/1765
f 1224/891/1565 1208/985/1742 1288/1079/1949
f 104/1089/1950 1304/1081/1936 1327/1090/1951
f 1409/1043/1862 1106/722/1235 1271/1048/1952
f 1379/1091/1953 1271/1048/1954 1233/986/1955
f 1200/988/1748 1298/1082/1937 1263/1049/1875
f 1241/995/1758 1344/1092/1956 1276/1029/1832
f 1195/1012/1795 1316/1093/1957 1315/1075/1943
f 1308/1085/1944 1293/1039/1854 106/1094/1958
f 1355/1077/1929 108/979/1733 1266/1062/1900
f 1347/1095/1959 1257/1057/1887 1334/1064/1902
f 1334/1064/1902 1258/998/1761 1295/1073/1916
f 1202/993/1775 1249/999/1903 1318/1087/1960
s 0
f 1196/1000/1961 1215/1005/1961 1260/1031/1961
s 1
f 1320/1096/1962 1060/858/1505 1206/931/1664
f 1224/891/1565 1288/1079/1949 1370/778/1344
f 1327/1090/1951 1304/1081/1936 1269/1046/1935
f 1168/973/1788 1092/884/1554 1393/1097/1963
f 1092/884/1581 1244/942/1665 1393/1097/1964
f 1210/955/1687 1289/1068/1965 1311/1098/1966
s 0
f 1247/1037/1967 1264/1010/1967 1323/1099/1967
s 1
f 1195/1012/1795 1300/1076/1928 1316/1093/1957
f 1356/1100/1968 1266/1062/1900 1267/1024/1856
f 1267/1024/1856 109/997/1760 1294/1063/1901
f 1335/1088/1947 1249/999/1762 1280/1045/1868
f 1280/1045/1917 1172/934/1778 1319/1101/1969
s 0
f 1250/962/1970 1259/983/1970 1336/1017/1970
s 1
f 1183/902/1580 1188/948/1676 1369/1102/1971
s 0
f 1287/1041/1972 1281/1042/1972 1242/1034/1972
f 1281/1042/1973 1268/1025/1973 1242/1034/1973
s 1
f 1305/1066/1974 1105/932/1636 1232/994/1756
f 1379/1091/1975 1233/986/1771 1272/1036/1845
f 1272/1036/1845 1234/1019/1812 1263/1049/1875
f 1235/990/1750 1210/955/1687 1311/1098/1966
f 1289/1068/1976 1307/1084/1977 1311/1098/1966
f 1236/1021/1978 107/1069/1979 1307/1084/1980
f 1342/1103/1981 1247/1037/1982 1323/1099/1983
f 1274/1052/1883 1275/1053/1882 1291/1070/1984
f 1219/992/1753 1330/1028/1865 1324/1104/1985
f 1316/1093/1957 1344/1072/1915 1315/1075/1943
f 1293/1039/1854 1317/996/1759 1412/1105/1986
f 1278/1055/1885 1256/1040/1855 1345/1106/1987
f 1331/1086/1945 1265/1044/1867 1178/44/63
f 1333/1107/1988 1294/1063/1901 1228/1030/1833
f 1363/1108/1989 1138/927/1990 1202/993/1991
f 1174/929/1633 1301/1006/1782 1435/1109/1992
s 0
f 1304/1081/1993 104/1089/1993 1326/1110/1993
s 1
f 1263/1049/1875 1329/1111/1994 1272/1036/1845
f 1359/1112/1995 1329/1111/1994 1298/1082/1937
f 1298/1082/1937 1273/1083/1938 1359/1112/1995
f 1273/1083/1938 1310/1113/1996 1338/1114/1997
f 1273/1083/1938 105/1026/1828 1310/1113/1996
s 0
f 1152/949/1998 1235/990/1998 1406/1115/1998
s 1
f 1307/1084/1980 107/1069/1979 1339/1116/1999
f 1237/1022/1892 1312/1059/2000 107/1069/1909
f 1299/1050/2001 1247/1037/1982 1342/1103/1981
f 1254/975/1819 1290/1051/2002 1366/1117/2003
s 0
f 1285/1060/2004 1219/992/2004 1324/1104/2004
s 1
f 1267/1024/1856 1294/1063/1901 1346/1118/2005
f 103/1119/2006 1172/934/2007 1091/941/1561
f 1149/898/1576 1250/962/1796 99/1120/2008
f 1250/962/1796 1336/1017/2009 99/1120/2008
f 1325/930/1634 1205/972/1888 1376/1065/2010
f 1376/1065/1904 1183/902/1755 1369/1102/2011
f 1352/1121/2012 1304/1081/1936 1326/1110/2013
s 0
f 1326/1110/2014 104/1089/2014 1365/1122/2014
s 1
f 1269/1046/1935 1262/1035/1844 1270/1018/1811
f 1393/1097/1964 1244/942/1665 1454/1123/2015
f 1379/1091/1975 1272/1036/1845 1322/1124/2016
f 1272/1036/1845 102/1125/2017 1322/1124/2016
f 1329/1111/1994 1263/1049/1875 1298/1082/1937
f 1299/1050/2018 1340/1126/2019 1312/1059/2000
f 1340/1126/2020 1299/1050/2021 1341/1127/2022
f 1341/1127/2022 1299/1050/2021 1342/1103/2023
s 0
f 1323/1099/2024 1264/1010/2024 1254/975/2024
f 1290/1051/2025 1211/991/2025 1274/1052/2025
s 1
f 1331/1086/1945 1332/43/62 1355/1077/1929
f 1266/1062/1900 1356/1100/1968 1355/1077/1929
f 1091/941/1590 1149/1128/1734 103/1119/2026
f 1287/1041/2027 1377/1129/2028 1251/1007/1783
f 1351/1080/1934 1304/1081/1936 1352/1121/2012
f 1326/1110/2029 1365/1122/2030 1364/1130/2031
f 104/1089/1950 1321/1131/2032 1421/1132/2033
f 1244/942/1677 1305/1066/1905 1454/1123/2034
f 1359/1112/1995 1273/1083/1938 1338/1114/1997
f 1360/1067/1906 1152/949/1724 1406/1115/2035
f 1311/1098/1966 1307/1084/1977 1382/1133/2036
f 1307/1084/1977 1339/1116/2037 1382/1133/2036
f 107/1069/1909 1312/1059/2000 1340/1126/2019
f 1373/1134/2038 1254/975/1819 1366/1117/2003
f 1316/1093/1957 1300/1076/1928 1354/1135/2039
f 1386/1136/2040 1293/1039/1854 1412/1105/1986
f 1294/1063/1901 1333/1107/1988 1362/1137/2041
f 1363/1108/1989 1295/1073/1916 1138/927/1990
s 0
f 1319/1101/2042 1172/934/2042 103/1119/2042
s 1
f 103/1119/2026 1149/1128/1734 1357/1138/2043
f 1336/1017/2009 1196/1000/2044 99/1120/2008
f 99/1120/2008 1196/1000/2044 1260/1031/2045
f 1364/1130/2031 1358/1139/2046 1326/1110/2029
f 1272/1036/1845 1329/1111/1994 102/1125/2017
s 0
f 1372/1140/2047 1341/1127/2047 1342/1103/2047
s 1
f 1342/1103/2048 1323/1099/2049 1373/1134/2038
f 1330/1028/2050 1248/1027/1912 1343/1071/1914
f 1367/1141/2051 1343/1071/1923 1276/1029/1866
f 106/1094/1958 1293/1039/1854 1386/1136/2040
f 1317/996/1759 1278/1055/1885 1412/1105/1986
f 1356/1100/1968 1267/1024/1856 1346/1118/2005
f 1333/1107/1988 1228/1030/1833 1279/1056/1886
f 1257/1057/1887 1347/1095/1959 1279/1056/1886
f 1377/1129/2028 1287/1041/2027 1242/1034/1841
f 1352/1121/2052 1326/1110/2029 1358/1139/2046
f 1321/1131/2032 104/1089/1950 1327/1090/1951
f 101/1142/2053 1269/1046/1935 1270/1018/1811
f 1404/1143/2054 1454/1123/2034 1305/1066/1905
f 1410/1144/2055 1329/1111/1994 1380/1145/2056
s 0
f 1340/1126/2057 1341/1127/2057 1372/1140/2057
s 1
f 1323/1099/2049 1254/975/1819 1373/1134/2038
f 1361/1146/2058 1291/1070/1910 1313/1054/1911
f 1300/1076/1928 1368/1147/2059 1354/1135/2039
f 1368/1147/2059 1300/1076/1928 1308/1085/1944
f 1374/1148/2060 1256/1040/1855 1265/1044/1867
s 0
f 1363/1108/2061 1202/993/2061 1318/1087/2061
s 1
f 1251/1007/1783 1377/1129/2028 1197/871/1530
f 1242/1034/1841 1370/778/1344 1377/1129/2028
f 1371/1149/2062 1365/1122/2063 1401/1150/2064
f 1365/1122/2065 1421/1132/2066 1401/1150/2067
s 0
f 1421/1132/2068 1365/1122/2068 104/1089/2068
s 1
f 102/1125/2017 1329/1111/1994 1410/1144/2055
f 1359/1112/1995 1338/1114/1997 1380/1145/2056
f 1406/1115/2069 1235/990/2070 1311/1098/2071
f 1339/1116/1999 107/1069/1979 1340/1126/2072
f 1344/1072/1915 1316/1093/1957 1354/1135/2039
f 1265/1044/1867 1331/1086/1945 1374/1148/2060
f 1375/1151/2073 1334/1064/1902 1295/1073/1916
f 1260/1031/1838 1229/1032/1798 99/1120/2008
f 1399/1152/2074 1370/778/1344 1288/1079/1949
s 0
f 101/1142/2075 1270/1018/2075 1378/1153/2075
s 1
f 1423/1154/2076 1168/973/1788 1393/1097/1963
f 1380/1145/2056 1329/1111/1994 1359/1112/1995
f 1380/1145/2056 1338/1114/1997 1381/1155/2077
f 105/1026/1828 1201/943/1715 1360/1067/2078
f 112/914/1606 1218/1015/1805 1313/1054/1884
f 1324/1104/1985 1330/1028/1865 1395/1156/2079
f 1276/1029/1832 1344/1092/1956 1442/1157/2080
f 1308/1085/1944 1385/1158/2081 1417/1159/2082
f 1308/1085/1944 106/1094/1958 1385/1158/2081
f 1355/1077/1929 1356/1100/1968 1458/1160/2083
f 1333/1107/1988 1279/1056/1886 1397/1161/2084
f 1502/984/1741 1595/1162/2085 1206/931/1635
f 1352/1121/2052 1358/1139/2046 1400/1163/2086
f 1389/1164/2087 1364/1130/2031 1365/1122/2063
f 1389/1164/2087 1365/1122/2063 1407/1165/2088
f 1365/1122/2063 1371/1149/2062 1407/1165/2088
f 1390/1166/2089 1391/1167/2090 1327/1090/1951
f 1391/1167/2090 1321/1131/2032 1327/1090/1951
f 1378/1153/2091 1270/1018/1811 1328/1058/1890
f 1328/1058/2092 1168/973/1788 1423/1154/2076
f 1381/1155/2077 1338/1114/1997 1310/1113/1996
f 1339/1116/1999 1340/1126/2072 1372/1140/2093
f 1330/1028/2050 1343/1071/1914 1367/1141/2051
f 1417/1159/2082 1368/1147/2059 1308/1085/1944
f 1375/1151/2073 1295/1073/1916 1363/1108/1989
f 1318/1087/1946 1335/1088/1947 1398/1168/2094
f 1357/1138/2043 1149/1128/1576 1387/1169/2095
f 1301/1006/1810 1325/930/1698 1459/1170/2096
f 1369/1102/1971 1188/948/1676 1633/1171/2097
f 1320/1096/1962 1206/931/1664 1595/1162/2098
f 1371/1149/2062 1401/1150/2064 1408/1172/2099
f 1321/1131/2032 1391/1167/2090 1390/1173/2089
f 1402/1174/2100 1390/1166/2089 1327/1090/1951
f 1327/1090/1951 1269/1046/1935 101/1142/2053
f 1472/1175/2101 101/1142/2102 1378/1153/2103
f 1522/1176/2104 1093/880/1545 1409/1043/1862
f 1271/1048/1952 1603/1177/2105 1409/1043/1862
f 1311/1098/2071 1429/1178/2106 1406/1115/2069
f 1372/1140/2107 1373/1134/2038 1383/1179/2108
f 1372/1140/2107 1342/1103/2048 1373/1134/2038
f 1366/1117/2109 1290/1051/2110 1394/1180/2111
f 1276/1029/1866 1442/1157/2112 1367/1141/2051
f 1344/1072/1915 1354/1135/2039 1396/1181/2113
f 1346/1118/2005 1294/1063/1901 100/1182/2114
f 100/1182/2114 1294/1063/1901 1362/1137/2041
f 1279/1056/1886 1347/1095/1959 1397/1161/2084
f 1347/1095/1959 1334/1064/1902 1397/1161/2084
s 0
f 1363/1108/2115 1318/1087/2115 1398/1168/2115
s 1
f 1229/1183/1798 1216/748/1297 1349/1033/1840
f 1435/1109/1992 1301/1006/1782 1459/1170/2116
f 1321/1131/2032 1390/1173/2089 1414/1184/2117
f 1390/1173/2089 1402/1174/2100 1414/1184/2117
f 1402/1174/2100 1327/1090/1951 1414/1184/2117
f 1414/1184/2117 1327/1090/1951 101/1142/2053
f 1322/1124/2016 102/1125/2017 1410/1144/2055
f 1429/1178/2106 1311/1098/2071 1430/1185/2118
f 1372/1140/2107 1383/1179/2108 1451/1186/2119
f 1366/1117/2120 1394/1180/2121 1373/1134/2122
f 1394/1180/2111 1290/1051/2110 1416/1187/2123
f 1418/1188/2124 1417/1159/2082 1385/1158/2081
f 61/1189/2125 1345/1106/1987 1256/1040/1855
f 100/1182/2114 1356/1100/1968 1346/1118/2005
f 1335/1088/2126 1280/1045/2127 1319/1101/1969
f 1420/1190/2128 1351/1080/2129 1352/1121/2052
f 1352/1121/2052 1400/1163/2086 1444/1191/2130
f 1358/1139/2046 1364/1130/2031 1413/1192/2131
f 1305/1066/1974 1232/994/1756 1455/1193/2132
f 1424/1074/1919 1093/880/1545 1415/1194/2133
f 1415/1194/2133 1093/880/1545 1425/1195/2134
f 1322/1124/2016 1448/1196/2135 1379/1091/1975
f 1322/1124/2016 1410/1144/2055 1448/1196/2135
f 1310/1113/1996 105/1026/1828 1427/1197/2136
f 1311/1098/2071 1382/1133/2137 1430/1185/2118
f 1290/1051/2138 1274/1052/2139 1416/1187/2138
f 1274/1052/2139 1291/1070/2140 1416/1187/2141
f 1416/1187/2142 1291/1070/2143 1465/1198/2144
f 1354/1135/2039 1368/1147/2059 1396/1181/2113
f 1417/1159/2082 1418/1188/2124 1431/1199/2145
f 1432/1200/2146 1385/1158/2081 106/1094/1958
f 1397/1161/2084 1334/1064/1902 1375/1151/2073
f 1364/1130/2031 1389/1164/2087 1413/1192/2131
f 1445/1201/2147 1371/1149/2062 1408/1172/2099
f 1408/1172/2099 1401/1150/2064 1437/1202/2148
f 1421/1132/2033 1321/1131/2032 1463/1203/2149
f 1472/1175/2150 1378/1153/2091 1328/1058/1890
f 1424/1074/1919 1415/1194/2133 1425/1204/2134
f 1425/1195/2134 1093/880/1545 1426/1205/2151
f 1271/1048/1954 1379/1091/1953 1438/1206/2152
f 1381/1155/2077 1310/1113/1996 1440/1207/2153
f 1430/1185/2118 1382/1133/2137 1457/1208/2154
f 1339/1116/2037 1372/1140/2107 1382/1133/2036
f 1330/1028/2050 1367/1141/2051 1441/1209/2155
f 1344/1092/1956 1396/1210/2156 1442/1157/2080
f 1474/1211/2157 1417/1159/2082 1431/1199/2145
f 106/1094/1958 1386/1136/2040 1432/1200/2146
f 1412/1105/1986 1278/1055/1885 1585/1212/2158
f 1419/1213/2159 1376/1065/1904 1369/1102/2011
f 1502/984/1741 1197/871/1530 1377/1129/2028
f 1420/1190/2160 1399/1152/2161 1288/1079/2162
f 1407/1165/2088 1371/1149/2062 1445/1201/2147
f 1446/1214/2163 1408/1172/2099 1437/1202/2148
f 1422/1215/2164 1472/1175/2150 1328/1058/1890
s 0
f 1404/1143/2165 1305/1066/2165 1552/1216/2165
s 1
f 1424/1074/1919 1425/1204/2134 1522/1176/2104
f 1425/1204/2134 1426/1205/2151 1522/1176/2104
f 1426/1205/2151 1093/880/1545 1522/1176/2104
f 1603/1177/2105 1271/1048/1952 1438/1206/2166
f 1544/1217/2167 1379/1091/1975 1448/1196/2135
f 1410/1144/2055 1380/1145/2056 1405/1218/2168
f 1440/1207/2153 1310/1113/1996 1427/1197/2136
s 0
f 1395/1156/2169 1330/1028/2169 1441/1209/2169
f 1432/1200/2170 1433/1219/2170 1443/1220/2170
s 1
f 61/1189/2125 1256/1040/1855 1374/1148/2060
f 1331/1086/1945 1355/1077/1929 1458/1160/2083
f 100/1182/2114 1458/1160/2083 1356/1100/1968
f 1397/1161/2084 1375/1151/2073 1485/1221/2171
s 0
f 1288/1079/2172 1351/1080/2172 1420/1190/2172
s 1
f 1477/1222/2173 1413/1192/2131 1389/1164/2087
f 1436/1223/2174 1389/1164/2087 1445/1201/2147
f 1437/1202/2148 1401/1150/2064 1447/1224/2175
f 1401/1150/2067 1421/1132/2176 1462/1225/2177
f 1462/1225/2177 1421/1132/2176 64/1226/2178
f 1393/1097/1964 1454/1123/2015 1423/1154/2179
f 1380/1145/2056 1381/1155/2077 1449/1227/2180
f 105/1026/1828 1360/1067/2078 1428/1228/2181
f 1406/1115/2182 1429/1178/2183 1360/1067/2078
f 1382/1133/2036 1372/1140/2107 1451/1186/2119
f 1452/1229/2184 1373/1134/2122 1394/1180/2121
f 1465/1198/2185 1291/1070/1910 1361/1146/2058
f 1367/1141/2051 1442/1157/2112 1506/1230/2186
f 1396/1181/2113 1368/1147/2059 1474/1211/2157
f 1434/1231/2187 1331/1086/1945 1458/1160/2083
f 1573/1232/2188 1377/1129/2028 1370/778/1344
f 1352/1121/2052 1444/1191/2130 1420/1190/2128
f 1460/1233/2189 1444/1191/2130 1400/1163/2086
f 1400/1163/2086 1358/1139/2046 1461/1234/2190
f 1389/1164/2087 1407/1165/2088 1445/1201/2147
f 1445/1201/2147 1408/1172/2099 1446/1214/2163
f 1414/1184/2191 101/1142/2102 1472/1175/2101
f 1379/1091/1953 1544/1217/2192 1438/1206/2152
f 1410/1144/2055 1481/1235/2193 1448/1196/2135
f 1383/1179/2194 1373/1134/2195 1452/1229/2196
f 1465/1198/2144 1394/1180/2197 1416/1187/2142
f 1368/1147/2059 1417/1159/2082 1474/1211/2157
f 1432/1200/2146 1443/1220/2198 1385/1158/2081
f 1433/1219/2199 1432/1200/2200 1453/1236/2201
f 1374/1148/2060 1331/1086/1945 1434/1231/2187
f 1387/1169/2095 1149/1128/1576 99/1237/2008
f 99/1238/2008 1229/1183/1798 1349/1033/1840
f 1174/929/2202 1435/1109/2203 1571/1239/2204
f 1325/930/1634 1376/1065/2010 1486/1240/2205
f 1400/1163/2086 1461/1234/2190 1460/1233/2189
f 1358/1139/2046 1413/1192/2131 1461/1234/2190
f 1389/1164/2087 1436/1223/2174 1477/1222/2173
f 1447/1224/2175 1462/1225/2206 1491/1241/2207
f 1447/1224/2175 1401/1150/2064 1462/1225/2206
f 1480/1242/2208 1328/1058/2092 1423/1154/2076
f 1410/1144/2055 1405/1218/2168 1481/1235/2193
f 1405/1218/2168 1380/1145/2056 1449/1227/2180
f 1450/1243/2209 1440/1207/2153 1427/1197/2136
f 1537/1244/2210 1360/1067/2078 1429/1178/2183
s 0
f 1457/1208/2211 1382/1133/2211 1451/1186/2211
s 1
f 1218/1015/1896 1285/1060/1895 1524/1245/2212
f 1585/1212/2158 1278/1055/1885 1345/1106/1987
f 1362/1137/2041 1333/1107/1988 1397/1161/2084
f 1375/1151/2073 1363/1108/1989 1485/1221/2171
f 1399/1152/2074 1573/1232/2188 1370/778/1344
f 1461/1234/2190 1413/1192/2131 98/1246/2213
f 1437/1202/2148 1447/1224/2175 1503/1247/2214
f 64/1226/2215 94/40/2216 1541/1248/2217
f 94/40/55 63/39/54 1470/29/38
f 94/40/55 1470/29/38 81/21/25
f 81/21/25 1492/36/57 95/1249/2218
f 1471/37/49 78/12/12 90/35/45
f 1496/1250/2219 92/27/53 88/28/2220
s 0
f 88/28/2221 76/17/2221 1496/1250/2221
s 1
f 76/17/17 69/15/18 97/42/59
f 93/41/2222 94/40/2216 64/1226/2215
f 1463/1203/2149 1321/1131/2032 1414/1184/2117
f 1414/1184/2191 1472/1175/2101 1463/1203/2223
f 1552/1216/2224 1305/1066/2225 1455/1193/2226
f 1381/1155/2077 1440/1207/2153 1450/1243/2209
f 1497/1251/2227 1427/1197/2136 1498/1252/2228
f 105/1026/1828 1498/1252/2228 1427/1197/2136
f 1537/1244/2210 1429/1178/2183 1430/1185/2229
f 1451/1186/2230 1383/1179/2194 1473/1253/2231
f 1473/1253/2231 1383/1179/2194 1452/1229/2196
f 1452/1229/2232 1394/1180/2197 1465/1198/2144
f 1285/1060/2233 1324/1104/2234 1524/1245/2235
f 1431/1199/2145 1466/1254/2236 1474/1211/2157
f 1385/1158/2081 1443/1220/2237 1418/1188/2124
f 1374/1148/2060 1434/1231/2187 1467/1255/2238
f 1518/1256/2239 1319/1101/2240 1519/1257/2241
f 1435/1109/1992 1459/1170/2116 1649/1258/2242
f 1491/1241/2207 1503/1247/2214 1447/1224/2175
f 86/32/42 75/11/11 1471/37/49
s 0
f 80/22/2243 66/30/2243 1470/29/2243
s 1
f 64/1226/2244 1421/1132/2033 1463/1203/2149
f 1405/1218/2168 1449/1227/2180 1482/1259/2245
f 1381/1155/2077 1450/1243/2209 1449/1227/2180
f 1450/1243/2209 1427/1197/2136 1497/1251/2227
f 1483/1260/2246 1452/1229/2232 1465/1198/2144
s 0
f 1453/1236/2247 1432/1200/2247 1484/1261/2247
s 1
f 1345/1106/1987 61/1189/2125 1475/1262/2248
f 1518/1256/2249 1335/1088/2126 1319/1101/1969
f 1319/1101/2240 103/1119/2250 1519/1257/2241
f 1444/1191/2130 1490/1263/2251 1489/1264/2252
f 1490/1263/2251 1444/1191/2130 1460/1233/2189
f 98/1246/2213 1413/1192/2131 1477/1222/2173
f 1446/1214/2163 1437/1202/2148 1469/1265/2253
f 1493/1266/2254 83/25/33 86/32/42
f 89/34/44 62/1267/2255 1494/1268/2256
f 89/34/44 1495/1269/2257 62/1267/2255
f 89/34/44 65/33/43 1495/1269/2257
f 84/19/60 80/22/2258 1521/1270/2259
f 1481/1235/2193 1405/1218/2168 1505/1271/2260
f 1428/1228/2181 1360/1067/2078 1537/1244/2210
f 1430/1185/2118 1457/1208/2154 1499/1272/2261
f 1524/1245/2262 1324/1104/2263 1516/1273/2264
f 1525/1274/2265 1442/1157/2080 1396/1210/2156
f 1501/1275/2266 1474/1211/2157 1466/1254/2236
f 1484/1261/2267 1432/1200/2146 1585/1212/2158
f 1485/1221/2171 1362/1137/2041 1397/1161/2084
s 0
f 1485/1221/2268 1363/1108/2268 1398/1168/2268
s 1
f 1519/1257/2269 103/1119/2026 1357/1138/2043
f 1325/930/1698 1486/1240/2270 1459/1170/2096
f 1596/1276/2271 1502/984/1741 1377/1129/2028
f 1539/1277/2272 1399/1152/2161 1420/1190/2160
f 1462/1225/2273 64/1226/2273 1541/1248/2273
f 1492/36/57 82/24/47 1549/1278/2274
f 1471/37/49 90/35/45 1511/1279/2275
f 1496/1250/2276 76/17/17 97/42/59
f 97/42/59 84/19/60 1521/1270/2259
f 1470/29/38 63/39/54 1521/1270/2259
f 1552/1216/2277 1454/1123/2034 1404/1143/2054
f 1309/1047/1871 1424/1074/1919 1783/1280/2278
f 1481/1235/2193 1505/1271/2260 1448/1196/2135
f 1482/1259/2245 1449/1227/2180 1515/1281/2279
f 1449/1227/2180 1450/1243/2209 1515/1281/2279
f 1499/1272/2280 1451/1186/2230 1473/1253/2231
s 0
f 1473/1253/2281 1452/1229/2281 1499/1272/2281
s 1
f 1499/1272/2282 1452/1229/2232 1483/1260/2283
f 1500/1282/2284 1465/1198/2185 1361/1146/2058
f 1507/1283/2285 1442/1157/2112 1525/1274/2286
f 1418/1188/2124 1466/1254/2236 1431/1199/2145
f 1585/1212/2158 1432/1200/2146 1386/1136/2040
f 1585/1212/2158 1345/1106/1987 1475/1262/2248
s 0
f 1508/1284/2287 1485/1221/2287 1398/1168/2287
s 1
f 1916/1285/2288 1174/929/2202 1571/1239/2204
f 1460/1233/2189 1461/1234/2190 1580/1286/2289
f 1540/1287/2290 1477/1222/2173 1436/1223/2174
f 1445/1201/2147 1509/1288/2291 1436/1223/2174
f 1445/1201/2147 1446/1214/2163 1509/1288/2291
f 1509/1288/2291 1446/1214/2163 1469/1265/2253
f 1561/1289/2292 1437/1202/2148 1503/1247/2214
f 1462/1225/2293 1541/1248/2294 1491/1241/2295
f 94/40/55 81/21/25 95/1249/2218
f 1549/1278/2274 82/24/47 1504/1290/2296
f 86/32/42 1471/37/49 59/1291/2297
f 1511/1279/2275 90/35/45 1582/1292/2298
f 1531/1293/2299 1494/1268/2256 62/1267/2255
f 65/33/43 1513/1294/2300 1495/1269/2257
f 1513/1294/2300 65/33/43 1478/38/50
f 1478/38/50 96/23/28 1513/1294/2300
s 0
f 92/27/2301 1496/1250/2301 1520/1295/2301
s 1
f 1520/1295/2302 1496/1250/2303 97/42/59
f 80/22/2258 1470/29/38 1521/1270/2259
f 1463/1203/2304 1472/1175/2305 1583/1296/2306
f 1422/1215/2307 1328/1058/2092 1480/1242/2208
f 1423/1154/2179 1454/1123/2015 1543/1297/2308
f 1448/1196/2135 1505/1271/2260 1514/1298/2309
f 1505/1271/2260 1405/1218/2168 1482/1259/2245
f 1537/1244/2210 1430/1185/2229 1523/1299/2310
s 0
f 1457/1208/2311 1451/1186/2311 1499/1272/2311
s 1
f 1441/1209/2155 1367/1141/2051 1506/1230/2186
f 1396/1181/2113 1474/1211/2157 1501/1275/2266
f 1398/1168/2312 1335/1088/2313 1518/1256/2314
f 1461/1234/2190 98/1246/2213 1580/1286/2289
f 1503/1247/2214 1491/1241/2207 1561/1289/2292
f 82/24/47 91/16/16 1504/1290/2296
f 1510/1300/2315 83/25/33 1493/1266/2254
f 59/1291/2297 1471/37/49 1511/1279/2275
f 1513/1294/2300 96/23/28 92/27/35
f 1521/1270/2259 63/39/54 93/41/56
f 1472/1175/2150 1422/1215/2164 1535/1301/2316
f 1232/994/1870 1309/1047/1871 1783/1280/2278
f 1438/1206/2152 1544/1217/2192 1603/1177/2317
f 1450/1243/2209 58/1302/2318 1515/1281/2279
s 0
f 105/1026/2319 1428/1228/2319 1608/1303/2319
f 1608/1303/2320 1428/1228/2320 1554/1304/2320
s 1
f 1506/1230/2186 1442/1157/2112 1507/1283/2285
f 1418/1188/2124 1443/1220/2237 1526/1305/2321
f 1386/1136/2040 1412/1105/1986 1585/1212/2158
f 1467/1255/2238 1434/1231/2187 1569/1306/2322
f 1434/1231/2187 1458/1160/2083 1569/1306/2322
f 1420/1190/2128 1444/1191/2130 1489/1264/2252
f 1490/1263/2251 1460/1233/2189 1580/1286/2289
f 98/1246/2213 1477/1222/2173 1540/1287/2290
f 1509/1288/2291 1469/1265/2253 60/1307/2323
f 1469/1265/2253 1437/1202/2148 1561/1289/2292
f 91/16/16 83/25/33 1510/1300/2315
f 1582/1292/2298 90/35/45 1494/1268/2256
f 90/35/45 89/34/44 1494/1268/2256
f 1535/1301/2316 1583/1296/2324 1472/1175/2150
f 1783/1280/2278 1455/1193/2325 1232/994/1870
f 1538/1308/2326 1516/1273/2327 1324/1104/2328
f 1609/1309/2329 1441/1209/2155 1506/1230/2186
f 1501/1275/2266 1622/1310/2330 1396/1181/2113
f 1466/1254/2236 1418/1188/2124 1526/1305/2321
f 1625/1311/2331 1443/1220/2332 1433/1219/2333
f 1475/1262/2248 61/1189/2125 1568/1312/2334
f 1558/1313/2335 1459/1170/2096 1486/1240/2270
f 1870/1314/2336 1188/948/1676 1286/938/1652
f 1573/1232/2337 1399/1152/2161 1539/1277/2272
f 1559/1315/2338 1539/1277/2339 1420/1190/2128
f 1436/1223/2174 1509/1288/2291 1598/1316/2340
f 1469/1265/2253 1561/1289/2292 60/1307/2323
f 94/40/55 95/1249/2218 1541/1248/2341
s 0
f 1549/1278/2342 1504/1290/2342 1529/1317/2342
s 1
f 1550/1318/2343 1529/1317/2344 1504/1290/2296
f 91/16/16 1510/1300/2315 1504/1290/2296
f 1494/1268/2345 1531/1293/2346 1530/1319/2347
f 1531/1293/2299 62/1267/2255 1532/1320/2348
f 1495/1269/2257 1513/1294/2300 1533/1321/2349
f 1513/1294/2300 92/27/2350 1551/1322/2351
f 1551/1322/2351 92/27/2350 1520/1295/2302
f 1521/1270/2259 1520/1295/2302 97/42/59
f 1521/1270/2352 93/41/2353 64/1226/2354
f 1448/1196/2135 1514/1298/2309 1544/1217/2167
f 1544/1217/2167 1514/1298/2309 1563/1323/2355
f 1545/1324/2356 1505/1271/2260 1546/1325/2357
f 1482/1259/2245 1515/1281/2279 1546/1325/2357
f 1450/1243/2209 1497/1251/2227 58/1302/2318
f 1646/1326/2358 1497/1251/2227 1564/1327/2359
f 1498/1252/2228 105/1026/1828 1608/1303/2360
f 1523/1299/2310 1430/1185/2229 1584/1328/2361
f 1483/1260/2362 1465/1198/2185 1500/1282/2284
f 1324/1104/2328 1395/1156/2079 1538/1308/2326
f 1622/1310/2330 1501/1275/2266 1547/1329/2363
f 1547/1329/2363 1501/1275/2266 1555/1330/2364
f 1501/1275/2266 1466/1254/2236 1555/1330/2364
f 1625/1311/2331 1433/1219/2333 1548/1331/2365
f 1548/1331/2366 1433/1219/2199 1453/1236/2201
f 1484/1261/2267 1585/1212/2158 1556/1332/2367
f 100/1182/2114 1362/1137/2041 1485/1221/2171
f 1519/1257/2269 1357/1138/2043 1387/1169/2095
f 1633/1171/2097 1188/948/1676 1870/1314/2336
f 1539/1277/2339 1559/1315/2338 1612/1333/2368
f 1559/1315/2338 1420/1190/2128 1489/1264/2252
f 1489/1264/2252 1490/1263/2251 1560/1334/2369
f 1490/1263/2251 1580/1286/2289 1560/1334/2369
f 95/1249/2218 1492/36/57 1542/1335/2370
f 1493/1266/2254 86/32/42 59/1291/2297
f 1530/1319/2371 1562/1336/2372 1588/1337/2373
f 1562/1336/2374 1530/1319/2347 1531/1293/2346
f 1533/1321/2349 62/1267/2255 1495/1269/2257
f 1534/1338/2375 64/1226/2244 1463/1203/2149
f 58/1302/2318 1497/1251/2227 1646/1326/2358
f 1584/1328/2361 1430/1185/2229 1499/1272/2376
f 1483/1260/2362 1500/1282/2284 1566/1339/2377
f 1555/1330/2364 1526/1305/2321 1625/1311/2378
f 1526/1305/2321 1443/1220/2237 1625/1311/2378
s 0
f 1594/1340/2379 1508/1284/2379 1398/1168/2379
s 1
f 1435/1109/2380 1649/1258/2381 1572/1341/2382
f 1419/1213/2159 1369/1102/2011 1633/1171/2383
f 98/1246/2213 1581/1342/2384 1580/1286/2289
f 1540/1287/2290 1581/1342/2384 98/1246/2213
f 1540/1287/2290 1436/1223/2174 1598/1316/2340
s 0
f 1598/1316/2385 1509/1288/2385 57/1343/2385
f 1549/1278/2386 1529/1317/2386 1550/1318/2386
s 1
f 1582/1292/2298 59/1291/2297 1511/1279/2275
f 1589/1344/2387 1513/1294/2300 1551/1322/2351
f 1505/1271/2260 1482/1259/2245 1546/1325/2357
f 58/1302/2318 1576/1345/2388 1553/1346/2389
f 1428/1228/2181 1537/1244/2210 1554/1304/2390
f 1466/1254/2236 1526/1305/2321 1555/1330/2364
f 1568/1312/2334 61/1189/2125 1374/1148/2060
f 1568/1312/2334 1374/1148/2060 1467/1255/2238
f 1579/1347/2391 1376/1065/1904 1419/1213/2159
f 1595/1162/2085 1502/984/1741 1596/1276/2271
f 1587/1348/2392 60/1307/2323 1561/1289/2292
f 1492/36/57 1549/1278/2274 1542/1335/2370
f 1493/1266/2254 59/1291/2297 1615/1349/2393
s 0
f 1575/1350/2394 1618/1351/2394 1588/1337/2394
s 1
f 62/1267/2255 1533/1321/2349 1532/1320/2348
f 1521/1270/2352 64/1226/2354 1629/1352/2395
f 1535/1301/2396 1422/1215/2307 1480/1242/2208
f 1454/1123/2034 1552/1216/2277 1543/1297/2397
f 1563/1323/2355 1604/1353/2398 1544/1217/2167
f 1514/1298/2309 1505/1271/2260 1563/1323/2355
f 1497/1251/2227 1498/1252/2228 1564/1327/2359
f 1396/1210/2156 1622/1354/2399 1525/1274/2265
f 1585/1212/2158 1475/1262/2248 1664/1355/2400
f 1593/1356/2401 100/1182/2114 1485/1221/2171
s 0
f 1611/1357/2402 1485/1221/2402 1508/1284/2402
s 1
f 1570/1358/2403 1519/1257/2269 1387/1169/2095
f 1131/936/1839 1174/929/2404 1916/1285/2288
f 1596/1276/2271 1377/1129/2028 1573/1232/2188
f 1489/1264/2252 1574/1359/2405 1559/1315/2338
f 57/1343/2406 1509/1288/2291 60/1307/2323
f 1504/1290/2296 1510/1300/2315 1550/1318/2343
f 1533/1321/2349 1513/1294/2300 1589/1344/2387
f 1620/1360/2407 1551/1322/2351 1520/1295/2302
f 1423/1154/2179 1543/1297/2308 1480/1242/2408
f 1546/1325/2357 1515/1281/2279 58/1302/2318
f 1546/1325/2357 58/1302/2318 1553/1346/2389
f 1499/1272/2376 1483/1260/2362 1584/1328/2361
f 1500/1282/2284 1361/1146/2058 1313/1054/2409
f 1484/1261/2267 1556/1332/2367 1592/1361/2410
f 1578/1362/2411 1475/1262/2248 1568/1312/2334
f 1398/1168/2412 1518/1256/2413 1594/1340/2414
s 0
f 1570/1358/2415 1518/1256/2415 1519/1257/2415
f 1598/1316/2416 57/1343/2416 60/1307/2416
f 1599/1363/2417 1587/1348/2417 1600/1364/2417
s 1
f 1542/1335/2370 1541/1248/2341 95/1249/2218
s 0
f 1619/1365/2418 1562/1336/2418 1531/1293/2418
f 1532/1320/2419 1533/1321/2419 1601/1366/2419
s 1
f 1589/1344/2387 1551/1322/2351 1620/1360/2407
f 1535/1301/2396 1480/1242/2208 1644/1367/2420
f 1590/1368/2421 1552/1216/2224 1455/1193/2226
f 1563/1323/2355 1505/1271/2260 1545/1324/2356
f 1576/1345/2388 58/1302/2318 1646/1326/2358
f 1483/1260/2362 1566/1339/2377 1584/1328/2361
f 1441/1209/2422 1609/1309/2423 1395/1156/2424
f 1609/1309/2329 1506/1230/2186 1507/1283/2425
f 1555/1330/2364 1625/1311/2378 1610/1369/2426
f 1548/1331/2366 1453/1236/2201 1640/1370/2427
s 0
f 1453/1236/2428 1484/1261/2428 1592/1361/2428
s 1
f 1581/1342/2384 1540/1287/2290 1598/1316/2340
f 1600/1364/2429 1587/1348/2392 1561/1289/2292
f 1614/1371/2430 1550/1318/2343 1510/1300/2315
f 59/1291/2297 1582/1292/2298 1627/1372/2431
f 1582/1292/2298 1494/1268/2256 1616/1373/2432
s 0
f 1601/1366/2433 1533/1321/2433 1602/1374/2433
s 1
f 1628/1375/2434 1533/1321/2349 1589/1344/2387
f 1629/1352/2435 64/1226/2244 1534/1338/2375
f 1534/1338/2436 1463/1203/2304 1583/1296/2306
f 1684/1376/2437 1583/1296/2324 1535/1301/2316
s 0
f 1544/1217/2438 1686/1377/2438 1603/1177/2438
s 1
f 1605/1378/2439 1545/1324/2356 1606/1379/2440
f 1545/1324/2356 1546/1325/2357 1606/1379/2440
f 1546/1325/2357 1553/1346/2389 1606/1379/2440
f 1646/1326/2358 1607/1380/2441 1576/1345/2388
f 1313/1054/1884 1218/1015/1805 1577/1381/2442
f 1218/1015/1896 1524/1245/2212 1577/1381/2443
f 1622/1310/2330 1547/1329/2363 1623/1382/2444
f 1453/1236/2201 55/1383/2445 1640/1370/2427
f 100/1182/2114 1593/1356/2401 1458/1160/2083
s 0
f 1611/1357/2446 1593/1356/2446 1485/1221/2446
f 1596/1276/2447 1573/1232/2447 1656/1384/2447
s 1
f 1656/1384/2448 1573/1232/2449 1539/1277/2272
f 1597/1385/2450 1580/1286/2289 1581/1342/2384
f 1561/1289/2292 1491/1241/2207 1600/1364/2429
f 1549/1278/2274 1550/1318/2343 1641/1386/2451
f 1641/1386/2451 1550/1318/2343 1614/1371/2430
f 1681/1387/2452 1582/1292/2298 1616/1373/2432
f 1521/1270/2259 1620/1360/2407 1520/1295/2302
f 1480/1242/2408 1543/1297/2308 1630/1388/2453
f 1569/1306/2322 1458/1160/2083 1586/1389/2454
f 1349/1033/1840 1666/1390/2455 99/1238/2008
f 1649/1258/2242 1459/1170/2116 1558/1313/2456
f 1580/1286/2289 1597/1385/2450 1560/1334/2369
f 1598/1316/2340 60/1307/2323 1587/1348/2392
f 1637/1391/2457 1541/1248/2341 1542/1335/2370
s 0
f 1575/1350/2458 1588/1337/2458 1619/1365/2458
f 1588/1337/2459 1562/1336/2459 1619/1365/2459
s 1
f 1602/1374/2460 1533/1321/2349 1628/1375/2434
f 1673/1392/2461 1589/1344/2387 1620/1360/2407
f 1693/1393/2462 1535/1301/2396 1644/1367/2420
f 1685/1394/2463 1543/1297/2397 1552/1216/2277
f 1455/1193/2325 1702/1395/2464 1590/1368/2465
f 1409/1043/1862 1603/1177/2105 1704/1396/2466
f 1544/1217/2467 1604/1353/2398 1686/1377/2468
f 1563/1323/2355 1545/1324/2356 1604/1353/2398
f 1604/1353/2398 1545/1324/2356 1605/1378/2439
f 1606/1379/2440 1553/1346/2389 1621/1397/2469
f 1525/1274/2265 1622/1354/2399 1793/1398/2470
f 1547/1329/2363 1555/1330/2364 1610/1369/2426
f 1610/1369/2426 1625/1311/2378 1624/1399/2471
s 0
f 55/1383/2472 1453/1236/2472 1592/1361/2472
s 1
f 1568/1312/2334 1467/1255/2473 1569/1306/2322
f 1586/1389/2454 1458/1160/2083 1593/1356/2401
f 1594/1340/2414 1518/1256/2413 1632/1400/2474
s 0
f 1518/1256/2475 1570/1358/2475 1632/1400/2475
s 1
f 1587/1348/2392 1599/1363/2476 1636/1401/2477
f 1637/1391/2457 1542/1335/2370 1549/1278/2274
f 1680/1402/2478 1549/1278/2274 1641/1386/2451
f 1531/1293/2299 1532/1320/2348 1619/1365/2479
f 1620/1360/2480 1521/1270/2352 1629/1352/2395
f 1630/1388/2481 1543/1297/2397 1685/1394/2463
f 1685/1394/2482 1552/1216/2224 1590/1368/2421
f 1564/1327/2359 1498/1252/2228 1608/1303/2360
s 0
f 1611/1357/2483 1508/1284/2483 1594/1340/2483
s 1
f 1486/1240/2205 1376/1065/2010 1579/1347/2484
f 1668/1403/2485 1320/1096/1962 1595/1162/2098
f 1539/1277/2339 1612/1333/2368 1634/1404/2486
f 1581/1342/2384 1598/1316/2340 1613/1405/2487
f 1635/1406/2488 1598/1316/2340 1587/1348/2392
f 1491/1241/2295 1541/1248/2294 1600/1364/2489
f 1510/1300/2315 1493/1266/2254 1615/1349/2393
f 1617/1407/2490 1530/1319/2491 1588/1337/2492
f 1638/1408/2493 1575/1350/2494 1660/1409/2495
f 1629/1352/2435 1534/1338/2375 1661/1410/2496
f 1605/1378/2439 1606/1379/2440 1621/1397/2469
f 1607/1380/2441 1646/1326/2358 1639/1411/2497
f 1537/1244/2210 1523/1299/2310 1818/1412/2498
f 1500/1282/2499 1313/1054/1884 1577/1381/2442
f 1475/1262/2248 1578/1362/2411 1664/1355/2400
f 1559/1315/2338 1574/1359/2405 1650/1413/2500
f 1489/1264/2252 1560/1334/2369 1574/1359/2405
f 1560/1334/2369 1597/1385/2450 1574/1359/2405
f 1581/1342/2384 1678/1414/2501 1597/1385/2450
f 1581/1342/2384 1613/1405/2487 1678/1414/2501
f 1587/1348/2392 1636/1401/2477 1635/1406/2488
f 1615/1349/2393 59/1291/2297 1627/1372/2431
f 1681/1387/2452 1627/1372/2431 1582/1292/2298
f 1691/1415/2502 1617/1407/2490 1588/1337/2492
f 1618/1351/2503 1575/1350/2504 1638/1408/2493
f 1638/1408/2493 1642/1416/2505 1682/1417/2506
f 1619/1365/2479 1532/1320/2348 1643/1418/2507
f 1601/1366/2508 1602/1374/2460 1532/1320/2348
f 1628/1375/2434 1589/1344/2387 1673/1392/2461
f 1644/1367/2509 1480/1242/2408 1630/1388/2453
f 1409/1043/1862 1704/1396/2466 1522/1176/2104
f 1652/1419/2510 1604/1353/2398 1605/1378/2439
f 1621/1397/2469 1553/1346/2389 1653/1420/2511
f 1653/1420/2511 1553/1346/2389 1576/1345/2388
f 1576/1345/2388 1607/1380/2441 1653/1420/2511
s 0
f 1584/1328/2512 1566/1339/2512 1500/1282/2512
s 1
f 1525/1274/2286 1793/1398/2513 1507/1283/2285
f 1547/1329/2363 1610/1369/2426 1623/1382/2444
f 1640/1370/2427 55/1383/2514 1706/1421/2515
f 1677/1422/2516 1585/1212/2158 1664/1355/2400
f 1568/1312/2334 1569/1306/2322 1586/1389/2454
f 1593/1356/2517 1611/1357/2518 1665/1423/2519
f 1286/938/1652 1320/1078/1930 1668/1424/2520
f 1636/1401/2477 1599/1363/2476 1658/1425/2521
f 1599/1363/2476 1600/1364/2522 1658/1425/2521
f 1600/1364/2489 1541/1248/2294 1637/1391/2523
f 1637/1391/2457 1549/1278/2274 1680/1402/2478
f 1659/1426/2524 1614/1371/2430 1510/1300/2315
f 1659/1426/2524 1510/1300/2315 1615/1349/2393
f 1616/1373/2432 1494/1268/2256 1734/1427/2525
f 1494/1268/2345 1530/1319/2347 1617/1407/2526
f 54/1428/2527 1638/1408/2493 1682/1417/2506
f 1642/1416/2505 1638/1408/2493 1660/1409/2495
f 1660/1409/2495 1575/1350/2528 1619/1365/2479
f 1712/1429/2529 1619/1365/2479 1643/1418/2507
f 1424/1074/1919 1522/1176/2104 1703/1430/2530
f 1507/1283/2285 1793/1398/2513 1723/1431/2531
s 0
f 55/1383/2532 1592/1361/2532 1676/1432/2532
s 1
f 1665/1423/2533 1611/1357/2534 1594/1340/2535
f 1690/1433/2536 1655/1434/2537 1632/1400/2538
f 1655/1434/2539 1594/1340/2540 1632/1400/2474
f 1916/1285/2288 1349/1033/1840 1131/936/1839
f 1579/1347/2391 1419/1213/2159 1633/1171/2383
s 0
f 1595/1162/2541 1596/1276/2541 1668/1403/2541
s 1
f 1539/1277/2339 1634/1404/2486 1656/1384/2542
f 1612/1333/2368 1559/1315/2338 1650/1413/2500
f 1613/1405/2487 1598/1316/2340 1635/1406/2488
f 1635/1406/2488 1636/1401/2477 1727/4/4
f 1734/1427/2543 1494/1268/2345 1617/1407/2526
f 1643/1418/2507 1532/1320/2348 1602/1374/2460
f 1534/1338/2544 1583/1296/2545 1662/1435/2546
f 1694/1436/2547 1644/1367/2509 1630/1388/2453
f 1639/1411/2497 1646/1326/2358 1698/1437/2548
f 1663/1438/2549 1395/1156/2424 1609/1309/2423
f 1623/1382/2444 1610/1369/2426 1654/1439/2550
f 1689/1440/2551 56/1441/2552 1592/1361/2410
f 1633/1171/2097 1870/1314/2336 1719/1442/2553
s 0
f 1668/1403/2554 1596/1276/2554 1656/1384/2554
s 1
f 1634/1404/2486 1612/1333/2368 1742/1443/2555
f 1708/1444/2556 1574/1359/2405 1597/1385/2450
f 1613/1405/2487 1635/1406/2488 1709/6/6
f 1679/1445/2557 1636/1401/2477 1658/1425/2521
f 1641/1386/2451 1614/1371/2430 1700/1446/2558
f 1684/1376/2437 1535/1301/2396 1693/1393/2462
f 1695/1447/2559 1630/1388/2481 1685/1394/2463
f 1687/1448/2560 1607/1380/2441 1639/1411/2497
f 1564/1327/2359 1608/1303/2360 1698/1437/2548
f 1577/1381/2561 1524/1245/2562 1631/1449/2563
f 1654/1439/2550 1610/1369/2426 1624/1399/2471
f 1676/1432/2564 1592/1361/2410 56/1441/2552
f 1689/1440/2551 1592/1361/2410 1556/1332/2367
f 1586/1389/2565 1593/1356/2517 1665/1423/2519
s 0
f 1690/1433/2566 1632/1400/2566 1570/1358/2566
f 1286/938/2567 1668/1424/2567 1656/1450/2567
s 1
f 1650/1413/2500 1574/1359/2405 1708/1444/2556
f 1602/1374/2460 1628/1375/2434 1701/1451/2568
f 1692/1452/2569 1620/1360/2480 1629/1352/2395
f 1694/1436/2570 1630/1388/2481 1695/1447/2559
f 1696/1453/2571 1605/1378/2439 1621/1397/2469
f 1697/1454/2572 1653/1420/2511 1687/1448/2560
f 1654/1439/2550 1624/1399/2471 1705/1455/2573
f 1640/1370/2427 1706/1421/2574 1717/1456/2575
f 1556/1332/2367 1585/1212/2158 1677/1422/2516
f 1578/1362/2411 1568/1312/2334 1586/1389/2454
f 1665/1423/2533 1594/1340/2535 1655/1434/2576
f 1666/1390/2455 1349/1033/1840 1916/1285/2288
f 1678/1414/2501 1613/1405/2487 1709/6/6
f 1709/6/6 1635/1406/2488 1727/4/4
f 1658/1425/2521 1600/1364/2489 1679/1445/2557
f 1679/1445/2557 1600/1364/2489 1756/1457/2577
f 1618/1351/2578 1691/1415/2579 1588/1337/2580
f 1618/1351/2503 1638/1408/2493 1710/1458/2581
f 1683/1459/2582 1682/1417/2506 1642/1416/2505
f 1673/1392/2461 1701/1451/2568 1628/1375/2434
f 1774/1460/2583 1629/1352/2435 1661/1410/2496
f 1685/1394/2584 1590/1368/2465 1702/1395/2464
f 1621/1397/2469 1653/1420/2511 1696/1453/2571
f 1653/1420/2511 1697/1454/2572 1696/1453/2571
f 1646/1326/2358 1564/1327/2359 1698/1437/2548
f 1622/1310/2330 1623/1382/2444 1688/1461/2585
f 1623/1382/2444 1654/1439/2550 1688/1461/2585
f 1548/1331/2365 1640/1370/2586 1625/1311/2331
f 1706/1421/2587 55/1383/2588 1707/1462/2589
f 55/1383/2588 1676/1432/2590 1707/1462/2589
f 1612/1333/2368 1650/1413/2500 1742/1443/2555
f 1597/1385/2450 1678/1414/2501 1720/1463/2591
f 1700/1446/2558 1614/1371/2430 1659/1426/2524
f 1615/1349/2393 1627/1372/2431 1728/1464/2592
f 1638/1408/2493 54/1428/2527 1710/1458/2581
f 1711/1465/2593 1660/1409/2495 1619/1365/2479
f 1712/1429/2529 1643/1418/2507 1701/1451/2568
f 1702/1395/2464 1455/1193/2325 1783/1280/2278
f 1522/1176/2104 1704/1396/2466 1731/1466/2594
f 1686/1377/2468 1604/1353/2398 1652/1419/2510
f 1653/1420/2511 1607/1380/2441 1687/1448/2560
f 1714/1467/2595 1687/1448/2560 1639/1411/2497
f 1714/1467/2595 1639/1411/2497 1698/1437/2548
f 1663/1438/2596 1609/1309/2329 1723/1431/2597
f 1688/1461/2585 1654/1439/2550 1715/1468/2598
f 1705/1455/2573 1624/1399/2471 1625/1311/2378
f 1625/1311/2331 1640/1370/2586 1716/1469/2599
f 1689/1440/2551 1556/1332/2367 1677/1422/2516
f 1825/1470/2600 1650/1413/2500 1708/1444/2556
f 1636/1401/2477 1679/1445/2557 1727/4/4
f 1600/1364/2489 1637/1391/2523 1756/1457/2577
f 1641/1386/2451 1700/1446/2558 1744/1471/2601
f 1757/1472/2602 1682/1417/2506 52/1473/2603
f 1642/1416/2505 1660/1409/2495 1758/1474/2604
f 1662/1435/2605 1583/1296/2324 1684/1376/2437
f 1759/1475/2606 1693/1393/2607 1644/1367/2509
f 1760/1476/2608 1694/1436/2570 1695/1447/2559
f 1524/1245/2262 1516/1273/2264 1631/1449/2609
f 1516/1273/2327 1538/1308/2326 53/1477/2610
s 0
f 1640/1370/2611 1717/1456/2611 1716/1469/2611
s 1
f 1707/1462/2612 1676/1432/2564 1699/1478/2613
f 1732/1479/2614 1586/1389/2615 1665/1423/2616
s 0
f 1690/1433/2617 1570/1358/2617 1786/1480/2617
s 1
f 1780/1481/2618 1387/1169/2095 99/1237/2008
f 1572/1341/2382 1649/1258/2381 1724/1482/2619
f 1656/1384/2542 1634/1404/2486 1917/1483/2620
f 1597/1385/2450 1720/1463/2591 1708/1444/2556
f 1756/1457/2621 1637/1391/2457 1680/1402/2478
f 1641/1386/2451 1744/1471/2601 1680/1402/2478
f 1627/1372/2431 1681/1387/2452 1728/1464/2592
f 1683/1459/2582 1642/1416/2505 1758/1474/2604
f 1619/1365/2479 1712/1429/2529 1711/1465/2593
f 1643/1418/2507 1602/1374/2460 1701/1451/2568
f 1673/1392/2461 1620/1360/2407 1748/1484/2622
s 0
f 1603/1177/2623 1686/1377/2623 1768/1485/2623
s 1
f 1584/1328/2361 1500/1282/2624 1762/1486/2625
f 1516/1273/2264 53/1477/2626 1631/1449/2609
f 1609/1309/2329 1507/1283/2425 1723/1431/2597
f 1793/1398/2470 1622/1354/2399 47/1487/2627
f 47/1488/2628 1622/1310/2330 1688/1461/2585
f 1688/1461/2585 1715/1468/2598 1737/1489/2629
f 1705/1455/2573 1625/1311/2378 1716/1469/2630
s 0
f 1717/1456/2631 1718/1490/2631 50/1491/2631
s 1
f 1803/1492/2632 1707/1462/2612 1699/1478/2613
f 1886/1493/2633 1665/1423/2533 1655/1434/2576
f 1733/1494/2634 1655/1434/2537 1690/1433/2536
s 0
f 1690/1433/2635 1786/1480/2635 1733/1494/2635
f 1570/1358/2636 1387/1169/2636 1786/1480/2636
s 1
f 1486/1240/2205 1579/1347/2484 1833/1495/2637
f 1729/1496/2638 1616/1373/2432 1734/1427/2525
f 1712/1429/2529 1701/1451/2568 1730/1497/2639
f 1774/1460/2583 1692/1452/2640 1629/1352/2435
f 1644/1367/2509 1694/1436/2547 1759/1475/2606
f 1695/1447/2641 1685/1394/2584 1702/1395/2464
f 1652/1419/2510 1605/1378/2439 1696/1453/2571
f 1714/1467/2595 1698/1437/2548 1750/1498/2642
f 47/1488/2628 1688/1461/2585 1771/1499/2643
f 1676/1432/2564 56/1441/2552 1699/1478/2613
f 56/1441/2552 1689/1440/2551 1699/1478/2613
f 1578/1362/2411 1586/1389/2454 1740/1500/2644
f 51/1501/2645 1579/1347/2391 1633/1171/2383
f 1720/1463/2591 1678/1414/2501 1709/6/6
f 1727/4/4 1679/1445/2557 1763/1502/2646
f 1615/1349/2393 1728/1464/2592 1659/1426/2524
f 1616/1373/2432 1729/1496/2638 1681/1387/2452
f 1618/1351/2578 1772/1503/2647 1691/1415/2579
f 1618/1351/2503 1710/1458/2581 1745/1504/2648
f 54/1428/2527 1682/1417/2506 1746/1505/2649
f 1682/1417/2506 1757/1472/2602 1746/1505/2649
f 52/1473/2603 1682/1417/2506 1683/1459/2582
f 1758/1474/2604 1660/1409/2495 1711/1465/2593
f 1711/1465/2593 1712/1429/2529 1730/1497/2639
f 1603/1177/2650 1768/1485/2651 1704/1396/2466
f 1696/1453/2571 1769/1506/2652 1652/1419/2510
f 1776/1507/2653 1714/1467/2595 1750/1498/2642
f 1751/1508/2654 1698/1437/2548 1608/1303/2360
f 1554/1304/2390 1537/1244/2210 1751/1508/2654
f 1715/1468/2598 1654/1439/2550 1705/1455/2573
f 1738/1509/2655 1716/1469/2630 50/1491/2656
f 1716/1469/2657 1717/1456/2657 50/1491/2657
f 1753/1510/2658 1707/1462/2612 1803/1492/2632
f 1886/1493/2659 1655/1434/2660 1733/1494/2634
f 1649/1258/2242 1558/1313/2456 1724/1482/2661
f 1870/1314/2336 1286/938/1652 1656/1450/2542
f 1755/1511/2662 1709/6/6 1743/5/5
f 1787/1512/2663 1727/4/4 1763/1502/2646
f 1763/1502/2646 1679/1445/2557 1756/1457/2577
f 1756/1457/2621 1680/1402/2478 1804/1513/2664
f 1661/1410/2665 1534/1338/2544 1662/1435/2546
f 1759/1475/2666 1694/1436/2570 1760/1476/2608
f 1703/1430/2530 1522/1176/2104 1731/1466/2594
f 1696/1453/2571 1697/1454/2572 1749/1514/2667
f 1697/1454/2572 1687/1448/2560 1761/1515/2668
f 1776/1507/2653 1687/1448/2560 1714/1467/2595
s 0
f 1608/1303/2669 1554/1304/2669 1751/1508/2669
s 1
f 1718/1490/2670 1717/1456/2671 1706/1421/2672
s 0
f 1706/1421/2673 1707/1462/2673 1753/1510/2673
s 1
f 1739/1516/2674 1677/1422/2516 1664/1355/2400
f 1740/1500/2675 1586/1389/2615 1732/1479/2614
f 1833/1495/2637 1579/1347/2484 51/1501/2676
f 1708/1444/2556 1720/1463/2591 1754/1517/2677
f 1720/1463/2591 1709/6/6 1755/1511/2662
f 1728/1464/2592 1681/1387/2452 1809/1518/2678
f 1782/1519/2679 52/1473/2603 1747/1520/2680
f 52/1473/2603 1683/1459/2582 1764/1521/2681
f 1758/1474/2604 1711/1465/2593 1765/1522/2682
f 1766/1523/2683 1731/1466/2684 1704/1396/2685
s 0
f 1791/1524/2686 1722/1525/2686 1704/1396/2686
s 1
f 1686/1377/2468 1652/1419/2510 1769/1506/2652
f 1696/1453/2571 1749/1514/2667 1769/1506/2652
f 1770/1526/2687 1761/1515/2668 1776/1507/2653
f 1761/1515/2668 1687/1448/2560 1776/1507/2653
f 1537/1244/2210 1818/1412/2498 1751/1508/2654
f 1538/1308/2688 1395/1156/2689 1663/1438/2690
f 1688/1461/2585 1737/1489/2629 1771/1499/2643
f 1705/1455/2573 1716/1469/2630 1738/1509/2655
f 1870/1314/2336 1934/1527/2691 1719/1442/2553
f 1742/1443/2555 1650/1413/2500 1825/1470/2600
f 1825/1470/2600 1708/1444/2556 1754/1517/2677
f 1787/1512/2663 1743/5/5 1727/4/4
f 1618/1351/2503 1745/1504/2648 1772/1503/2692
f 1683/1459/2582 1758/1474/2604 1773/1528/2693
f 1711/1465/2593 1730/1497/2639 1765/1522/2682
f 1730/1497/2639 1701/1451/2568 1673/1392/2461
f 1748/1484/2694 1620/1360/2480 1692/1452/2569
f 1864/1529/2695 1661/1410/2665 1662/1435/2546
f 1766/1523/2683 1704/1396/2685 1722/1525/2696
f 1737/1489/2629 1715/1468/2598 1738/1509/2655
f 1715/1468/2598 1705/1455/2573 1738/1509/2655
f 1677/1422/2516 1739/1516/2674 1862/1530/2697
f 1886/1493/2633 1732/1479/2698 1665/1423/2533
f 1680/1402/2478 1744/1471/2601 1804/1513/2664
f 1804/1513/2664 1744/1471/2601 1805/1531/2699
f 1700/1446/2558 1659/1426/2524 1788/1532/2700
f 1788/1532/2700 1659/1426/2524 1728/1464/2592
f 1789/1533/2701 1617/1407/2490 1691/1415/2502
f 1773/1528/2693 1758/1474/2604 1790/1534/2702
f 1775/1535/2703 1695/1447/2641 1702/1395/2464
s 0
f 1722/1525/2704 1791/1524/2704 1767/1536/2704
s 1
f 1749/1514/2667 1697/1454/2572 1761/1515/2668
f 1750/1498/2642 1698/1437/2548 1777/1537/2705
f 1785/1538/2706 1738/1509/2655 1778/1539/2707
f 1738/1509/2655 50/1491/2656 1778/1539/2707
f 1699/1478/2613 1689/1440/2551 1853/1540/2708
f 1664/1355/2400 1578/1362/2411 1820/1541/2709
f 1789/1533/2710 1691/1415/2579 1810/1542/2711
f 1710/1458/2581 54/1428/2527 1781/1543/2712
f 54/1428/2527 1746/1505/2649 1781/1543/2712
f 1683/1459/2582 1773/1528/2693 1764/1521/2681
f 1790/1534/2702 1758/1474/2604 1765/1522/2682
s 0
f 1704/1396/2713 1768/1485/2713 1817/1544/2713
s 1
f 1797/1545/2714 1749/1514/2667 1770/1526/2687
f 1818/1412/2498 1523/1299/2310 1584/1328/2361
f 1785/1538/2706 1771/1499/2643 1737/1489/2629
f 1820/1541/2709 1578/1362/2411 1740/1500/2644
f 1558/1313/2335 1486/1240/2270 1724/1482/2715
f 51/1501/2645 1633/1171/2383 1719/1442/2716
f 1870/1546/2336 1656/1384/2542 49/1547/2717
f 1755/1511/2662 1754/1517/2677 1720/1463/2591
f 1755/1511/2662 1743/5/5 1787/1512/2663
f 1863/1548/2718 1809/1518/2678 1681/1387/2452
f 1729/1496/2638 1863/1548/2718 1681/1387/2452
s 0
f 1729/1496/2719 1734/1427/2719 1617/1407/2719
s 1
f 1757/1472/2602 52/1473/2603 1782/1519/2679
f 1747/1520/2680 52/1473/2603 1827/1549/2720
f 1765/1522/2682 1730/1497/2639 1748/1484/2622
f 1730/1497/2639 1673/1392/2461 1748/1484/2622
f 1749/1514/2667 1761/1515/2668 1770/1526/2687
f 1770/1526/2687 1776/1507/2653 1792/1550/2721
f 1776/1507/2653 1750/1498/2642 1792/1550/2721
f 1792/1550/2721 1750/1498/2642 1777/1537/2705
f 1818/1412/2498 1584/1328/2361 1762/1486/2625
f 1799/1551/2722 1663/1438/2723 1800/1552/2722
s 0
f 1800/1552/2724 1663/1438/2724 1723/1431/2724
s 1
f 47/1488/2628 1771/1499/2643 1802/1553/2725
f 50/1491/2656 1846/1554/2726 1778/1539/2707
f 50/1491/2727 1718/1490/2728 1846/1554/2729
f 1718/1490/2730 1779/1555/2731 1846/1554/2732
f 1742/1443/2555 1825/1470/2600 1855/1556/2733
f 1754/1517/2677 1755/1511/2662 1787/1512/2663
f 1763/1502/2734 1756/1457/2735 1804/1513/2736
f 1746/1505/2649 1757/1472/2602 1848/1557/2737
f 1827/1549/2720 52/1473/2603 1764/1521/2681
f 1859/1558/2738 1692/1452/2640 1774/1460/2583
f 1829/1559/2739 1864/1529/2740 1662/1435/2605
f 1829/1559/2739 1662/1435/2605 1684/1376/2437
f 1695/1447/2641 1775/1535/2703 1760/1476/2741
f 1686/1377/2468 1769/1506/2652 1884/1560/2742
f 1769/1506/2652 1749/1514/2667 1797/1545/2714
f 1777/1537/2705 1698/1437/2548 1751/1508/2654
f 1830/1561/2743 1663/1438/2723 1806/1562/2744
f 1663/1438/2723 1799/1551/2722 1806/1562/2744
s 0
f 1799/1551/2745 1800/1552/2745 1806/1562/2745
s 1
f 1800/1552/2746 1723/1431/2531 1806/1562/2744
f 1771/1499/2643 1785/1538/2706 1802/1553/2725
f 1803/1492/2632 1699/1478/2613 1853/1540/2708
f 1733/1494/2747 1786/1480/2748 1807/1563/2749
f 1387/1169/2095 1780/1481/2618 1786/1480/2750
f 1847/1564/2751 49/1547/2717 1656/1384/2542
f 1634/1404/2486 1742/1443/2555 1855/1556/2733
f 1728/1464/2592 1809/1518/2678 1814/1565/2752
f 1810/1542/2711 1691/1415/2579 1772/1503/2647
f 1828/1566/2753 1764/1521/2681 1843/1567/2754
f 1764/1521/2681 1773/1528/2693 1843/1567/2754
f 1790/1534/2702 1765/1522/2682 1748/1484/2622
f 1759/1475/2666 1760/1476/2608 1919/1568/2755
s 0
f 1766/1523/2756 1722/1525/2756 1767/1536/2756
s 1
f 1821/1569/2757 1769/1506/2652 1797/1545/2714
f 1797/1545/2714 1770/1526/2687 1821/1569/2757
f 1762/1486/2625 1500/1282/2499 1577/1381/2442
f 1806/1562/2744 1723/1431/2531 1830/1561/2743
f 1737/1489/2629 1738/1509/2655 1785/1538/2706
f 1832/1570/2758 1677/1422/2516 1862/1530/2697
f 1787/1512/2663 1763/1502/2646 1834/1571/2759
f 1805/1531/2699 1744/1471/2601 1700/1446/2558
f 1745/1504/2648 1710/1458/2581 1781/1543/2712
f 1783/1280/2278 1424/1074/1919 1703/1430/2530
f 1952/1572/2760 1766/1523/2761 1767/1536/2762
s 0
f 1704/1396/2763 1817/1544/2763 1791/1524/2763
s 1
f 1751/1508/2654 1818/1412/2498 1822/1573/2764
f 1819/1574/2765 1706/1421/2766 1753/1510/2767
f 1753/1510/2658 1803/1492/2632 1841/1575/2768
f 1689/1440/2551 1677/1422/2516 1824/1576/2769
f 1824/1576/2769 1677/1422/2516 1832/1570/2758
f 1812/1577/2770 1740/1500/2675 1732/1479/2614
f 1786/1480/2750 1780/1481/2618 1807/1563/2771
f 1486/1240/2205 1833/1495/2772 2029/1578/2773
f 1656/1384/2542 1917/1483/2620 1847/1564/2751
f 1834/1571/2759 1763/1502/2646 1890/1579/2774
f 1805/1531/2699 1700/1446/2558 1788/1532/2700
f 1898/1580/2775 1617/1407/2490 1789/1533/2701
f 1816/1581/2776 1790/1534/2702 1748/1484/2622
s 0
f 1768/1485/2777 1686/1377/2777 1884/1560/2777
s 1
f 1785/1538/2706 1778/1539/2707 1811/1582/2778
f 1778/1539/2707 1846/1554/2726 1811/1582/2778
f 1718/1490/2670 1706/1421/2672 1819/1574/2779
f 1824/1576/2769 1853/1540/2708 1689/1440/2551
f 1740/1500/2675 1812/1577/2770 1820/1541/2780
s 0
f 1724/1482/2781 1486/1240/2781 2029/1578/2781
s 1
f 1754/1517/2677 1787/1512/2663 1834/1571/2759
f 1890/1579/2782 1763/1502/2734 1804/1513/2736
f 1747/1520/2680 1872/1583/2783 1782/1519/2679
f 1773/1528/2693 1790/1534/2702 1816/1581/2776
s 0
f 1767/1536/2784 1791/1524/2784 1817/1544/2784
s 1
f 1770/1526/2687 1792/1550/2721 1845/1584/2785
f 1802/1553/2725 1785/1538/2706 1811/1582/2778
f 1739/1516/2674 1664/1355/2400 1820/1541/2709
f 1724/1482/2619 1842/1585/2786 1572/1341/2382
f 1842/1585/2787 1724/1482/2788 1887/1586/2789
s 0
f 1724/1482/2790 2029/1578/2790 1887/1586/2790
s 1
f 1634/1404/2486 1855/1556/2733 1917/1483/2620
f 1781/1543/2712 1746/1505/2649 1848/1557/2737
f 1835/1587/2791 1747/1520/2680 1873/1588/2792
f 1816/1581/2793 1748/1484/2694 1692/1452/2569
f 1792/1550/2721 1777/1537/2705 1851/1589/2794
f 1802/1553/2725 1811/1582/2778 1840/1590/2795
f 1840/1590/2795 1811/1582/2778 1831/1591/2796
f 1811/1582/2778 1846/1554/2726 1831/1591/2796
f 1819/1574/2797 1753/1510/2767 1841/1575/2798
f 1902/1592/2799 1733/1494/2747 1807/1563/2749
f 1788/1532/2700 1728/1464/2592 1814/1565/2752
f 1944/1593/2800 1863/1548/2718 1729/1496/2638
f 1882/1594/2801 1848/1557/2737 1757/1472/2602
f 1882/1594/2801 1757/1472/2602 1782/1519/2679
f 1747/1520/2680 1835/1587/2791 1872/1583/2783
f 1873/1588/2792 1747/1520/2680 1826/1595/2802
f 1826/1595/2802 1747/1520/2680 1827/1549/2720
f 1875/1596/2803 1693/1393/2607 1759/1475/2606
f 1875/1596/2804 1759/1475/2666 1919/1568/2755
s 0
f 1919/1568/2805 1760/1476/2805 1849/1597/2805
s 1
f 1821/1569/2757 1770/1526/2687 1838/1598/2806
f 1838/1598/2806 1770/1526/2687 1845/1584/2785
f 1792/1550/2721 1851/1589/2794 1845/1584/2785
f 1851/1589/2794 1777/1537/2705 1751/1508/2654
f 1762/1486/2625 1577/1381/2442 1868/1599/2807
f 1723/1431/2531 1793/1398/2513 1830/1561/2743
f 1852/1600/2808 1802/1553/2725 1840/1590/2795
f 1846/1554/2732 1779/1555/2731 1861/1601/2809
f 1718/1490/2670 1819/1574/2779 1779/1555/2810
f 1729/1496/2638 1617/1407/2490 1898/1580/2775
f 1864/1529/2740 1829/1559/2739 1874/1602/2811
f 1866/1603/2812 1731/1466/2684 1766/1523/2683
s 0
f 1844/1604/2813 1767/1536/2813 1817/1544/2813
s 1
f 1751/1508/2654 1822/1573/2764 1851/1589/2794
s 0
f 1868/1599/2814 1577/1381/2814 1631/1449/2814
s 1
f 47/1488/2628 1802/1553/2725 1852/1600/2808
f 1852/1600/2808 1840/1590/2795 1860/1605/2815
f 1831/1591/2796 1846/1554/2726 1869/1606/2816
f 1666/1390/2455 1780/1607/2618 99/1238/2008
f 1903/1608/2817 1833/1495/2637 51/1501/2676
f 1774/1460/2818 1661/1410/2665 1864/1529/2695
f 1684/1376/2437 1693/1393/2462 1829/1559/2739
f 1829/1559/2819 1693/1393/2820 1875/1596/2821
f 1769/1506/2652 1821/1569/2757 1884/1560/2742
f 1845/1584/2785 1851/1589/2794 1867/1609/2822
f 1869/1606/2816 1846/1554/2726 1861/1601/2823
f 1812/1577/2824 1732/1479/2698 1886/1493/2633
f 1886/1493/2659 1733/1494/2634 1902/1592/2825
f 1899/1610/2826 1745/1504/2648 1781/1543/2712
f 1843/1567/2754 1773/1528/2693 1816/1581/2776
f 1703/1430/2530 1731/1466/2594 1964/1611/2827
f 1850/1612/2828 1817/1544/2829 1768/1485/2830
f 1860/1605/2815 1840/1590/2795 1831/1591/2796
f 1880/1613/2831 1853/1540/2708 1824/1576/2769
f 48/1614/2832 1824/1576/2769 1832/1570/2758
f 1435/1109/2203 1572/1341/2382 1571/1239/2204
f 1825/1470/2600 1754/1517/2677 1889/1615/2833
f 1805/1531/2699 1788/1532/2700 1906/1616/2834
f 1881/1617/2835 1809/1518/2678 1863/1548/2718
f 1810/1542/2836 1772/1503/2692 1745/1504/2648
f 1816/1581/2837 1692/1452/2838 1918/1618/2839
f 1760/1476/2741 1775/1535/2703 1926/1619/2840
f 1860/1605/2815 1831/1591/2796 1869/1606/2816
f 1869/1620/2816 1861/1621/2823 1901/1622/2841
f 1929/1623/2842 1739/1516/2674 1820/1541/2709
f 1903/1608/2843 51/1501/2645 1719/1442/2716
f 1917/1483/2620 1855/1556/2733 1904/1624/2844
f 1788/1532/2700 1814/1565/2752 1906/1616/2834
f 1814/1565/2752 1809/1518/2678 1881/1617/2835
f 1849/1597/2845 1760/1476/2846 1920/1625/2847
f 1920/1625/2847 1760/1476/2741 1926/1619/2840
f 1821/1569/2757 1838/1598/2806 1884/1560/2742
f 1893/1626/2848 1851/1589/2794 1822/1573/2764
f 1538/1308/2688 1663/1438/2690 1894/1627/2849
f 1860/1605/2815 1895/1628/2850 1852/1600/2808
f 1860/1605/2815 1869/1606/2816 1895/1628/2850
f 1841/1575/2768 1803/1492/2632 1853/1540/2708
f 1754/1517/2677 1834/1571/2759 1889/1615/2833
f 1943/1629/2851 1881/1617/2835 1863/1548/2718
f 1810/1542/2852 1745/1504/2648 1899/1610/2826
f 1827/1549/2720 1764/1521/2681 1945/1630/2853
f 1918/1618/2854 1692/1452/2640 1878/1631/2855
f 2046/1632/2856 1766/1523/2761 1952/1572/2760
f 1851/1589/2794 1893/1626/2848 1867/1609/2822
f 1880/1613/2831 1824/1576/2769 48/1614/2832
f 1862/1530/2697 1739/1516/2674 1929/1623/2842
f 1906/1616/2834 1814/1565/2752 1881/1617/2835
f 1950/1633/2857 1848/1557/2737 1882/1594/2801
f 1826/1595/2802 1827/1549/2720 1945/1630/2853
f 1828/1566/2753 1843/1567/2754 1816/1581/2776
f 1878/1631/2855 1692/1452/2640 1859/1558/2738
f 1702/1395/2464 1783/1280/2278 39/1634/2858
f 1838/1598/2806 1845/1584/2785 1879/1635/2859
f 1879/1635/2859 1845/1584/2785 1867/1609/2822
f 1868/1599/2860 1631/1449/2609 53/1477/2626
f 1895/1636/2850 1869/1620/2816 1896/1637/2861
f 1869/1620/2816 1901/1622/2841 1896/1637/2861
f 1819/1574/2862 1841/1575/2862 1974/1638/2862
f 1903/1608/2843 1719/1442/2716 1934/1527/2863
f 1905/1639/2864 1834/1571/2759 1890/1579/2774
f 1805/1531/2699 1906/1616/2834 1891/1640/2865
f 1729/1496/2638 1898/1580/2775 1897/1641/2866
f 1873/1588/2792 1892/1642/2867 1835/1587/2791
s 0
f 1764/1521/2868 1828/1566/2868 1945/1630/2868
s 1
f 1829/1559/2819 1875/1596/2821 1908/1643/2869
f 1964/1611/2870 1731/1466/2684 1866/1603/2812
f 1911/1644/2871 1893/1626/2871 1822/1573/2871
f 1663/1438/2723 1830/1561/2743 1912/1645/2872
f 1830/1561/2743 1793/1398/2513 1912/1645/2872
f 1974/1646/2873 1841/1647/2768 1914/1648/2874
f 1904/1624/2844 1825/1470/2600 1889/1615/2833
f 1889/1615/2833 1834/1571/2759 1905/1639/2864
f 1804/1513/2875 1805/1531/2876 1891/1640/2865
f 1998/1649/2877 1881/1617/2835 1943/1629/2851
f 1863/1548/2718 1944/1593/2800 1949/1650/2878
f 1898/1580/2879 1789/1533/2880 1907/1651/2881
f 1789/1533/2710 1810/1542/2711 1907/1651/2882
f 1924/1652/2883 1882/1594/2801 1782/1519/2679
f 1774/1460/2818 1864/1529/2695 1946/1653/2884
f 1952/1572/2885 1767/1536/2886 1844/1604/2887
s 0
f 1844/1604/2888 1817/1544/2888 1909/1654/2888
s 1
f 1868/1599/2889 53/1477/2890 1990/1655/2891
f 1895/1636/2850 1896/1637/2861 1927/1656/2892
f 1974/1646/2873 1914/1648/2874 1913/1657/2893
f 1943/1629/2851 1863/1548/2718 1930/1658/2894
f 1872/1583/2783 1835/1587/2791 1900/1659/2895
f 1879/1635/2896 1910/1660/2897 1921/1661/2898
f 1879/1635/2859 1867/1609/2822 1893/1626/2848
f 1822/1573/2764 1818/1412/2498 1911/1644/2899
f 47/1488/2628 1852/1600/2808 1895/1628/2850
f 1932/1662/2900 46/1663/2901 1901/1622/2841
f 1861/1601/2809 1779/1555/2731 1928/1664/2902
f 1890/1579/2782 1804/1513/2736 1922/1665/2903
f 1804/1513/2875 1891/1640/2865 1922/1665/2904
f 1828/1566/2753 1816/1581/2776 1951/1666/2905
f 1859/1558/2906 1774/1460/2818 1946/1653/2884
f 2026/1667/2907 1920/1625/2847 1926/1619/2840
f 1866/1603/2908 1766/1523/2761 2046/1632/2856
s 0
f 1817/1544/2909 1850/1612/2909 1909/1654/2909
s 1
f 1884/1560/2742 1838/1598/2806 1879/1635/2859
f 1910/1660/2897 1893/1626/2910 1911/1644/2911
f 47/1668/2628 1927/1656/2892 1939/1669/2912
f 1896/1637/2861 1901/1622/2841 46/1663/2901
f 1901/1622/2841 1861/1621/2823 1932/1662/2900
f 1841/1647/2768 1853/1670/2708 1915/1671/2913
f 1929/1623/2914 1820/1541/2780 1812/1577/2770
f 1812/1577/2824 1886/1493/2633 1975/1672/2915
f 1903/1608/2817 2066/1673/2916 1833/1495/2637
f 2058/1674/2917 49/1547/2717 1847/1564/2751
f 1904/1624/2844 1855/1556/2733 1825/1470/2600
f 1923/1675/2918 1891/1640/2865 1906/1616/2834
f 1930/1658/2894 1863/1548/2718 1949/1650/2878
f 1944/1593/2800 1729/1496/2638 1897/1641/2866
f 1897/1641/2866 1898/1580/2775 1984/1676/2919
f 1848/1557/2737 1950/1633/2857 1936/1677/2920
s 0
f 1782/1519/2921 1872/1583/2921 1900/1659/2921
s 1
f 1946/1653/2922 1864/1529/2740 1874/1602/2811
s 0
f 1768/1485/2923 1884/1560/2923 1921/1661/2923
s 1
f 1921/1661/2898 1884/1560/2924 1879/1635/2896
f 1879/1635/2896 1893/1626/2910 1910/1660/2897
f 1990/1655/2925 53/1477/2610 1538/1308/2326
f 1895/1636/2850 1927/1656/2892 47/1668/2628
f 1927/1656/2892 1896/1637/2861 46/1663/2901
f 1928/1664/2926 1779/1555/2810 1819/1574/2779
f 48/1614/2832 1832/1570/2758 1862/1530/2697
f 44/1678/2927 1902/1592/2799 1807/1563/2749
f 1892/1642/2867 1900/1659/2895 1835/1587/2791
f 1892/1642/2867 1873/1588/2792 1963/1679/2928
f 1945/1630/2853 1828/1566/2753 1951/1666/2905
f 1908/1643/2929 1875/1596/2930 1849/1597/2931
f 39/1634/2858 1783/1280/2278 1703/1430/2530
f 43/1680/2932 46/1663/2901 1932/1662/2900
f 1870/1546/2336 49/1547/2717 2058/1674/2917
f 1917/1483/2620 1904/1624/2844 1957/1681/2933
f 1906/1616/2834 1881/1617/2835 1923/1675/2918
f 1899/1610/2826 1781/1543/2712 1935/1682/2934
f 1924/1652/2883 1782/1519/2679 1900/1659/2935
f 1951/1666/2936 1816/1581/2837 1918/1618/2839
f 1702/1395/2464 39/1634/2858 1947/1683/2937
f 1971/1684/2938 1818/1412/2498 1762/1486/2625
f 1912/1645/2872 1894/1627/2939 1663/1438/2723
f 1939/1669/2912 1927/1656/2892 46/1663/2901
f 43/1680/2932 1932/1662/2900 1948/1685/2940
f 1807/1563/2771 1780/1481/2618 44/1678/2941
f 1942/1686/2942 1881/1617/2835 1998/1649/2877
f 1897/1641/2866 1984/1676/2919 1969/1687/2943
f 1976/1688/2944 1924/1652/2883 1900/1659/2945
s 0
f 2007/1689/2946 1892/1642/2946 1963/1679/2946
s 1
f 1849/1597/2947 1875/1596/2804 1919/1568/2755
f 2046/1632/2948 1952/1572/2885 2091/1690/2949
f 1952/1572/2885 1844/1604/2887 1953/1691/2950
f 1762/1486/2625 1868/1599/2807 1954/1692/2951
f 1932/1662/2900 1861/1621/2823 1986/1693/2952
f 1933/1694/2953 1841/1647/2768 1915/1671/2913
f 45/1695/2954 48/1614/2832 1862/1530/2697
f 1886/1493/2659 1902/1592/2825 1955/1696/2955
f 1833/1495/2772 2066/1673/2956 2029/1578/2773
f 1941/1697/2957 1847/1564/2751 1957/1681/2933
f 1847/1564/2751 1917/1483/2620 1957/1681/2933
f 1997/1698/2958 1889/1615/2833 1905/1639/2864
f 1905/1639/2864 1890/1579/2774 1922/1665/2904
f 1949/1650/2878 1944/1593/2800 1969/1687/2943
f 1781/1543/2712 1848/1557/2737 1935/1682/2934
f 1950/1633/2857 1882/1594/2801 1924/1652/2883
s 0
f 1892/1642/2959 2007/1689/2959 1962/1699/2959
s 1
f 1910/1660/2960 1911/1644/2899 2008/1700/2961
f 1939/1669/2912 46/1663/2901 43/1680/2932
f 1861/1601/2809 1928/1664/2902 1986/1701/2962
f 1853/1540/2708 1880/1613/2831 45/1695/2954
f 2066/1673/2916 1903/1608/2817 1995/1702/2963
f 1934/1703/2691 1870/1546/2336 2058/1674/2917
f 1907/1651/2881 1810/1542/2852 40/1704/2964
f 1873/1588/2792 1826/1595/2802 1945/1630/2853
f 1951/1666/2936 1918/1618/2839 1985/1705/2965
f 1918/1618/2854 1878/1631/2855 1958/1706/2966
s 0
f 1878/1631/2967 1859/1558/2967 1946/1653/2967
s 1
f 1959/1707/2968 1829/1559/2819 1908/1643/2869
f 1964/1611/2870 1866/1603/2812 1965/1708/2969
s 0
f 1953/1691/2970 1844/1604/2970 1909/1654/2970
s 1
f 1818/1412/2498 1971/1684/2938 1911/1644/2899
f 1971/1684/2938 1762/1486/2625 1954/1692/2951
f 1948/1685/2940 1932/1662/2900 1986/1693/2952
s 0
f 1819/1574/2971 1974/1638/2971 1961/1709/2971
s 1
f 1913/1657/2893 1914/1648/2874 2044/1710/2972
f 1914/1648/2874 1841/1647/2768 42/1711/2973
f 1841/1647/2768 1933/1694/2953 2016/1712/2974
f 1880/1613/2831 48/1614/2832 45/1695/2954
f 1904/1624/2844 1889/1615/2833 1997/1698/2958
f 1881/1617/2835 1942/1686/2942 1923/1675/2918
f 1969/1687/2943 1944/1593/2800 1897/1641/2866
f 1810/1542/2852 1899/1610/2826 2039/1713/2975
f 1900/1659/2895 1892/1642/2867 1970/1714/2976
f 2015/1715/2977 1913/1657/2893 2044/1710/2972
f 2044/1710/2972 1914/1648/2874 42/1711/2973
f 1916/1285/2288 1571/1239/2204 1967/1716/2978
f 1572/1341/2382 1842/1585/2786 2038/1717/2979
f 1905/1639/2864 1922/1665/2904 1997/1698/2958
f 40/1704/2964 1810/1542/2852 2039/1713/2975
f 1848/1557/2737 1936/1677/2920 1935/1682/2934
f 2007/1689/2980 1977/1718/2981 1962/1699/2982
f 1945/1630/2853 1963/1679/2928 1873/1588/2792
f 1775/1535/2703 1702/1395/2464 1947/1683/2937
f 2027/1719/2983 1909/1654/2984 1850/1612/2985
f 1768/1485/2830 2135/1720/2986 1850/1612/2828
f 1990/1655/2925 1538/1308/2326 2037/1721/2987
f 1538/1308/2688 1894/1627/2849 2037/1721/2988
f 1939/1669/2912 1966/1722/2989 47/1668/2628
f 43/1680/2932 1948/1685/2940 1972/1723/2990
f 1972/1723/2990 1948/1685/2940 1973/1724/2991
f 1929/1623/2992 1812/1577/2824 1975/1672/2915
f 1842/1585/2787 1887/1586/2789 2038/1717/2993
f 1995/1702/2994 1903/1608/2843 1934/1527/2863
f 1891/1640/2865 1923/1675/2918 1981/1725/2995
f 2018/1726/2996 1998/1649/2877 1943/1629/2851
f 1982/1727/2997 1930/1658/2894 1949/1650/2878
f 1949/1650/2878 1969/1687/2943 1968/1728/2998
f 1984/1676/2919 1898/1580/2775 2068/1729/2999
f 1898/1580/2879 1907/1651/2881 2068/1729/2999
f 2082/1730/3000 1900/1659/2895 1970/1714/3001
s 0
f 1970/1714/3002 1892/1642/3002 1962/1699/3002
s 1
f 1768/1485/2830 1921/1661/3003 2008/1700/2961
f 1910/1660/2960 2008/1700/2961 1921/1661/3004
f 1793/1398/2470 47/1487/2627 2084/1731/3005
f 2010/1732/3006 1966/1722/2989 1972/1723/2990
f 1966/1722/2989 1939/1669/2912 1972/1723/2990
f 43/1680/2932 1972/1723/2990 1939/1669/2912
f 1961/1709/3007 1928/1664/2926 1819/1574/3008
f 42/1711/2973 1841/1647/2768 2016/1712/2974
f 1915/1671/2913 1853/1670/2708 1991/1733/3009
f 1862/1530/2697 1929/1623/2842 45/1695/2954
f 1975/1672/3010 1886/1493/2659 1955/1696/2955
f 1571/1239/2204 1572/1341/2382 2057/1734/3011
f 1934/1703/2691 2058/1674/2917 2004/1735/3012
f 1847/1564/2751 1941/1697/2957 2058/1674/2917
f 1982/1727/2997 1949/1650/2878 1968/1728/2998
s 0
f 1986/1701/3013 1928/1664/3013 1961/1709/3013
s 1
f 1853/1670/2708 45/1736/2954 1991/1733/3009
f 1943/1629/2851 1930/1658/2894 2018/1726/2996
f 1874/1602/3014 1829/1559/3015 1959/1707/3016
f 1954/1692/3017 1868/1599/2889 1990/1655/2891
f 1912/1645/2872 1793/1398/2513 2084/1731/3018
f 1978/1737/3019 1974/1646/2873 1913/1657/2893
f 1975/1738/3010 1955/1739/2955 2003/1740/3020
f 1957/1681/2933 1904/1624/2844 1996/1741/3021
f 1899/1610/2826 1935/1682/2934 2039/1713/2975
f 1992/1742/3022 1924/1652/2883 1976/1688/2944
f 2007/1689/3023 1999/1743/3024 1977/1718/2981
f 1963/1679/2928 1945/1630/2853 1987/1744/3025
f 1987/1744/3025 1945/1630/2853 1951/1666/2905
s 0
f 1988/1745/3026 1946/1653/3026 1874/1602/3026
s 1
f 2091/1690/2949 1952/1572/2885 1953/1691/3027
f 2027/1719/3028 1850/1612/2828 2135/1720/2986
f 1972/1723/2990 1973/1724/2991 2010/1732/3006
s 0
f 2010/1732/3029 1973/1724/3029 2002/1746/3029
s 1
f 2002/1746/3030 1973/1724/2991 41/1747/3031
f 1986/1693/2952 1994/1748/3032 1948/1685/2940
f 1961/1749/3033 1974/1646/2873 2014/1750/3034
f 1974/1646/2873 1978/1737/3019 2014/1750/3034
f 1978/1737/3019 1913/1657/2893 2015/1715/2977
f 1941/1697/2957 1957/1681/2933 2005/1751/3035
f 1922/1665/2904 1891/1640/2865 2017/1752/3036
f 2018/1726/2996 1930/1658/2894 1982/1727/2997
f 1976/1688/2944 1900/1659/3037 2006/1753/3038
f 2006/1753/3038 1900/1659/2895 2082/1730/3000
f 1958/1706/3039 1985/1705/3040 1918/1618/3041
s 0
f 1878/1631/3042 1946/1653/3042 2000/1754/3042
s 1
f 47/1668/2628 1966/1722/2989 2010/1732/3006
f 1994/1748/3032 41/1747/3031 1973/1724/2991
f 1973/1724/2991 1948/1685/2940 1994/1748/3032
f 1986/1693/2952 1961/1749/3033 1994/1748/3032
f 1933/1694/2953 1915/1671/2913 2050/1755/3043
f 2050/1755/3043 1915/1671/2913 1991/1733/3009
f 1955/1696/3044 1902/1592/2799 44/1678/2927
f 2005/1751/3035 1957/1681/2933 1996/1741/3021
f 1981/1725/2995 2017/1752/3036 1891/1640/2865
f 1981/1725/2995 1923/1675/2918 1942/1686/2942
f 1968/1728/2998 1969/1687/2943 2011/1756/3045
f 2039/1713/2975 1935/1682/2934 2060/1757/3046
f 1962/1699/2982 1977/1718/2981 2012/1758/3047
f 1977/1718/2981 1999/1743/3024 2020/1759/3048
s 0
f 2000/1754/3049 1946/1653/3049 1988/1745/3049
s 1
f 1993/1760/3050 1849/1597/2845 1920/1625/2847
f 2041/1761/3051 1703/1430/2530 1964/1611/2827
f 2017/1752/3036 1997/1698/2958 1922/1665/2904
f 1998/1649/2877 2018/1726/2996 2025/1762/3052
f 2019/1763/3053 1969/1687/2943 1984/1676/2919
s 0
f 1963/1679/3054 1987/1744/3054 2007/1689/3054
s 1
f 1965/1708/3055 1866/1603/2908 2046/1632/2856
f 1894/1627/2939 1912/1645/2872 2047/1764/3056
f 2048/1765/3057 2002/1746/3030 38/1766/3058
f 1994/1748/3032 1961/1749/3033 2043/1767/3059
f 1961/1749/3033 2014/1750/3034 2043/1767/3059
f 45/1736/2954 1929/1768/2842 2022/1769/3060
f 2023/1770/3061 1929/1768/2992 1975/1738/2915
f 1666/1390/2455 1916/1285/2288 2024/1771/3062
f 1982/1727/2997 1968/1728/2998 2011/1756/3045
f 1907/1651/2881 2109/1772/3063 2068/1729/2999
f 1907/1651/2881 40/1704/2964 2109/1772/3063
f 1936/1677/2920 1950/1633/2857 1924/1652/2883
f 1985/1705/2965 1987/1744/3064 1951/1666/2936
s 0
f 1958/1706/3065 1878/1631/3065 2000/1754/3065
s 1
f 2083/1773/3066 1971/1684/2938 1954/1692/2951
f 37/1774/3067 47/1668/2628 2010/1732/3006
f 2002/1746/3030 41/1747/3031 38/1766/3058
f 1955/1739/3044 44/1775/2927 2077/1776/3068
f 1780/1607/2618 1666/1390/2455 2028/1777/3069
f 1995/1778/2994 1934/1703/2863 2004/1735/3070
f 1942/1686/2942 2052/1779/3071 1981/1725/2995
f 1977/1718/2981 2020/1759/3048 2031/1780/3072
f 2040/1781/3073 2026/1667/2907 2150/1782/3074
f 2026/1667/2907 1926/1619/2840 2150/1782/3074
f 41/1747/3031 1994/1748/3032 2043/1767/3059
f 2018/1726/2996 1982/1727/2997 2080/1783/3075
f 2030/1784/3076 1924/1652/2883 1992/1742/3022
s 0
f 2007/1689/3077 1987/1744/3077 1985/1705/3077
s 1
f 1985/1705/3040 1958/1706/3039 2035/1785/3078
f 1988/1745/3079 1874/1602/3014 1959/1707/3080
f 1908/1643/3081 1849/1597/3082 1993/1760/3083
f 1993/1760/3050 1920/1625/2847 2032/1786/3084
f 2026/1667/2907 2032/1786/3084 1920/1625/2847
f 1954/1692/3017 1990/1655/2891 2103/1787/3085
f 1996/1741/3021 1904/1624/2844 1997/1698/2958
f 2017/1752/3036 1981/1725/2995 2052/1779/3071
f 1942/1686/2942 1998/1649/2877 2052/1779/3071
f 2011/1756/3045 1969/1687/2943 2045/1788/3086
f 1992/1742/3022 1976/1688/2944 2053/1789/3087
f 2053/1789/3087 1976/1688/2944 2006/1753/3038
f 1970/1714/3088 1962/1699/2982 2012/1758/3047
f 2041/1761/3089 1964/1611/2870 2042/1790/3090
f 1964/1611/2870 1965/1708/2969 2042/1790/3090
f 2002/1746/3030 2048/1765/3057 2010/1732/3006
f 38/1766/3058 41/1747/3031 2049/1791/3091
f 2043/1767/3059 2014/1750/3034 2056/1792/3092
f 2044/1710/2972 42/1711/2973 2065/1793/3093
f 2022/1769/3060 1929/1768/3094 2023/1770/3095
f 44/1775/2941 1780/1607/2618 2077/1776/3096
f 1941/1697/2957 2005/1751/3035 2107/1794/3097
f 2052/1779/3071 1998/1649/2877 2025/1762/3052
f 2080/1783/3075 1982/1727/2997 2033/1795/3098
f 2033/1795/3098 1982/1727/2997 2011/1756/3045
f 2019/1763/3053 1984/1676/2919 2067/1796/3099
f 1936/1677/2920 1924/1652/2883 2030/1784/3076
f 2012/1758/3047 1977/1718/2981 2031/1780/3072
f 2047/1764/3056 1912/1645/2872 2084/1731/3018
f 2016/1712/2974 1933/1694/2953 2050/1755/3043
f 1916/1285/2288 1967/1716/2978 2024/1771/3062
f 2038/1717/2993 1887/1586/2789 2051/1797/3100
f 1887/1586/3101 2029/1578/3102 2051/1797/3103
f 1996/1741/3021 1997/1698/2958 36/1798/3104
f 1997/1698/2958 2017/1752/3036 36/1798/3104
f 2080/1783/3075 2087/1799/3105 2018/1726/2996
f 2033/1795/3098 2011/1756/3045 2081/1800/3106
f 39/1634/2858 1703/1430/2530 2041/1761/3051
f 1768/1485/2830 2008/1700/2961 2135/1720/2986
f 2120/1801/3107 1894/1627/2939 2047/1764/3056
f 2048/1765/3057 2064/1802/3108 2010/1732/3006
f 2077/1776/3096 1780/1607/2618 2028/1777/3109
f 2113/1803/3110 2017/1752/3036 2052/1779/3071
f 2025/1762/3052 2018/1726/2996 2087/1799/3105
f 2081/1800/3106 2011/1756/3045 2045/1788/3086
f 1969/1687/2943 2019/1763/3053 2045/1788/3086
f 2067/1796/3099 1984/1676/2919 2068/1729/2999
f 1935/1682/2934 1936/1677/2920 2075/1804/3111
f 2069/1805/3112 1985/1705/3040 2035/1785/3078
f 2035/1785/3113 1958/1706/3114 2000/1754/3115
s 0
f 1959/1707/3116 1908/1643/3116 2054/1806/3116
s 1
f 2054/1806/3117 1908/1643/3118 1993/1760/3119
f 2118/1807/3120 1993/1760/3050 2032/1786/3084
f 2083/1773/3121 1954/1692/3017 2103/1787/3085
f 2061/1808/3122 38/1766/3058 2049/1791/3091
f 2015/1715/2977 2044/1710/2972 2104/1809/3123
f 2016/1712/2974 2050/1755/3043 2073/1810/3124
f 2003/1740/3125 2023/1770/3126 1975/1738/3127
f 2057/1734/3011 1572/1341/2382 2038/1717/2979
f 2063/1811/3128 2020/1759/3048 1999/1743/3024
f 2063/1811/3128 2007/1689/3023 2111/1812/3129
f 2007/1689/3130 1985/1705/3131 2069/1805/3132
f 1926/1619/2840 1775/1535/2703 2249/1813/3133
f 2096/1814/3134 1965/1708/3055 2046/1632/2856
f 2037/1721/3135 1894/1627/2939 2120/1801/3107
f 47/1487/2627 37/1815/3136 2084/1731/3005
f 2010/1732/3006 2064/1802/3108 37/1774/3067
f 41/1747/3031 2043/1767/3059 2049/1791/3091
f 2049/1791/3091 2043/1767/3059 2062/1816/3137
f 2062/1816/3137 2043/1767/3059 2056/1792/3092
f 42/1711/2973 2016/1712/2974 2073/1810/3124
f 45/1736/2954 2022/1769/3060 1991/1733/3009
f 2058/1674/2917 1941/1697/2957 2107/1794/3097
f 2074/1817/3138 2052/1779/3071 2025/1762/3052
f 1999/1743/3024 2007/1689/3023 2063/1811/3128
f 2069/1805/3112 2035/1785/3078 2123/1818/3139
f 1988/1745/3079 1959/1707/3080 2054/1806/3140
f 2096/1814/3141 2046/1632/2948 2091/1690/2949
f 1953/1691/3142 1909/1654/3143 2097/1819/3144
f 2027/1719/2983 2097/1819/3145 1909/1654/2984
f 2064/1802/3108 2048/1765/3057 2099/1820/3146
f 2048/1765/3057 38/1766/3058 2099/1820/3146
f 2003/1740/3020 1955/1739/2955 2106/1821/3147
f 2029/1578/2773 2066/1673/2956 2085/1822/3148
f 2005/1751/3035 1996/1741/3021 36/1798/3104
f 2025/1762/3052 2087/1799/3105 2074/1817/3138
f 2109/1772/3063 40/1704/2964 2039/1713/2975
f 2075/1804/3111 1936/1677/2920 2089/1823/3149
f 1936/1677/2920 2030/1784/3076 2089/1823/3149
f 2111/1812/3150 2007/1689/3130 2069/1805/3132
f 2103/1787/3151 1990/1655/2925 2037/1721/2987
f 38/1766/3058 2061/1808/3122 2099/1820/3146
f 2065/1793/3093 42/1711/2973 2073/1810/3124
f 1967/1716/2978 1571/1239/2204 2057/1734/3011
f 1995/1778/2994 2004/1735/3070 2086/1824/3152
f 2004/1735/3012 2058/1674/2917 2107/1794/3097
f 36/1798/3104 2017/1752/3036 2113/1803/3110
f 2078/1825/3153 2074/1817/3138 2087/1799/3105
f 2078/1825/3153 2087/1799/3105 2079/1826/3154
f 2045/1788/3086 2019/1763/3053 2114/1827/3155
f 2090/1828/3156 1988/1745/3157 2054/1806/3158
f 2014/1750/3034 1978/1737/3019 2102/1829/3159
f 2005/1751/3035 36/1798/3104 2126/1830/3160
f 2074/1817/3138 2113/1803/3110 2052/1779/3071
f 2128/1831/3161 2060/1757/3046 2075/1804/3111
f 2110/1832/3162 2075/1804/3111 2089/1823/3149
f 1970/1714/3088 2012/1758/3047 2115/1833/3163
f 2122/1834/3164 2020/1759/3048 2063/1811/3128
f 2054/1806/3165 1993/1760/3165 2094/1835/3165
f 2042/1790/3166 1965/1708/3055 2096/1814/3134
f 2104/1809/3123 2044/1710/2972 2065/1793/3093
f 2106/1821/3167 1955/1739/3044 2077/1776/3068
f 2066/1673/2916 1995/1702/2963 2086/1836/3168
f 2019/1763/3053 2067/1796/3099 2114/1827/3155
f 2109/1772/3063 2039/1713/2975 2088/1837/3169
f 2031/1780/3072 2020/1759/3048 2093/1838/3170
f 1775/1535/2703 1947/1683/2937 2249/1813/3133
f 2099/1820/3146 2061/1808/3122 2100/1839/3171
f 2061/1808/3122 2076/1840/3172 2100/1839/3171
f 2049/1791/3091 2062/1816/3137 2101/1841/3173
f 2147/1842/3174 2050/1755/3043 1991/1733/3009
f 2039/1713/2975 2060/1757/3046 2128/1831/3161
f 2012/1758/3047 2031/1780/3072 2093/1838/3170
f 2094/1835/3175 1993/1760/3050 2118/1807/3120
f 2091/1690/3176 1953/1691/3142 2097/1819/3144
f 2097/1819/3145 2027/1719/2983 2098/1843/3177
f 37/1774/3067 2064/1802/3108 2099/1820/3146
f 2076/1840/3172 2061/1808/3122 2049/1791/3091
f 2101/1841/3173 2062/1816/3137 2142/1844/3178
f 2062/1816/3137 2056/1792/3092 2131/1845/3179
f 2056/1792/3092 2014/1750/3034 2136/1846/3180
f 1978/1737/3019 2015/1715/2977 2102/1829/3159
f 2065/1793/3093 2073/1810/3124 2125/1847/3181
f 2147/1842/3174 2125/1847/3181 2073/1810/3124
f 1935/1682/2934 2075/1804/3111 2060/1757/3046
f 2093/1838/3170 2020/1759/3048 2122/1834/3164
f 1988/1745/3182 2090/1828/3183 2000/1754/3184
f 2054/1806/3185 2094/1835/3185 2117/1848/3185
f 2027/1719/3028 2135/1720/2986 2098/1843/3186
f 2008/1700/2961 1911/1644/2899 2170/1849/3187
f 2083/1773/3121 2103/1787/3085 2140/1850/3188
f 2140/1850/3189 2103/1787/3151 2037/1721/2987
f 2084/1731/3018 2120/1801/3107 2047/1764/3056
f 37/1774/3067 2099/1820/3146 2145/1851/3190
f 2076/1840/3172 2049/1791/3091 2101/1841/3173
f 2014/1750/3034 2102/1829/3159 2136/1846/3180
f 2125/1847/3181 2104/1809/3123 2065/1793/3093
f 2073/1810/3124 2050/1755/3043 2147/1842/3174
f 2108/1852/3191 2113/1803/3110 2074/1817/3138
f 2074/1817/3138 2078/1825/3153 2121/1853/3192
f 2081/1800/3106 2045/1788/3086 2114/1827/3155
f 2068/1729/2999 2148/1854/3193 2067/1796/3099
f 2088/1837/3169 2039/1713/2975 2128/1831/3161
f 2090/1828/3156 2054/1806/3158 2117/1848/3194
f 39/1634/2858 2041/1761/3051 2156/1855/3195
f 2152/1856/3196 2131/1845/3179 2056/1792/3092
f 2015/1715/2977 2104/1809/3123 2102/1829/3159
f 2023/1770/3095 2105/1857/3197 2022/1769/3060
f 2126/1830/3160 36/1798/3104 2113/1803/3110
f 2087/1799/3105 2080/1783/3075 2079/1826/3154
f 2067/1796/3099 2148/1854/3193 2114/1827/3155
f 2068/1729/2999 2109/1772/3063 2148/1854/3193
f 2144/1858/3198 2069/1805/3112 2129/1859/3199
f 2000/1754/3115 2123/1818/3200 2035/1785/3113
f 2118/1807/3120 2032/1786/3084 2184/1860/3201
f 2042/1790/3166 2096/1814/3134 2185/1861/3202
f 2147/1842/3174 1991/1733/3009 2022/1769/3060
f 2107/1794/3097 2005/1751/3035 2126/1830/3160
f 2127/1862/3203 2078/1825/3153 2079/1826/3154
f 2079/1826/3154 2080/1783/3075 2033/1795/3098
f 2110/1832/3162 2089/1823/3149 2164/1863/3204
f 2006/1753/3038 2082/1730/3000 2155/1864/3205
f 2082/1730/3000 1970/1714/3001 2155/1864/3205
f 2069/1805/3112 2123/1818/3139 2129/1859/3199
f 2195/1865/3206 39/1634/2858 2156/1855/3195
f 2099/1820/3146 2100/1839/3171 2145/1851/3190
f 2152/1856/3196 2056/1792/3092 2136/1846/3180
f 2022/1769/3060 2105/1857/3197 2147/1842/3174
f 2108/1852/3191 2074/1817/3138 2121/1853/3192
f 1970/1714/3088 2115/1833/3163 2155/1864/3207
f 2115/1833/3163 2012/1758/3047 2093/1838/3170
f 2116/1866/3208 2000/1754/3184 2090/1828/3183
f 2032/1786/3084 2026/1667/2907 2040/1781/3073
f 2091/1690/2949 2167/1867/3209 2096/1814/3141
f 2139/1868/3210 2097/1819/3145 2098/1843/3177
f 2084/1731/3005 37/1815/3136 2212/1869/3211
f 37/1815/3212 2237/1870/3213 2212/1869/3213
f 2076/1840/3172 2101/1841/3173 2100/1839/3171
f 2100/1839/3171 2101/1841/3173 2141/1871/3214
f 2142/1844/3178 2062/1816/3137 2124/1872/3215
f 2062/1816/3137 2131/1845/3179 2124/1872/3215
f 2131/1845/3179 2152/1856/3196 35/1873/3216
f 2003/1740/3125 2133/1874/3217 2023/1770/3126
f 2133/1874/3218 2003/1740/3020 2106/1821/3147
f 2121/1853/3192 2078/1825/3153 2127/1862/3203
f 2114/1827/3219 2148/1854/3220 2161/1875/3221
f 2161/1875/3221 2148/1854/3220 2138/1876/3222
f 1992/1742/3022 2053/1789/3087 2180/1877/3223
f 2032/1786/3084 2040/1781/3073 2184/1860/3201
f 37/1774/3067 2145/1851/3190 2237/1878/3224
f 2101/1841/3173 2142/1844/3178 2141/1871/3214
f 2131/1845/3179 35/1873/3216 2130/1879/3225
f 2033/1795/3098 2081/1800/3106 2160/1880/3226
f 2160/1880/3226 2081/1800/3106 2114/1827/3155
f 2053/1789/3087 2006/1753/3038 2155/1864/3205
f 2093/1838/3170 2122/1834/3164 2149/1881/3227
f 2122/1834/3164 2063/1811/3128 34/1882/3228
f 2144/1858/3229 2111/1812/3230 2069/1805/3132
f 2202/1883/3231 2123/1818/3200 2000/1754/3232
f 2156/1855/3233 2041/1761/3089 2042/1790/3090
f 2091/1690/3176 2097/1819/3144 2134/1884/3234
f 2170/1849/3187 1911/1644/2899 1971/1684/2938
f 2131/1845/3179 2130/1879/3225 2124/1872/3215
f 2104/1809/3123 2125/1847/3181 2146/1885/3235
f 2105/1857/3236 2023/1770/3126 2133/1874/3217
f 2126/1830/3160 2113/1803/3110 2153/1886/3237
f 2127/1862/3203 2079/1826/3154 2033/1795/3098
f 2128/1831/3161 2075/1804/3111 2154/1887/3238
f 2164/1863/3204 2089/1823/3149 2030/1784/3076
f 2030/1784/3076 1992/1742/3022 2200/1888/3239
f 2158/1889/3240 2141/1871/3214 2159/1890/3241
f 2141/1871/3214 2142/1844/3178 2159/1890/3241
f 2142/1844/3178 2124/1872/3215 2151/1891/3242
f 2143/1892/3243 2102/1829/3159 2104/1809/3123
f 2107/1794/3097 2126/1830/3160 2004/1735/3012
f 2153/1886/3237 2113/1803/3110 2108/1852/3191
f 2160/1880/3226 2127/1862/3203 2033/1795/3098
f 2156/1855/3233 2042/1790/3090 2157/1893/3244
f 2134/1884/3245 2097/1819/3145 2139/1868/3210
f 2168/1894/3246 2145/1851/3190 2100/1839/3171
f 2100/1839/3171 2141/1871/3214 2158/1889/3240
f 2159/1890/3241 2142/1844/3178 2151/1891/3242
f 2136/1846/3180 2102/1829/3159 2143/1892/3243
f 2085/1822/3148 2066/1673/2956 2189/1895/3247
f 2086/1824/3152 2004/1735/3070 2213/1896/3248
f 2160/1880/3249 2114/1827/3219 2175/1897/3250
f 2109/1772/3063 2209/1898/3251 2148/1854/3193
f 2110/1832/3162 2154/1887/3238 2075/1804/3111
s 0
f 2202/1883/3252 2000/1754/3252 2116/1866/3252
s 1
f 2042/1790/3166 2185/1861/3202 2157/1893/3253
f 2216/1899/3254 1971/1684/2938 2083/1773/3066
f 2140/1850/3189 2037/1721/2987 2179/1900/3255
f 2084/1731/3018 2212/1869/3256 2120/1801/3107
f 2163/1901/3257 2133/1874/3218 2106/1821/3147
f 2282/1902/3258 2028/1777/3069 1666/1390/2455
f 2038/1717/2993 2051/1797/3100 2092/1903/3259
f 2053/1789/3087 2155/1864/3205 2180/1877/3223
f 2169/1904/3260 2115/1833/3163 2093/1838/3170
f 2290/1905/3261 2098/1843/3186 2135/1720/2986
f 2237/1878/3224 2145/1851/3190 2168/1894/3246
f 2168/1894/3246 2100/1839/3171 2158/1889/3240
f 2152/1856/3196 2136/1846/3180 2205/1906/3262
f 2143/1892/3243 2104/1809/3123 2146/1885/3235
f 2189/1895/3263 2066/1673/2916 2086/1836/3168
f 2209/1898/3251 2109/1772/3063 2088/1837/3169
f 2164/1863/3204 2030/1784/3076 2200/1888/3239
f 2180/1877/3223 2155/1864/3205 2221/1907/3264
f 2155/1864/3205 2115/1833/3163 2169/1904/3260
f 2122/1834/3164 2162/1908/3265 2149/1881/3227
f 2201/1909/3266 2122/1834/3164 2176/1910/3267
f 1926/1619/2840 2249/1813/3133 2150/1782/3074
f 2167/1867/3268 2091/1690/3176 2134/1884/3234
f 2226/1911/3269 2120/1801/3107 2212/1869/3256
f 2159/1890/3241 2151/1891/3242 2192/1912/3270
f 2163/1901/3271 2106/1821/3167 2077/1776/3068
f 2194/1913/3272 2161/1875/3273 2138/1876/3274
f 2176/1910/3275 2122/1834/3164 34/1882/3228
f 1947/1683/2937 39/1634/2858 2195/1865/3206
f 2179/1900/3276 2037/1721/3135 2203/1914/3277
f 2171/1915/3278 35/1873/3216 2152/1856/3196
f 2205/1906/3262 2136/1846/3180 2172/1916/3279
f 2029/1578/3280 2085/1822/3281 2051/1797/3103
f 2004/1735/3012 2126/1830/3160 2153/1886/3237
f 2114/1827/3219 2161/1875/3221 2175/1897/3250
f 1992/1742/3022 2180/1877/3223 2200/1888/3239
f 2093/1838/3170 2149/1881/3227 2169/1904/3260
f 2162/1908/3265 2122/1834/3164 2201/1909/3266
f 34/1882/3228 2063/1811/3128 2111/1812/3129
f 2260/1917/3282 2116/1866/3283 2090/1828/3156
f 2236/1918/3284 2094/1835/3175 2118/1807/3120
f 2083/1773/3121 2140/1850/3188 2178/1919/3285
f 2183/1920/3286 2158/1889/3240 2159/1890/3241
f 2159/1890/3241 2192/1912/3270 2204/1921/3287
f 2151/1891/3242 2124/1872/3215 2192/1912/3270
f 2171/1915/3278 2152/1856/3196 2205/1906/3262
f 2121/1853/3192 2127/1862/3203 2199/1922/3288
f 2209/1898/3251 2088/1837/3169 2128/1831/3161
s 0
f 2117/1848/3289 2094/1835/3289 2236/1918/3289
s 1
f 2262/1923/3290 2118/1807/3120 2184/1860/3201
f 2203/1914/3277 2037/1721/3135 2120/1801/3107
f 2159/1890/3241 2204/1921/3287 2183/1920/3286
f 2160/1880/3249 2175/1897/3250 2227/1924/3291
s 0
f 2129/1859/3292 2123/1818/3292 2202/1883/3292
s 1
f 2262/1923/3290 2184/1860/3201 2040/1781/3073
f 2096/1814/3141 2215/1925/3293 2185/1861/3294
f 2237/1878/3224 2168/1894/3246 2182/1926/3295
f 2192/1912/3270 2124/1872/3215 2130/1879/3225
f 2172/1916/3279 2136/1846/3180 2143/1892/3243
f 2207/1927/3296 2105/1857/3236 2133/1874/3217
f 2127/1862/3203 2160/1880/3226 2199/1922/3288
f 2148/1854/3220 2209/1898/3297 2138/1876/3298
s 0
f 34/1882/3299 2111/1812/3299 2144/1858/3299
s 1
f 2222/1928/3300 2202/1883/3301 2116/1866/3302
f 2260/1917/3282 2090/1828/3156 2117/1848/3194
f 2179/1900/3255 2178/1919/3303 2140/1850/3189
f 2153/1886/3304 2108/1852/3305 2199/1922/3306
f 2121/1853/3192 2199/1922/3288 2108/1852/3191
f 2199/1922/3307 2160/1880/3249 2227/1924/3291
f 2236/1918/3284 2118/1807/3120 2230/1929/3308
f 2120/1801/3107 2226/1911/3269 2203/1914/3277
f 2158/1889/3240 2183/1920/3286 2168/1894/3246
f 35/1873/3216 2218/1930/3309 2130/1879/3225
f 2172/1916/3279 2143/1892/3243 2219/1931/3310
f 2147/1842/3174 2105/1857/3197 2233/1932/3311
f 2197/1933/3312 2163/1901/3271 2077/1776/3068
f 2154/1887/3238 2110/1832/3162 2234/1934/3313
f 2110/1832/3162 2164/1863/3204 2228/1935/3314
s 0
f 2156/1855/3315 2157/1893/3315 2196/1936/3315
s 1
f 2168/1894/3246 2183/1920/3286 2182/1926/3295
f 2204/1921/3287 2192/1912/3270 2239/1937/3316
f 35/1873/3216 2171/1915/3278 2224/1938/3317
f 2224/1938/3317 2171/1915/3278 2205/1906/3262
f 2125/1847/3181 2147/1842/3174 2206/1939/3318
f 2077/1776/3096 2028/1777/3109 2197/1933/3319
f 2197/1933/3319 2028/1777/3109 2282/1902/3320
f 2213/1896/3321 2004/1735/3012 2153/1886/3237
f 2221/1907/3264 2155/1864/3205 2169/1904/3260
f 2144/1858/3198 2129/1859/3199 2229/1940/3322
s 0
f 2157/1893/3323 2185/1861/3323 2215/1925/3323
s 1
f 2290/1905/3261 2139/1868/3324 2098/1843/3186
f 2170/1849/3187 1971/1684/2938 2216/1899/3254
f 2182/1926/3295 2183/1920/3286 2223/1941/3325
f 2193/1942/3326 2038/1717/2979 2092/1903/3327
f 2175/1897/3328 2161/1875/3273 2220/1943/3329
f 2128/1831/3161 2267/1944/3330 2209/1898/3251
f 2169/1904/3260 2149/1881/3227 2210/1945/3331
f 2229/1940/3332 2129/1859/3333 2202/1883/3334
f 2260/1917/3282 2117/1848/3194 2283/1946/3335
f 2230/1929/3308 2118/1807/3120 2262/1923/3290
f 2211/1947/3336 2216/1899/3254 2083/1773/3066
f 2245/1948/3337 2178/1919/3303 2179/1900/3255
f 2226/1911/3269 2212/1869/3256 33/1949/3338
f 2183/1920/3286 2204/1921/3287 2239/1937/3316
f 2192/1912/3270 2130/1879/3225 2240/1950/3339
f 2206/1939/3340 2147/1842/3174 2233/1932/3311
f 2220/1943/3329 2161/1875/3273 2194/1913/3272
s 0
f 2176/1910/3341 34/1882/3341 2144/1858/3341
s 1
f 2195/1865/3206 2156/1855/3195 2369/1951/3342
f 2203/1914/3277 2226/1911/3269 33/1949/3338
f 2130/1879/3225 2218/1930/3309 2240/1950/3339
f 2219/1931/3310 2205/1906/3262 2172/1916/3279
f 2207/1927/3343 2133/1874/3218 2163/1901/3257
f 2051/1797/3103 2085/1822/3281 2277/1952/3344
f 2213/1896/3345 2153/1886/3304 2199/1922/3306
f 2227/1924/3346 2175/1897/3328 2220/1943/3329
s 0
f 2138/1876/3347 2209/1898/3347 2292/1953/3347
s 1
f 2228/1935/3314 2164/1863/3204 2235/1954/3348
f 2164/1863/3204 2200/1888/3239 2235/1954/3348
s 0
f 2225/1955/3349 2202/1883/3349 2222/1928/3349
s 1
f 2116/1866/3302 2260/1917/3350 2222/1928/3351
s 0
f 2117/1848/3352 2236/1918/3352 2283/1946/3352
s 1
f 2322/1956/3353 2139/1868/3324 2290/1905/3261
f 2178/1919/3285 2211/1947/3354 2083/1773/3121
f 2223/1941/3325 2183/1920/3286 2239/1937/3316
f 2239/1937/3316 2192/1912/3270 2240/1950/3339
f 2240/1950/3339 2218/1930/3309 2246/1957/3355
f 2232/1958/3356 2247/1959/3357 2218/1930/3309
f 2218/1930/3309 35/1873/3216 2224/1938/3317
f 2219/1931/3310 2143/1892/3243 2146/1885/3235
f 2146/1885/3235 2125/1847/3181 2206/1939/3318
f 2335/1960/3358 2105/1857/3236 2207/1927/3296
f 2092/1903/3259 2051/1797/3100 2277/1952/3359
f 2234/1934/3313 2110/1832/3162 2228/1935/3314
f 2229/1940/3332 2202/1883/3334 2225/1955/3360
f 2156/1855/3195 2196/1936/3361 2369/1951/3342
f 2237/1878/3224 2182/1926/3295 2238/1961/3362
f 2182/1926/3295 2223/1941/3325 2238/1961/3362
f 2128/1831/3161 2154/1887/3238 2267/1944/3330
f 2210/1945/3331 2200/1888/3363 2180/1877/3223
f 2210/1945/3331 2180/1877/3223 2221/1907/3264
f 2221/1907/3264 2169/1904/3260 2210/1945/3331
f 2176/1910/3364 2144/1858/3365 2229/1940/3322
f 2249/1813/3133 1947/1683/2937 2195/1865/3206
s 0
f 2157/1893/3366 2215/1925/3366 2243/1962/3366
s 1
f 2135/1720/2986 2254/1963/3367 2290/1905/3261
f 2244/1964/3368 2211/1947/3354 2178/1919/3285
f 2218/1930/3309 2247/1959/3357 2246/1957/3355
f 2224/1938/3317 2205/1906/3262 2265/1965/3369
f 2307/1966/3370 2207/1927/3343 2163/1901/3257
f 1666/1390/2455 2024/1771/3062 2282/1902/3258
f 2292/1953/3371 2209/1898/3372 2267/1944/3373
f 2223/1941/3325 2239/1937/3316 2251/1967/3374
f 2263/1968/3375 2239/1937/3376 2252/1969/3377
f 2240/1950/3339 2246/1957/3355 2255/1970/3378
f 2057/1734/3011 2038/1717/2979 2193/1942/3326
f 2194/1913/3379 2258/1971/3380 2241/1972/3381
f 2258/1971/3382 2194/1913/3272 2138/1876/3274
f 2223/1941/3325 2251/1967/3374 2238/1961/3362
s 0
f 2251/1967/3383 2239/1937/3383 2263/1968/3383
s 1
f 2105/1857/3236 2335/1960/3358 2233/1932/3384
f 2189/1895/3263 2086/1836/3168 2213/1973/3385
f 2220/1943/3386 2194/1913/3379 2257/1974/3387
f 2194/1913/3379 2241/1972/3381 2278/1975/3388
f 2258/1971/3389 2138/1876/3390 2292/1953/3391
f 2215/1925/3293 2096/1814/3141 2167/1867/3209
f 2254/1963/3367 2135/1720/2986 2008/1700/2961
f 2008/1700/2961 2170/1849/3187 2254/1963/3367
s 0
f 2212/1976/3392 2237/1878/3392 2238/1961/3392
s 1
f 2253/1977/3393 2252/1969/3393 2239/1937/3393
f 2247/1959/3357 2232/1958/3356 2264/1978/3394
f 2299/1979/3395 2218/1930/3309 2224/1938/3317
f 2205/1906/3262 2219/1931/3310 2265/1965/3369
s 0
f 2199/1922/3396 2266/1980/3396 2213/1896/3396
s 1
f 2266/1980/3397 2199/1922/3398 2227/1924/3399
f 2278/1975/3388 2257/1974/3387 2194/1913/3379
f 2149/1881/3227 2162/1908/3265 2210/1945/3331
f 2283/1946/3400 2236/1918/3400 2230/1929/3400
f 2134/1884/3401 2139/1868/3402 2270/1981/3401
f 2170/1849/3187 2216/1899/3254 2211/1947/3336
f 2244/1964/3403 2178/1919/3303 2245/1948/3337
f 2179/1900/3276 2203/1914/3277 2250/1982/3404
s 0
f 2291/1983/3405 2252/1969/3405 2253/1977/3405
s 1
f 2255/1970/3378 2239/1937/3316 2240/1950/3339
f 2264/1978/3394 2246/1957/3355 2247/1959/3357
f 2146/1885/3235 2206/1939/3318 2219/1931/3310
s 0
f 2213/1973/3406 2266/1984/3406 2189/1895/3406
s 1
f 2227/1924/3346 2220/1943/3329 2256/1985/3407
f 2256/1985/3408 2220/1943/3386 2257/1974/3387
f 2200/1888/3363 2210/1945/3331 2274/1986/3409
f 2040/1781/3073 2275/1987/3410 2262/1923/3290
f 2196/1936/3411 2157/1893/3412 2243/1962/3413
f 2215/1925/3293 2167/1867/3209 2276/1988/3414
f 2294/1989/3415 2170/1849/3187 2211/1947/3336
f 2279/1990/3416 2255/1970/3378 2246/1957/3355
f 2264/1978/3394 2232/1958/3356 2272/1991/3417
f 2230/1929/3418 2262/1923/3290 2269/1992/3419
s 0
f 2167/1867/3420 2134/1884/3420 2243/1962/3420
s 1
f 2245/1948/3421 2179/1900/3422 2250/1982/3423
s 0
f 2272/1991/3424 2232/1958/3424 2218/1930/3424
s 1
f 2277/1952/3344 2085/1822/3148 2189/1895/3247
f 2266/1980/3397 2227/1924/3399 2256/1985/3425
f 2040/1781/3073 2150/1782/3074 2275/1987/3410
f 2347/1993/3426 2245/1948/3421 2250/1982/3423
f 2263/1968/3375 2252/1969/3377 2291/1983/3427
f 2246/1957/3355 2264/1978/3394 2279/1990/3416
f 2299/1979/3395 2272/1991/3417 2218/1930/3309
f 2295/1994/3428 2219/1931/3310 2206/1939/3318
f 2092/1903/3259 2277/1952/3359 2303/1995/3429
f 2278/1975/3430 2241/1972/3431 2273/1996/3432
f 2267/1944/3373 2280/1997/3433 2292/1953/3371
f 2196/1936/3411 2243/1962/3413 2293/1998/3434
s 0
f 2286/1999/3435 2251/1967/3435 2263/1968/3435
s 1
f 2287/2000/3436 2255/1970/3378 2279/1990/3416
f 2279/1990/3416 2264/1978/3394 2272/1991/3417
s 0
f 2256/1985/3437 2257/1974/3437 2296/2001/3437
s 1
f 2376/2002/3438 2278/1975/3430 2273/1996/3432
f 2270/1981/3439 2139/1868/3324 2322/1956/3353
f 2263/1968/3375 2291/1983/3440 2330/2003/3441
f 2219/1931/3310 2295/1994/3428 2265/1965/3369
f 2267/1944/3330 2154/1887/3238 2280/1997/3442
f 2280/1997/3442 2154/1887/3238 2234/1934/3313
f 2176/1910/3364 2229/1940/3322 2331/2004/3443
s 0
f 2331/2004/3444 2229/1940/3444 2225/1955/3444
s 1
f 2369/1951/3342 2196/1936/3445 2293/1998/3446
f 2243/1962/3447 2215/1925/3447 2276/1988/3447
s 0
f 2263/1968/3448 2330/2003/3448 2286/1999/3448
s 1
f 2253/1977/3449 2239/1937/3316 2310/2005/3450
f 2307/1966/3451 2163/1901/3271 2197/1933/3312
f 2193/1942/3326 2092/1903/3327 2303/1995/3452
s 0
f 2277/1952/3453 2189/1895/3453 2266/1984/3453
s 1
f 2257/1974/3454 2278/1975/3430 2298/2006/3455
f 2278/1975/3430 2376/2002/3438 2298/2006/3455
f 2273/1996/3432 2241/1972/3431 2304/2007/3456
f 2321/2008/3457 2259/2009/3458 2316/2010/3459
f 2289/2011/3460 2201/1909/3266 2176/1910/3267
f 2225/1955/3461 2222/1928/3462 2300/2012/3463
f 2222/1928/3464 2260/1917/3465 2317/2013/3466
s 0
f 2276/1988/3467 2167/1867/3467 2243/1962/3467
f 2243/1962/3468 2134/1884/3468 2270/1981/3468
s 1
f 2238/1961/3362 2251/1967/3374 2286/1999/3469
f 2255/1970/3378 2287/2000/3436 2348/2014/3470
f 2299/1979/3395 2224/1938/3317 2265/1965/3369
f 2296/2001/3471 2257/1974/3454 2297/2015/3472
s 0
f 2298/2006/3473 2376/2002/3473 2297/2015/3473
s 1
f 2235/1954/3348 2200/1888/3363 2274/1986/3409
f 2162/1908/3265 2259/2009/3458 2321/2008/3457
f 2162/1908/3265 2201/1909/3266 2302/2016/3474
s 0
f 2283/1946/3475 2230/1929/3475 2269/1992/3475
s 1
f 33/1949/3338 2250/1982/3404 2203/1914/3277
f 2197/1933/3319 2282/1902/3320 2315/2017/3476
f 2297/2015/3477 2257/1974/3454 2298/2006/3455
s 0
f 2259/2009/3478 32/2018/3478 2316/2010/3478
s 1
f 2301/2019/3479 32/2018/3480 2305/2020/3481
s 0
f 2277/1952/3482 2266/1984/3482 2303/1995/3482
s 1
f 2296/2001/3483 2266/1980/3484 2256/1985/3485
f 2258/1971/3380 2304/2007/3486 2241/1972/3381
f 2302/2016/3474 2259/2009/3458 2162/1908/3265
f 2348/2014/3470 2287/2000/3436 2279/1990/3416
f 2307/1966/3451 2197/1933/3312 2315/2017/3487
f 2057/1734/3011 2323/2021/3488 1967/1716/2978
f 2327/2022/3489 2258/1971/3490 2292/1953/3491
f 2292/1953/3492 2280/1997/3493 2377/2023/3494
f 2212/1976/3256 2238/1961/3362 2286/1999/3469
f 2253/1977/3495 2309/2024/3496 2291/1983/3497
f 2253/1977/3498 2310/2005/3499 2309/2024/3496
f 2279/1990/3416 2272/1991/3417 2326/2025/3500
f 2272/1991/3417 2299/1979/3395 2326/2025/3500
f 2311/2026/3501 2235/1954/3348 2274/1986/3409
f 2274/1986/3409 2210/1945/3331 2352/2027/3502
f 2352/2027/3502 2210/1945/3331 2321/2008/3457
f 2210/1945/3331 2162/1908/3265 2321/2008/3457
f 2312/2028/3503 32/2018/3504 2259/2009/3505
f 2313/2029/3506 2317/2013/3507 2260/1917/3508
f 2314/2030/3509 2249/1813/3133 2195/1865/3206
f 33/1949/3338 2212/1869/3256 2286/2031/3469
f 2255/1970/3378 2348/2014/3470 2239/1937/3316
f 2239/1937/3316 2348/2014/3470 2310/2005/3450
f 2295/1994/3510 2206/1939/3340 2334/2032/3511
f 2206/1939/3340 2233/1932/3311 2334/2032/3511
s 0
f 2303/1995/3512 2266/1984/3512 2320/2033/3512
s 1
f 2320/2034/3513 2266/1980/3484 2296/2001/3514
f 2324/2035/3515 32/2018/3516 2301/2019/3479
f 2305/2020/3481 32/2018/3480 2312/2028/3517
f 2312/2028/3518 2259/2009/3519 2302/2016/3520
f 2300/2012/3521 2222/1928/3464 2317/2013/3466
f 2260/1917/3282 2283/1946/3335 2313/2029/3506
f 31/2036/3522 2262/1923/3290 2275/1987/3410
f 2327/2022/3489 2292/1953/3491 2377/2023/3494
f 2318/2037/3523 2262/1923/3290 31/2036/3522
f 2293/1998/3524 2243/1962/3524 2270/1981/3524
f 2348/2014/3470 2279/1990/3416 2326/2025/3500
f 2334/2032/3525 2233/1932/3384 2335/1960/3358
f 2234/1934/3313 2228/1935/3314 2361/2038/3526
f 2361/2038/3526 2235/1954/3348 2338/2039/3527
s 0
f 2316/2010/3528 32/2018/3528 2324/2035/3528
f 2283/1946/3529 2269/1992/3529 2313/2029/3529
s 1
f 2329/2040/3530 2211/1947/3354 2244/1964/3368
f 2057/1734/3011 2193/1942/3326 2323/2021/3488
f 2228/1935/3314 2235/1954/3348 2361/2038/3526
f 2380/2041/3531 2294/1989/3415 2211/1947/3336
f 2330/2003/3441 2291/1983/3440 2309/2024/3532
f 2299/1979/3395 2265/1965/3369 2360/2042/3533
f 2207/1927/3343 2307/1966/3370 2335/1960/3534
f 2258/1971/3380 2327/2022/3535 2304/2007/3486
f 2338/2039/3527 2235/1954/3348 2311/2026/3501
f 2339/2043/3536 2321/2008/3457 2316/2010/3459
f 2301/2019/3479 2305/2020/3481 30/2044/3537
f 2341/2045/3538 30/2044/3537 2305/2020/3481
f 2314/2030/3509 2195/1865/3206 2369/1951/3342
f 2282/1902/3258 2024/1771/3062 2355/2046/3539
s 0
f 2280/1997/3540 2378/2047/3540 2377/2023/3540
s 1
f 2352/2027/3502 2311/2026/3501 2274/1986/3409
f 2201/1909/3266 2289/2011/3460 2383/2048/3541
f 2269/1992/3419 2262/1923/3290 2318/2037/3523
s 0
f 2384/2049/3542 31/2036/3542 2275/1987/3542
s 1
f 2380/2041/3543 2211/1947/3354 2329/2040/3530
f 2244/1964/3403 2245/1948/3337 2329/2040/3544
f 33/1949/3338 2286/2031/3469 2353/2050/3545
f 2327/2022/3489 2377/2023/3494 2337/2051/3546
f 2280/1997/3547 2234/1934/3313 2378/2047/3548
f 2324/2035/3515 2301/2019/3479 2340/2052/3549
f 2341/2045/3538 2305/2020/3481 2312/2028/3517
f 2275/1987/3410 2150/1782/3074 2346/2053/3550
f 2315/2017/3476 2282/1902/3320 2355/2046/3551
f 2234/1934/3313 2361/2038/3526 2378/2047/3548
f 2366/2054/3552 2331/2004/3553 2225/1955/3554
f 2300/2012/3463 2366/2054/3555 2225/1955/3461
f 2384/2049/3556 2275/1987/3557 2385/2055/3558
f 2270/1981/3439 2322/1956/3353 2293/1998/3446
f 2294/1989/3415 2254/1963/3367 2170/1849/3187
f 2347/1993/3559 2329/2040/3544 2245/1948/3337
f 2250/1982/3404 33/1949/3338 2353/2050/3545
f 2286/1999/3560 2330/2003/3561 2381/2056/3562
f 2265/1965/3369 2295/1994/3428 2375/2057/3563
s 0
f 2316/2010/3564 2324/2035/3564 2339/2043/3564
s 1
f 2289/2011/3565 2176/1910/3364 2331/2004/3443
s 0
f 2324/2035/3566 2340/2052/3566 2339/2043/3566
s 1
f 2340/2052/3549 2301/2019/3479 2344/2058/3567
s 0
f 2312/2028/3568 2302/2016/3568 2345/2059/3568
s 1
f 2350/2060/3569 2310/2005/3570 2348/2014/3470
f 2326/2025/3500 2299/1979/3395 2343/2061/3571
f 2269/1992/3419 2318/2037/3523 2359/2062/3572
f 2024/1771/3062 1967/1716/2978 2355/2046/3539
f 2304/2007/3573 2327/2022/3535 2393/2063/3574
f 2150/1782/3074 2314/2030/3509 2346/2053/3550
f 2357/2064/3575 2348/2014/3576 2392/2065/3577
f 2348/2014/3576 2326/2025/3578 2392/2065/3577
s 0
f 2326/2025/3579 2343/2061/3579 2351/2066/3579
s 1
f 2295/1994/3510 2334/2032/3511 2375/2057/3580
f 2317/2013/3507 2313/2029/3506 2358/2067/3581
f 2314/2030/3509 2150/1782/3074 2249/1813/3133
f 2360/2042/3533 2265/1965/3369 2375/2057/3563
f 2355/2046/3539 1967/1716/2978 2363/2068/3582
f 2341/2045/3538 2312/2028/3517 2345/2059/3583
s 0
f 2269/1992/3584 2359/2062/3584 2373/2069/3584
s 1
f 2392/2065/3577 2326/2025/3578 2351/2066/3585
f 2354/2070/3586 2335/1960/3534 2307/1966/3370
f 2303/1995/3587 2320/2033/3588 2193/1942/3589
s 0
f 2304/2007/3590 2393/2063/3590 2356/2071/3590
s 1
f 2301/2019/3479 30/2044/3537 2344/2058/3567
f 27/2072/3591 30/2044/3537 2341/2045/3538
f 2300/2012/3521 2317/2013/3466 2413/2073/3592
f 2313/2029/3593 2269/1992/3594 2358/2067/3595
f 2357/2064/3575 2350/2060/3596 2348/2014/3576
f 2296/2001/3597 2297/2015/3598 2414/2074/3599
f 2340/2052/3549 2344/2058/3567 2379/2075/3600
f 2286/1999/3560 2381/2056/3562 2422/2076/3601
s 0
f 2309/2024/3602 2310/2005/3602 2350/2060/3602
s 1
f 2354/2070/3586 2307/1966/3370 2410/2077/3603
f 2302/2016/3604 2201/1909/3266 2365/2078/3605
f 2418/2079/3606 2289/2011/3565 2331/2004/3443
f 2317/2013/3507 2358/2067/3581 2413/2073/3607
f 2358/2067/3595 2269/1992/3594 2373/2069/3608
f 2374/2080/3609 2318/2037/3523 31/2036/3522
f 31/2036/3522 2367/2081/3610 2374/2080/3609
f 2290/1905/3261 2254/1963/3367 2408/2082/3611
f 2368/2083/3612 2347/1993/3426 2250/1982/3423
f 2381/2056/3613 2330/2003/3441 2309/2024/3532
s 0
f 2309/2024/3614 2350/2060/3614 2357/2064/3614
s 1
f 2393/2063/3574 2327/2022/3535 2337/2051/3615
f 2290/1905/3261 2408/2082/3611 2322/1956/3353
f 2433/2084/3616 2380/2041/3543 2329/2040/3530
f 2375/2057/3580 2334/2032/3511 29/2085/3617
f 2334/2032/3525 2335/1960/3358 29/2085/3618
f 2273/1996/3619 2304/2007/3620 2371/2086/3621
s 0
f 2406/2087/3622 2345/2059/3622 2302/2016/3622
s 1
f 2372/2088/3623 2418/2079/3606 2331/2004/3443
f 31/2036/3624 2384/2049/3625 2367/2081/3626
f 2369/1951/3342 2293/1998/3446 2407/2089/3627
f 2250/1982/3404 2353/2050/3545 2368/2083/3628
f 2309/2024/3532 2357/2064/3629 2381/2056/3613
s 0
f 2343/2061/3630 2299/1979/3630 2405/2090/3630
s 1
f 2378/2047/3548 2361/2038/3526 2394/2091/3631
f 2359/2062/3572 2318/2037/3523 2374/2080/3609
f 2395/2092/3632 2380/2041/3633 2433/2084/3616
f 2353/2050/3545 2286/2031/3469 2422/2093/3634
f 2410/2077/3635 2307/1966/3451 2315/2017/3487
f 2273/1996/3619 2371/2086/3621 2376/2002/3636
f 2416/2094/3637 2338/2039/3527 2311/2026/3501
f 2339/2043/3638 2340/2052/3639 2390/2095/3640
f 2340/2052/3639 2379/2075/3641 2390/2095/3642
s 0
f 2406/2087/3643 2302/2016/3643 2365/2078/3643
s 1
f 2254/1963/3367 2294/1989/3415 2386/2096/3644
f 2304/2007/3620 2356/2071/3645 2371/2086/3621
f 2411/2097/3646 2393/2063/3574 2337/2051/3615
f 2377/2023/3647 2378/2047/3648 2388/2098/3649
f 2388/2098/3650 2378/2047/3651 2394/2091/3652
f 2402/2099/3653 27/2072/3591 2341/2045/3538
f 2341/2045/3538 2345/2059/3583 2406/2087/3654
f 2494/2100/3655 2289/2011/3565 2418/2079/3606
f 2366/2054/3555 2300/2012/3463 28/2101/3656
s 0
f 2275/1987/3657 2346/2053/3657 2385/2055/3657
s 1
f 2421/2102/3658 2368/2083/3628 2353/2050/3545
f 2320/2034/3513 2296/2001/3514 2414/2074/3659
f 2361/2038/3526 2338/2039/3527 2394/2091/3631
f 2331/2004/3553 2366/2054/3552 2372/2088/3660
f 2440/2103/3661 2384/2049/3556 2385/2055/3558
f 2337/2051/3546 2377/2023/3494 2428/2104/3662
f 2321/2008/3457 2339/2043/3663 2352/2027/3502
f 2379/2075/3641 2417/2105/3664 2390/2095/3642
f 2201/1909/3266 2383/2048/3541 2365/2078/3605
f 2407/2089/3627 2293/1998/3446 2322/1956/3353
f 2357/2064/3629 2392/2065/3665 2468/2106/3666
f 2344/2058/3567 2430/2107/3667 2379/2075/3600
f 2383/2108/3541 2289/2109/3460 2494/2110/3668
f 2254/1963/3367 2386/2096/3644 2408/2082/3611
f 2423/2111/3669 2343/2061/3670 2405/2090/3670
f 2426/2112/3671 2360/2042/3533 2375/2057/3563
f 29/2085/3672 2335/1960/3673 2354/2070/3674
f 2323/2021/3488 2193/1942/3326 2398/2113/3675
f 2411/2097/3646 2337/2051/3615 2428/2104/3676
f 2377/2023/3494 2388/2098/3677 2428/2104/3662
f 2339/2043/3663 2390/2095/3678 2352/2027/3502
f 30/2044/3537 27/2072/3591 2397/2114/3679
f 2404/2115/3680 2359/2062/3572 2374/2080/3609
f 2367/2081/3626 2384/2049/3625 2440/2103/3681
f 2407/2089/3627 2322/1956/3353 2382/2116/3682
f 2408/2082/3611 2382/2116/3682 2322/1956/3353
f 2423/2111/3683 2351/2066/3684 2343/2061/3685
f 2193/1942/3589 2320/2033/3686 2398/2113/3687
f 2297/2015/3598 2376/2002/3636 2414/2074/3599
f 2344/2058/3567 30/2044/3537 2397/2114/3679
s 0
f 2403/2117/3688 2420/2118/3688 2418/2079/3688
f 2359/2062/3689 2404/2115/3689 2373/2069/3689
s 1
f 2353/2050/3545 2422/2093/3634 2421/2102/3658
f 2311/2026/3501 2352/2027/3502 2416/2094/3637
f 2379/2075/3690 2430/2107/3691 2417/2105/3692
f 2372/2088/3660 2366/2054/3552 2435/2119/3693
f 2381/2056/3562 2434/2120/3694 2422/2076/3601
f 2381/2056/3613 2357/2064/3629 2468/2106/3666
f 2315/2017/3476 2355/2046/3551 2363/2068/3695
f 2188/2121/3696 2363/2068/3582 1967/1716/2978
s 0
f 2356/2071/3697 2393/2063/3697 2411/2097/3697
f 2394/2091/3698 2478/2122/3698 2388/2098/3698
s 1
f 2341/2045/3538 2406/2087/3654 2402/2099/3699
s 0
f 2403/2117/3700 2418/2079/3700 2372/2088/3700
s 1
f 2314/2030/3509 2369/1951/3342 2407/2089/3627
f 2386/2096/3644 2294/1989/3415 2380/2041/3531
f 2375/2057/3580 29/2085/3617 2453/2123/3701
f 2409/2124/3702 2354/2070/3586 2410/2077/3603
f 2447/2125/3703 2376/2002/3636 2371/2086/3621
f 2437/2126/3704 2433/2084/3705 2329/2040/3544
f 2299/1979/3395 2360/2042/3533 2464/2127/3706
f 2394/2091/3707 2412/2128/3708 2478/2122/3709
f 2352/2027/3502 2390/2095/3678 2489/2129/3710
f 2365/2078/3605 2383/2048/3541 2443/2130/3711
f 2405/2090/3712 2299/1979/3395 2464/2127/3706
f 2446/2131/3713 2371/2086/3621 2356/2071/3645
f 2428/2104/3662 2388/2098/3677 2490/2132/3714
f 2429/2133/3715 2394/2091/3631 2338/2039/3527
f 2429/2133/3715 2338/2039/3527 2416/2094/3637
f 2390/2095/3642 2417/2105/3664 2424/2134/3716
f 2443/2130/3717 2406/2087/3718 2365/2078/3719
f 2436/2135/3720 2386/2096/3644 2380/2041/3531
f 2329/2040/3544 2347/1993/3559 2437/2126/3704
f 2437/2126/3721 2347/1993/3426 2368/2083/3612
f 2381/2056/3613 2468/2106/3666 2434/2120/3722
f 2426/2112/3671 2375/2057/3580 2453/2123/3701
f 2412/2128/3723 2394/2091/3631 2429/2133/3715
s 0
f 26/2136/3724 2418/2079/3724 2420/2118/3724
s 1
f 2420/2118/3725 2403/2117/3726 2466/2137/3727
f 28/2101/3728 2413/2073/3592 2425/2138/3729
f 28/2101/3728 2300/2012/3521 2413/2073/3592
f 2367/2081/3610 2441/2139/3730 2374/2080/3609
f 2446/2131/3713 2356/2071/3645 2415/2140/3731
s 0
f 2415/2140/3732 2356/2071/3732 2411/2097/3732
s 1
f 2430/2107/3667 2344/2058/3567 2397/2114/3679
f 27/2072/3591 2402/2099/3653 2455/2141/3733
f 2366/2054/3555 28/2101/3656 2435/2119/3734
f 2367/2081/3626 2440/2103/3681 2441/2139/3735
f 2437/2126/3721 2368/2083/3612 2438/2142/3736
f 2468/2106/3666 2392/2065/3665 2457/2143/3737
f 2490/2132/3714 2388/2098/3677 2478/2122/3738
f 2372/2088/3660 2435/2119/3693 2448/2144/3739
f 2358/2067/3740 2373/2069/3608 2439/2145/3741
f 2373/2069/3742 2404/2115/3743 2439/2145/3744
f 2440/2103/3745 2385/2055/3746 2346/2053/3747
s 0
f 2380/2041/3748 2395/2092/3748 2436/2135/3748
s 1
f 2438/2142/3749 2368/2083/3628 2449/2146/3750
f 2449/2146/3750 2368/2083/3628 2421/2102/3658
f 2398/2113/3687 2320/2033/3686 2480/2147/3751
f 2320/2034/3752 2414/2074/3753 2480/2148/3754
f 2475/2149/3755 2417/2105/3692 2430/2107/3691
f 2494/2100/3655 2418/2079/3606 26/2136/3756
f 2403/2117/3757 2372/2088/3758 2466/2137/3759
f 2433/2084/3616 2445/2150/3760 2395/2092/3632
f 2449/2146/3750 2421/2102/3658 2422/2093/3634
f 2454/2151/3761 2410/2077/3635 2315/2017/3487
f 2315/2017/3476 2363/2068/3695 2454/2151/3762
f 2397/2114/3679 27/2072/3591 2481/2152/3763
f 2392/2065/3665 2351/2066/3684 2457/2143/3737
f 2354/2070/3586 2409/2124/3702 2450/2153/3764
f 2409/2124/3765 2410/2077/3635 2454/2151/3761
f 2376/2002/3636 2447/2125/3703 2414/2074/3766
f 2346/2053/3550 2314/2030/3509 2407/2089/3627
f 2445/2150/3767 2433/2084/3705 2437/2126/3704
f 2323/2021/3488 2398/2113/3675 2451/2154/3768
f 24/2155/3769 2411/2097/3646 2428/2104/3676
f 2456/2156/3770 2406/2087/3718 2443/2130/3717
f 26/2136/3771 2420/2118/3772 2495/2157/3773
f 2413/2073/3607 2358/2067/3581 2439/2145/3774
f 2436/2135/3775 2395/2092/3632 2445/2150/3760
f 2450/2153/3776 29/2085/3672 2354/2070/3674
f 2414/2074/3766 2447/2125/3703 2465/2158/3777
f 2402/2099/3699 2406/2087/3654 2456/2156/3778
f 2372/2088/3779 2448/2144/3780 2466/2137/3781
s 0
f 2458/2159/3782 2457/2143/3782 2459/2160/3782
s 1
f 2453/2123/3783 29/2085/3672 2450/2153/3776
f 1967/1716/2978 2323/2021/3488 2188/2121/3696
s 0
f 2415/2140/3784 2411/2097/3784 24/2155/3784
s 1
f 2390/2095/3678 2424/2134/3785 2489/2129/3710
f 2405/2090/3712 2464/2127/3706 2452/2161/3786
f 2451/2154/3787 2398/2113/3687 2480/2147/3751
f 2412/2128/3723 2429/2133/3715 2460/2162/3788
f 2430/2107/3667 2397/2114/3679 2476/2163/3789
f 2404/2115/3680 2374/2080/3609 2461/2164/3790
f 2497/2165/3791 2486/2166/3792 2407/2089/3627
f 2458/2159/3793 2459/2160/3794 2477/2167/3795
s 0
f 2463/2168/3796 2459/2160/3796 2457/2143/3796
s 1
f 2402/2099/3699 2456/2156/3778 2455/2141/3797
s 0
f 2441/2139/3798 2440/2103/3798 2346/2053/3798
s 1
f 2382/2116/3682 2408/2082/3611 2496/2169/3799
f 2463/2168/3800 2457/2143/3737 2351/2066/3684
f 2417/2105/3664 2475/2149/3801 2424/2134/3716
f 2346/2053/3550 2486/2166/3792 2441/2139/3730
s 0
f 2457/2143/3802 2458/2159/3802 2477/2167/3802
s 1
f 2459/2160/3794 2462/2170/3803 2477/2167/3795
f 2463/2168/3804 2462/2170/3805 2459/2160/3806
s 0
f 2473/2171/3807 25/2172/3807 2371/2086/3807
s 1
f 2428/2104/3676 2474/2173/3808 24/2155/3769
f 2397/2114/3679 2481/2152/3763 2476/2163/3789
f 2396/2174/3809 2374/2080/3609 2441/2139/3730
f 2346/2053/3550 2407/2089/3627 2486/2166/3792
f 2483/2175/3810 2437/2126/3721 2438/2142/3736
s 0
f 2447/2125/3811 2371/2086/3811 25/2172/3811
s 1
f 27/2072/3591 2455/2141/3733 2481/2152/3763
f 2482/2176/3812 2436/2135/3775 2445/2150/3760
f 2468/2106/3666 2457/2143/3737 2487/2177/3813
s 0
f 2457/2143/3814 2477/2167/3814 2487/2177/3814
s 1
f 2467/2178/3815 2423/2111/3816 2405/2090/3817
f 2428/2104/3818 2490/2132/3819 2474/2173/3820
f 2475/2149/3755 2430/2107/3691 2442/2179/3821
f 2495/2157/3822 2420/2118/3725 2466/2137/3727
f 2497/2165/3791 2407/2089/3627 2382/2116/3682
f 2469/2180/3823 2422/2093/3634 2349/2181/3824
f 2434/2120/3722 2468/2106/3666 2431/2182/3825
f 2463/2168/3800 2351/2066/3684 2427/2183/3826
f 2467/2178/3815 2405/2090/3817 2452/2161/3827
s 0
f 2473/2171/3828 2371/2086/3828 2471/2184/3828
s 1
f 2371/2086/3621 2446/2131/3713 2471/2184/3829
f 2484/2185/3830 2446/2131/3831 2415/2140/3832
f 2370/2186/3833 2429/2133/3715 2416/2094/3637
f 2493/2187/3834 2383/2108/3541 2494/2110/3668
f 2445/2150/3767 2437/2126/3704 2483/2175/3835
f 2422/2093/3634 2469/2180/3823 2449/2146/3750
f 2422/2076/3601 2434/2120/3694 2349/2188/3836
f 2434/2120/3694 2431/2182/3837 2349/2188/3836
f 2464/2127/3706 2360/2042/3533 2034/2189/3838
f 2484/2185/3839 2415/2140/3840 24/2155/3841
f 2478/2122/3709 2412/2128/3708 2460/2162/3842
f 2488/2190/3843 2462/2170/3844 2463/2168/3845
f 2427/2183/3826 2351/2066/3684 2423/2111/3683
f 2485/2191/3846 2453/2123/3783 2450/2153/3776
f 2499/2192/3847 2454/2151/3762 2363/2068/3695
f 2413/2073/3607 2439/2145/3774 2425/2138/3848
s 0
f 2477/2167/3849 2462/2170/3849 2488/2190/3849
s 1
f 2463/2168/3800 2427/2183/3826 2488/2190/3850
f 2498/2193/3851 2426/2112/3671 2453/2123/3701
f 2499/2192/3847 2363/2068/3695 2188/2121/3852
f 2480/2148/3754 2414/2074/3753 2500/2194/3853
f 2475/2149/3801 2442/2179/3854 2424/2134/3716
s 0
f 2455/2141/3855 2456/2156/3855 2443/2130/3855
s 1
f 2491/2195/3856 2495/2157/3822 2466/2137/3727
f 2439/2145/3857 2404/2115/3858 2461/2164/3859
f 2382/2116/3682 2496/2169/3799 2497/2165/3791
f 2386/2096/3644 2432/2196/3860 2408/2082/3611
f 2499/2192/3861 2409/2124/3765 2454/2151/3761
f 2478/2122/3709 2460/2162/3842 2400/2197/3862
f 2460/2162/3788 2429/2133/3715 2370/2186/3863
f 2430/2107/3667 2476/2163/3789 2442/2179/3864
s 0
f 2488/2190/3865 2487/2177/3865 2477/2167/3865
s 1
f 2034/2189/3838 2360/2042/3533 2426/2112/3671
f 2424/2134/3716 2442/2179/3854 2444/2198/3866
f 2498/2193/3867 2453/2123/3868 2485/2191/3869
f 23/2199/3870 2447/2125/3871 25/2172/3872
f 2495/2157/3873 2491/2195/3874 2492/2200/3875
f 2466/2137/3781 2448/2144/3780 2492/2200/3876
f 2323/2021/3488 2451/2154/3768 2500/2201/3877
f 23/2199/3878 25/2172/3872 2285/2202/3879
f 2399/2203/3880 2352/2027/3502 2489/2129/3710
f 2481/2152/3763 2455/2141/3733 2479/2204/3881
f 2491/2195/3882 2466/2137/3781 2492/2200/3876
f 2408/2082/3611 2432/2196/3860 2496/2169/3799
f 2432/2196/3883 2386/2096/3644 2436/2135/3720
s 0
f 2432/2196/3884 2436/2135/3884 2482/2176/3884
s 1
f 2472/2205/3885 2482/2176/3812 2445/2150/3760
s 0
f 2479/2204/3886 2455/2141/3886 2387/2206/3886
f 2455/2141/3887 2443/2130/3887 2387/2206/3887
s 1
f 2495/2157/3873 2492/2200/3875 26/2136/3888
f 2448/2144/3739 2435/2119/3693 2492/2200/3889
f 2487/2177/3813 2488/2190/3850 2468/2106/3666
f 2474/2173/3820 2490/2132/3819 2400/2197/3890
f 2400/2197/3891 2490/2132/3892 2478/2122/3738
f 2443/2207/3711 2383/2108/3541 2493/2187/3834
f 2034/2189/3838 2426/2112/3671 2498/2193/3851
f 2473/2171/3893 2471/2184/3894 2391/2208/3895
f 2352/2027/3502 2399/2203/3880 2416/2094/3637
f 2435/2119/3734 28/2101/3656 2419/2209/3896
f 2469/2180/3823 2438/2142/3749 2449/2146/3750
f 2484/2185/3839 24/2155/3897 2401/2210/3898
f 2401/2210/3899 24/2155/3769 2474/2173/3808
f 2419/2209/3896 28/2101/3728 2425/2138/3729
f 2472/2205/3900 2445/2150/3767 2483/2175/3835
f 2500/2201/3901 2451/2154/3787 2480/2147/3751
f 2132/2211/3902 2416/2094/3637 2399/2203/3880
s 0
f 2476/2163/3903 2481/2152/3903 2342/2212/3903
s 1
f 2497/2165/3791 2496/2169/3799 2306/2213/3904
f 2177/2214/3905 2432/2196/3906 2482/2176/3907
f 2177/2214/3908 2482/2176/3812 2472/2205/3885
f 2438/2142/3736 2470/2215/3909 2483/2175/3810
f 2469/2180/3823 2470/2215/3910 2438/2142/3749
f 2362/2216/3911 2485/2191/3846 2450/2153/3776
f 2370/2186/3833 2416/2094/3637 2132/2211/3902
s 0
f 2442/2179/3912 2476/2163/3912 2389/2217/3912
f 2389/2217/3913 2476/2163/3913 2342/2212/3913
s 1
f 2364/2218/3914 2441/2139/3730 2486/2166/3792
f 1938/2219/3915 2034/2189/3838 2498/2193/3851
f 2465/2158/3777 2447/2125/3703 23/2199/3916
s 0
f 2444/2198/3917 2442/2179/3917 2389/2217/3917
s 1
f 2342/2212/3918 2479/2204/3919 2387/2206/3920
f 2400/2197/3862 2460/2162/3842 2112/2220/3921
f 2479/2204/3919 2342/2212/3918 2481/2152/3922
f 2387/2221/3923 2443/2207/3711 2281/2222/3924
f 2427/2183/3826 2423/2111/3683 2467/2178/3925
f 2498/2193/3867 2485/2191/3869 2319/2223/3926
f 2409/2124/3765 2499/2192/3861 2333/2224/3927
f 2391/2208/3895 2271/2225/3928 2473/2171/3893
f 2112/2220/3929 2460/2162/3930 2328/2226/3931
f 2424/2134/3785 2444/2198/3932 2489/2129/3710
f 2268/2227/3933 2389/2228/3934 2342/2229/3935
f 2443/2207/3711 2493/2187/3834 2281/2222/3924
f 2493/2187/3834 2494/2110/3668 1883/2230/3936
f 2439/2145/3857 2461/2164/3859 2325/2231/3937
f 2469/2180/3823 2349/2181/3824 2214/2232/3938
f 2468/2106/3666 2488/2190/3850 2427/2183/3826
f 2332/2233/3939 2323/2021/3488 2500/2201/3877
f 2486/2166/3792 2497/2165/3791 2306/2213/3904
f 2349/2188/3836 2431/2182/3837 2214/2234/3940
f 2468/2106/3666 2174/2235/3941 22/2236/3942
f 2242/2237/3943 2409/2124/3765 2333/2224/3927
f 2414/2074/3766 2465/2158/3777 2500/2194/3944
f 25/2172/3945 2473/2171/3946 2271/2225/3947
f 2460/2162/3788 2370/2186/3863 2328/2226/3948
f 1931/2238/3949 2489/2129/3710 2444/2198/3932
f 2165/2239/3950 2492/2200/3889 2435/2119/3693
f 2425/2138/3848 2439/2145/3774 2325/2231/3951
f 2364/2218/3914 2396/2174/3809 2441/2139/3730
f 2059/2240/3952 2432/2196/3906 2177/2214/3905
f 2431/2182/3953 2468/2106/3666 2336/2241/3954
f 2174/2235/3941 2468/2106/3666 2427/2183/3826
f 2499/2192/3847 2188/2121/3852 2333/2224/3955
f 2248/2242/3956 2465/2158/3777 23/2199/3916
f 25/2172/3945 2271/2225/3947 2285/2202/3957
f 2284/2243/3958 2400/2197/3890 2112/2220/3929
f 2389/2228/3934 2268/2227/3933 2444/2244/3932
f 2461/2164/3790 2374/2080/3609 2181/2245/3959
f 2071/2246/3960 2319/2223/3926 2485/2191/3869
f 2370/2186/3833 2132/2211/3902 2328/2226/3961
f 2425/2138/3729 2308/2247/3962 2419/2209/3896
f 2325/2231/3937 2461/2164/3859 2181/2245/3963
f 2470/2215/3910 2469/2180/3823 2095/2248/3964
f 2468/2106/3666 22/2236/3942 2336/2241/3954
f 2242/2237/3965 2450/2153/3764 2409/2124/3702
f 2288/2249/3966 2332/2233/3967 2500/2201/3968
s 0
f 23/2199/3969 2285/2202/3969 2248/2242/3969
s 1
f 2474/2173/3820 2400/2197/3890 2284/2243/3958
f 2342/2229/3935 2387/2221/3923 1989/2250/3970
f 26/2136/3756 2492/2200/3971 1735/2251/3972
s 0
f 2198/2252/3973 2308/2247/3973 2425/2138/3973
s 1
f 2374/2080/3609 2396/2174/3809 2261/2253/3974
f 2306/2213/3904 2496/2169/3799 2432/2196/3860
f 2500/2194/3944 2465/2158/3777 2187/2254/3975
f 2399/2203/3880 2489/2129/3710 1931/2238/3949
f 2165/2239/3976 2435/2119/3734 2419/2209/3896
s 0
f 2431/2182/3977 2336/2241/3977 2214/2234/3977
s 1
f 2471/2184/3829 2446/2131/3713 2208/2255/3978
f 2484/2185/3839 2401/2210/3898 2186/2256/3979
f 2387/2221/3923 2281/2222/3924 1989/2250/3970
f 2493/2187/3834 2166/2257/3980 2281/2222/3924
f 1883/2258/3936 2494/2100/3668 26/2136/3756
f 2486/2166/3792 2306/2213/3904 2217/2259/3981
f 2336/2241/3982 22/2236/3982 2231/2260/3982
f 2191/2261/3983 2231/2260/3984 22/2236/3985
f 2173/2262/3986 2427/2183/3826 2467/2178/3925
f 2450/2153/3764 2242/2237/3965 2362/2216/3987
f 2362/2216/3987 2242/2237/3965 2190/2263/3988
f 2391/2208/3989 2285/2202/3990 2271/2225/3991
f 2446/2131/3831 2484/2185/3830 2208/2255/3978
f 2208/2255/3978 2484/2185/3830 2186/2256/3992
f 2474/2173/3808 2284/2243/3993 2401/2210/3899
f 2268/2227/3933 2342/2229/3935 1989/2250/3970
f 2198/2252/3994 2425/2138/3995 2325/2231/3951
f 2306/2213/3904 2432/2196/3860 1925/2264/3996
f 22/2236/3985 2174/2235/3997 2191/2261/3983
f 2174/2235/3941 2427/2183/3826 2173/2262/3986
f 2467/2178/3815 2452/2161/3827 2173/2262/3998
f 2071/2246/3999 2485/2191/3846 2362/2216/3911
f 2188/2121/3696 2323/2021/3488 1794/2265/4000
f 2288/2249/4001 2500/2201/4002 2187/2266/4003
f 2248/2242/4004 2285/2202/3990 2391/2208/3989
f 2396/2174/3809 2364/2218/3914 1252/2267/4005
f 2021/2268/4006 2095/2248/3964 2469/2180/3823
f 1931/2269/3949 2444/2244/3932 2268/2227/3933
f 2021/2268/4006 2469/2180/3823 2214/2232/3938
f 2137/2270/4007 2231/2260/4008 2191/2261/4009
s 0
f 2214/2234/4010 2336/2241/4010 2231/2260/4010
s 1
f 2231/2260/4008 2137/2270/4007 2119/2271/4011
f 2391/2208/4012 2471/2184/3829 2208/2255/3978
f 1883/2258/3936 26/2136/3756 1735/2251/3972
f 2036/2272/4013 2231/2260/4008 2119/2271/4011
f 2174/2235/3997 2173/2262/4014 2191/2261/3983
s 0
f 2173/2262/4015 2452/2161/4015 2072/2273/4015
s 1
f 1871/2274/4016 2112/2220/3929 2328/2226/3931
f 2021/2275/4006 2214/2234/3938 2231/2260/4017
f 2021/2275/4006 2231/2260/4008 2036/2272/4013
f 2191/2261/3983 2173/2262/4014 2072/2273/4018
f 2452/2161/4019 2464/2127/3706 2072/2273/4020
f 2498/2193/4021 2319/2223/4022 2071/2246/4023
f 2190/2263/4024 2242/2237/3943 2070/2276/4025
f 2070/2276/4025 2242/2237/3943 2333/2224/3927
f 2374/2080/3609 2261/2253/3974 1713/2277/4026
f 2396/2174/3809 1252/2267/4005 2261/2253/3974
f 2364/2218/3914 2486/2166/3792 2217/2259/3981
f 2498/2193/4021 2071/2246/4023 1938/2219/4027
f 2248/2242/3956 2391/2208/4012 2208/2255/3978
f 1735/2251/4028 2492/2200/3889 2165/2239/3950
f 2181/2245/3959 2374/2080/3609 1713/2277/4029
f 2306/2213/3904 1925/2264/3996 2217/2259/3981
f 2472/2205/3900 2483/2175/3835 1591/2278/4030
f 2483/2175/3810 2470/2215/3909 1591/2278/4031
f 2137/2270/4007 2191/2261/4009 1856/2279/4032
f 2191/2261/4009 2072/2273/4020 1876/2280/4033
f 2493/2187/3834 1883/2230/3936 2009/2281/4034
f 1925/2264/3996 2432/2196/3860 2059/2240/4035
f 2036/2272/4013 2119/2271/4011 1980/2282/4036
f 1856/2279/4032 2191/2261/4009 2055/2283/4037
f 1854/2284/4038 2464/2127/3706 2034/2189/3838
f 2013/2285/4039 2332/2233/3967 2288/2249/3966
f 2177/2214/3908 2472/2205/3885 2001/2286/4040
f 1591/2278/4030 2001/2286/4041 2472/2205/3900
f 2470/2215/3910 2095/2248/3964 1836/2287/4042
f 2001/2286/4043 2059/2240/4044 2177/2214/3905
f 1876/2280/4033 2072/2273/4020 1960/2288/4045
f 2072/2273/4020 2464/2127/3706 1854/2284/4038
f 2070/2276/4046 2333/2224/3955 2188/2121/3852
f 2188/2121/3696 1794/2265/4000 1937/2289/4047
f 1794/2265/4000 2323/2021/3488 2332/2233/3939
f 1798/2290/4048 1591/2278/4031 2470/2215/3909
s 0
f 2021/2275/4049 1858/2291/4049 1983/2292/4049
s 1
f 1858/2291/4050 2021/2275/4006 2036/2272/4013
f 2191/2261/4009 1876/2280/4033 2055/2283/4037
f 1956/2293/4051 2186/2256/3979 2401/2210/3898
f 2268/2227/3933 1989/2250/3970 1476/2294/4052
f 1839/2295/4053 1925/2264/3996 2059/2240/4035
f 2095/2248/3964 2021/2268/4006 1836/2287/4042
f 2036/2272/4013 1980/2282/4036 1979/2296/4054
f 1979/2296/4054 1980/2282/4036 1940/2297/4055
f 2288/2249/4001 2187/2266/4003 2013/2285/4056
f 2401/2210/3899 2284/2243/3993 1956/2293/4057
f 2284/2243/3958 2112/2220/3929 1557/2298/4058
f 2132/2211/3902 2399/2203/3880 1931/2238/3949
f 1885/2299/4059 2268/2227/3933 1476/2294/4052
f 2493/2187/3834 2009/2281/4034 2166/2257/3980
f 1979/2296/4054 1940/2297/4055 1877/2300/4060
f 1980/2282/4036 2119/2271/4011 2137/2270/4007
f 2328/2226/3961 2132/2211/3902 1888/2301/4061
f 1798/2290/4062 2470/2215/3910 1836/2287/4042
f 2036/2272/4013 1979/2296/4054 1858/2291/4050
f 2071/2246/3999 2362/2216/3911 1669/2302/4063
f 2208/2303/3978 2186/2304/3992 1956/2305/4064
f 2268/2227/3933 1885/2299/4059 1931/2269/3949
f 1883/2258/3936 1735/2251/3972 21/2306/4065
f 2165/2239/3976 2419/2209/3896 1865/2307/4066
f 1836/2287/4042 2021/2268/4006 1983/2308/4067
f 1813/2309/4068 2362/2216/3987 2190/2263/3988
f 2070/2276/4069 2188/2121/4070 1937/2289/4069
f 1871/2274/4071 2328/2226/4072 1888/2301/4073
f 1989/2250/3970 2281/2222/3924 1808/2310/4074
f 1865/2307/4075 1735/2251/4028 2165/2239/3950
f 1979/2296/4054 1877/2300/4060 1858/2291/4050
f 2325/2231/3937 2181/2245/3963 1713/2277/4076
f 1651/2311/4077 2217/2259/3981 1925/2264/3996
f 1857/2312/4078 1877/2300/4060 1940/2297/4055
f 1854/2284/4038 2034/2189/3838 1671/2313/4079
f 2190/2263/4024 2070/2276/4025 1813/2309/4080
f 2009/2281/4034 1883/2230/3936 1823/2314/4081
f 1877/2300/4060 1857/2312/4078 1796/2315/4082
f 1796/2315/4082 1857/2312/4078 1726/2316/4083
f 1960/2288/4045 2072/2273/4020 1815/2317/4084
f 2332/2233/3967 2013/2285/4039 1667/2318/4085
f 1557/2298/4058 2112/2220/3929 1871/2274/4016
f 2281/2222/3924 2166/2257/3980 1808/2310/4074
f 1282/2319/4086 2198/2252/3994 2325/2231/3951
f 2364/2218/3914 2217/2259/3981 1651/2311/4077
f 1940/2297/4055 1980/2282/4036 1725/2320/4087
f 1671/2313/4079 2034/2189/3838 1938/2219/3915
f 2419/2209/3896 2308/2247/3962 1784/2321/4088
f 1877/2300/4060 1796/2315/4082 1858/2291/4050
f 1725/2320/4087 1980/2282/4036 2137/2270/4007
f 1794/2265/4089 2332/2233/3967 1667/2318/4085
s 0
f 2325/2231/4090 1713/2277/4090 1282/2319/4090
f 1837/2322/4091 2059/2240/4091 1801/2323/4091
f 2059/2240/4092 2001/2286/4092 1801/2323/4092
s 1
f 1940/2297/4055 1725/2320/4087 1857/2312/4078
f 1752/2324/4093 2137/2270/4007 1856/2279/4032
f 1876/2280/4033 1960/2288/4045 1647/2325/4094
f 1645/2326/4095 1815/2317/4084 2072/2273/4020
f 1794/2265/4000 1795/2327/4096 1937/2289/4047
f 1557/2298/4097 1956/2293/4057 2284/2243/3993
f 2132/2211/3902 1721/2328/4098 1888/2301/4061
f 1839/2295/4053 2059/2240/4035 1837/2322/4099
f 1858/2291/4050 1796/2315/4082 20/2329/4100
f 1725/2320/4087 2137/2270/4007 1752/2324/4093
f 1813/2309/4068 19/2330/4101 2362/2216/3987
f 1931/2269/3949 1885/2299/4059 1736/2331/4102
f 2419/2209/3896 1784/2321/4088 1865/2307/4066
f 1836/2287/4042 1983/2308/4067 1675/2332/4103
f 1674/2333/4104 1857/2312/4078 1725/2320/4087
f 1647/2325/4094 1960/2288/4045 1815/2317/4084
f 1721/2328/4098 2132/2211/3902 1931/2238/3949
f 1808/2310/4074 1476/2294/4052 1989/2250/3970
f 1798/2290/4062 1836/2287/4042 1675/2332/4103
f 1983/2292/4105 1858/2291/4106 20/2329/4107
f 1512/2334/4108 1854/2284/4038 1671/2313/4079
f 1239/2335/4109 1557/2336/4058 1871/2337/4016
f 1888/2301/4073 1721/2328/4110 1871/2274/4071
f 1468/2338/4111 1736/2331/4102 1885/2299/4059
f 20/2329/4100 1796/2315/4082 1726/2316/4083
f 1648/2339/4112 1726/2316/4083 1487/2340/4113
f 1487/2340/4113 1726/2316/4083 1857/2312/4078
f 1856/2279/4032 2055/2283/4037 1672/2341/4114
f 2055/2283/4037 1876/2280/4033 1672/2341/4114
f 1672/2341/4114 1876/2280/4033 1647/2325/4094
f 1854/2284/4038 1512/2334/4108 2072/2273/4020
f 2072/2273/4020 1512/2334/4108 1645/2326/4095
f 1671/2313/4079 1938/2219/3915 1670/2342/4115
s 0
f 1813/2309/4116 2070/2276/4116 1937/2289/4116
s 1
f 2013/2285/4056 2187/2266/4003 1667/2318/4117
f 1885/2299/4059 1476/2294/4052 1527/2343/4118
f 1741/2344/4119 1871/2337/4120 1721/2345/4121
f 2166/2257/3980 2009/2281/4034 1657/2346/4122
f 1823/2347/4123 1883/2258/4124 18/2348/4125
f 21/2306/4126 1735/2251/4028 1865/2307/4075
f 1252/2267/4005 2364/2218/3914 1651/2311/4077
f 1726/2316/4083 1648/2339/4112 20/2329/4100
f 1752/2324/4093 1856/2279/4032 1626/2349/4127
f 1626/2349/4127 1856/2279/4032 1672/2341/4114
f 1795/2327/4128 19/2330/4129 1813/2309/4130
f 2187/2254/3975 2465/2158/3777 2248/2242/3956
f 1487/2340/4113 1857/2312/4078 1674/2333/4104
f 1674/2333/4104 1725/2320/4087 1565/2350/4131
f 1239/2335/4109 1871/2337/4016 1741/2344/4132
s 0
f 1801/2323/4133 2001/2286/4133 1517/2351/4133
s 1
f 1591/2278/4030 1517/2351/4134 2001/2286/4041
f 20/2329/4100 1648/2339/4112 1567/2352/4135
f 1795/2327/4136 1813/2309/4137 1937/2289/4138
f 1931/2269/3949 1736/2331/4102 1528/2353/4139
f 1528/2353/4139 1736/2331/4102 1468/2338/4111
s 0
f 1282/2319/4140 1713/2277/4140 2261/2253/4140
s 1
f 1675/2332/4103 1983/2308/4067 1488/2354/4141
f 1350/2355/4142 1983/2292/4105 20/2329/4107
f 1565/2350/4131 1725/2320/4087 1752/2324/4093
f 2208/2303/3978 1956/2305/4064 1456/2356/4143
f 1956/2305/4057 1557/2336/4097 1479/2357/4144
f 18/2348/4145 1883/2258/3936 21/2306/4065
f 1784/2321/4088 2308/2247/3962 2198/2252/4146
f 1651/2311/4077 1925/2264/3996 1839/2295/4053
f 1647/2325/4094 1815/2317/4084 1645/2326/4095
f 2362/2216/3987 19/2330/4101 1669/2302/4147
f 1721/2345/4098 1931/2269/3949 1528/2353/4139
f 1517/2351/4134 1591/2278/4030 1177/2358/4148
f 1439/2359/4149 20/2329/4100 1567/2352/4135
f 1626/2349/4127 1672/2341/4114 1314/2360/4150
f 1670/2342/4115 1938/2219/3915 1388/2361/4151
f 2071/2246/3999 1669/2302/4063 1388/2361/4152
f 1292/2362/4153 19/2330/4129 1795/2327/4128
f 2187/2266/3975 2248/2363/3956 1536/2364/4154
f 1536/2364/4154 2248/2363/3956 856/2365/4155
f 1479/2357/4144 1557/2336/4097 1239/2335/4156
f 1885/2299/4059 1527/2343/4118 1468/2338/4111
f 1411/2366/4157 1439/2359/4149 1567/2352/4135
f 1512/2334/4108 1671/2313/4079 1670/2342/4115
f 1938/2219/4027 2071/2246/4023 1388/2361/4158
f 2248/2363/3956 2208/2303/3978 1456/2356/4143
f 1956/2305/4159 1479/2357/4160 1456/2356/4161
f 1384/2367/4162 1721/2345/4098 1528/2353/4139
f 1468/2338/4111 17/2368/4163 1528/2353/4139
f 1651/2311/4077 1839/2295/4053 1392/2369/4164
f 1591/2278/4031 1798/2290/4048 1464/2370/4165
s 0
f 1784/2321/4166 1302/2371/4166 1865/2307/4166
s 1
f 1392/2369/4164 1839/2295/4053 1837/2322/4099
f 1983/2308/4067 1350/2372/4167 1488/2354/4141
f 1565/2350/4131 1487/2340/4113 1674/2333/4104
f 1292/2362/4168 1669/2302/4147 19/2330/4101
f 1675/2332/4103 1464/2370/4169 1798/2290/4062
f 20/2329/4170 1439/2359/4171 1350/2355/4172
f 1297/2373/4173 1567/2352/4135 1648/2339/4112
f 1648/2339/4112 1487/2340/4113 1297/2373/4173
f 1296/2374/4174 1565/2350/4131 1752/2324/4093
f 1672/2341/4114 1647/2325/4094 1314/2360/4150
f 1741/2344/4119 1721/2345/4121 1238/2375/4175
f 16/2376/4176 1468/2338/4111 1527/2343/4118
f 1189/2377/4177 1527/2343/4118 1476/2294/4052
f 1230/2378/4178 1657/2346/4179 2009/2281/4180
f 2261/2253/3974 1252/2267/4005 1353/2379/4181
f 1348/2380/4182 1411/2366/4157 1567/2352/4135
f 1670/2342/4115 1388/2361/4151 1243/2381/4183
f 1337/2382/4184 1667/2318/4117 2187/2266/4003
f 1239/2335/4109 1741/2344/4132 1238/2375/4185
f 1384/2367/4186 1238/2375/4175 1721/2345/4121
f 2009/2281/4180 1823/2314/4187 1230/2378/4178
f 21/2306/4065 1303/2383/4188 18/2348/4145
f 21/2306/4126 1865/2307/4075 1302/2371/4189
f 1784/2321/4088 2198/2252/4146 1283/2384/4190
f 1837/2322/4191 1801/2323/4192 1517/2351/4193
f 1348/2380/4182 1567/2352/4135 1297/2373/4173
f 1752/2324/4093 1626/2349/4127 1296/2374/4174
f 1645/2326/4095 1512/2334/4108 1102/2385/4194
f 17/2368/4163 1468/2338/4111 16/2376/4176
f 1476/2294/4052 1808/2310/4074 1306/3/3
f 1626/2349/4127 1314/2360/4150 1220/2386/4195
s 0
f 1795/2327/4196 1794/2265/4196 1337/2382/4196
s 1
f 1794/2265/4089 1667/2318/4085 1337/2382/4197
f 1337/2382/4184 2187/2266/4003 1536/2364/4198
f 1261/1/4199 2166/2257/4200 1231/2387/4201
s 0
f 1282/2319/4202 2261/2253/4202 1353/2379/4202
s 1
f 1487/2340/4113 1565/2350/4131 1297/2373/4173
f 1296/2374/4174 1626/2349/4127 1245/2388/4203
f 1314/2360/4150 1647/2325/4094 1220/2386/4195
f 1647/2325/4094 1645/2326/4095 1220/2386/4195
f 1388/2361/4152 1669/2302/4063 1403/2389/4204
s 0
f 1292/2362/4205 1795/2327/4205 1337/2382/4205
s 1
f 1306/3/3 1808/2310/4074 1261/1/4206
f 1808/2310/4074 2166/2257/4207 1261/1/4206
f 1284/2390/4208 18/2348/4145 1303/2383/4188
s 0
f 1439/2359/4209 1222/2391/4209 1350/2355/4209
s 1
f 1411/2366/4157 1348/2380/4182 1439/2359/4210
f 1297/2373/4173 1565/2350/4131 1155/2392/4211
f 1512/2334/4108 1670/2342/4115 1102/2385/4194
f 16/2376/4176 1527/2343/4118 1189/2377/4177
f 21/2306/4126 1302/2371/4212 1303/2383/4213
f 1784/2321/4214 1283/2384/4215 1302/2371/4216
f 2198/2252/4146 1185/2393/4217 1283/2384/4190
f 2198/2252/3994 1282/2319/4086 1185/2393/4218
f 1439/2359/4219 1348/2380/4182 1222/2391/4220
f 1403/2389/4221 1669/2302/4147 1292/2362/4168
f 2166/2257/4200 1657/2346/4179 1231/2387/4201
f 1823/2347/4123 18/2348/4125 1284/2390/4222
f 1108/2394/4223 1185/2393/4218 1282/2319/4086
f 1180/2395/4224 1392/2369/4164 1837/2322/4099
f 1626/2349/4127 1220/2386/4195 1245/2388/4203
f 17/2368/4163 1214/2396/4225 1528/2353/4139
f 17/2368/4163 1213/2397/4226 1214/2396/4225
f 17/2368/4163 16/2376/4176 1213/2397/4226
f 1230/2378/4178 1823/2314/4187 1209/2398/4227
s 0
f 1282/2319/4228 1353/2379/4228 1108/2394/4228
f 1246/2399/4229 1350/2355/4229 1222/2391/4229
s 1
f 1565/2350/4131 1296/2374/4174 1155/2392/4211
f 1102/2385/4194 1670/2342/4115 1049/2400/4230
f 1476/2294/4052 1306/3/3 1189/2377/4177
f 1657/2346/4179 1230/2378/4178 1231/2387/4201
f 1209/2401/4231 1823/2347/4123 1284/2390/4222
f 1252/2267/4005 1207/2402/4232 1353/2379/4181
f 1177/2358/4233 1591/2278/4234 1005/2403/4235
f 1591/2278/4031 1464/2370/4165 1005/2403/4236
s 0
f 1488/2354/4237 1199/2404/4237 1675/2332/4237
f 1199/2404/4238 1350/2372/4238 1159/2405/4238
s 1
f 1048/2406/4239 1670/2342/4115 1243/2381/4183
f 1403/2389/4240 1243/2381/4183 1388/2361/4241
f 1403/2389/4242 1292/2362/4243 1337/2382/4243
f 1528/2353/4139 1214/2396/4225 1384/2367/4244
f 1034/2407/4245 16/2376/4176 1189/2377/4177
f 1039/2408/4246 1651/2311/4077 1392/2369/4164
f 1180/2395/4247 1837/2322/4248 1517/2351/4193
f 1488/2354/4141 1350/2372/4167 1199/2404/4249
f 1222/2391/4220 1348/2380/4182 1158/2409/4250
f 1296/2374/4174 1122/2410/4251 1155/2392/4211
f 1122/2410/4251 1296/2374/4174 1245/2388/4203
s 0
f 1337/2382/4252 1151/2411/4252 1119/2412/4252
s 1
f 1151/2411/4253 1337/2382/4254 998/2413/4255
f 1150/2414/4256 1456/2356/4161 1479/2357/4160
f 1479/2357/4144 1239/2335/4156 1045/2415/4257
f 1239/2335/4109 1238/2375/4185 1045/2415/4258
f 1238/2375/4175 1384/2367/4186 1080/2416/4259
f 1189/2377/4177 1306/3/3 1144/2417/4260
f 1144/2417/4260 1306/3/3 1078/2/2
f 1350/2372/4261 1246/2418/4262 1088/2419/4263
f 1348/2380/4182 1297/2373/4173 1158/2409/4250
f 1403/2389/4264 1337/2382/4265 1120/2420/4266
s 0
f 1120/2420/4267 1337/2382/4267 1119/2412/4267
f 1150/2414/4268 1479/2357/4268 1115/2421/4268
f 1080/2416/4269 1384/2367/4269 1214/2396/4269
s 1
f 1284/2390/4208 1303/2383/4188 1061/2422/4270
f 1123/2423/4271 1464/2370/4169 1675/2332/4103
s 0
f 1123/2423/4272 1159/2405/4272 1350/2372/4272
s 1
f 1104/2424/4273 1246/2399/4274 1222/2391/4220
f 1297/2373/4173 1155/2392/4211 1029/2425/4275
f 1645/2326/4095 1067/2426/4276 1220/2386/4195
f 1067/2426/4276 1645/2326/4095 1102/2385/4194
s 0
f 1243/2381/4277 1403/2389/4277 1120/2420/4277
s 1
f 1238/2375/4185 1080/2416/4278 1045/2415/4258
f 1123/2423/4271 1350/2372/4279 1088/2419/4280
f 1246/2418/4262 1070/2427/4281 1088/2419/4282
f 1246/2399/4274 1104/2424/4273 1087/2428/4283
f 1158/2409/4250 1297/2373/4173 1029/2425/4275
f 1029/2425/4275 1155/2392/4211 1122/2410/4251
f 15/2429/4284 1220/2386/4195 1067/2426/4276
f 1049/2400/4230 1670/2342/4115 1048/2406/4239
s 0
f 1675/2332/4285 1199/2404/4285 1123/2423/4285
f 1199/2404/4286 1159/2405/4286 1123/2423/4286
s 1
f 1070/2430/4287 1246/2399/4274 1087/2428/4283
f 886/2431/4288 1151/2411/4253 998/2413/4255
f 1337/2382/4289 1536/2364/4290 998/2413/4291
f 1115/2421/4292 1479/2357/4293 1045/2415/4257
f 1214/2396/4225 1213/2397/4226 852/2432/4294
f 123/2433/4295 1034/2407/4245 1189/2377/4177
f 1302/2371/4216 1283/2384/4215 1041/2434/4296
f 1245/2388/4203 1220/2386/4195 973/2435/4297
f 1213/2397/4226 16/2376/4176 1079/2436/4298
f 1079/2436/4298 16/2376/4176 1034/2407/4245
f 1303/2383/4213 1302/2371/4212 1041/2434/4299
f 1039/2408/4246 1252/2267/4005 1651/2311/4077
f 1104/2424/4273 1222/2391/4220 915/2437/4300
f 1036/2438/4301 1048/2406/4302 1120/2420/4303
f 1048/2406/4304 1243/2381/4305 1120/2420/4306
f 1120/2420/4307 1119/2412/4308 1047/2439/4309
f 1022/2440/4310 1214/2396/4225 852/2432/4294
s 0
f 1108/2394/4311 1353/2379/4311 1207/2402/4311
s 1
f 1039/2408/4246 1392/2369/4164 846/2441/4312
f 973/2435/4297 1220/2386/4195 15/2429/4284
f 1102/2385/4194 1049/2400/4230 1067/2426/4276
f 1214/2396/4313 1022/2440/4313 993/2442/4313
f 1180/2395/4314 1517/2351/4134 1177/2358/4148
f 1536/2364/4290 856/2365/4315 998/2413/4291
s 0
f 1080/2416/4316 1214/2396/4316 993/2442/4316
s 1
f 123/2433/4295 1189/2377/4177 786/2443/4317
f 925/2444/4318 1189/2377/4177 1144/2417/4260
f 1144/2417/4260 1078/2/4319 896/2445/4320
f 1261/1/4199 1231/2387/4201 922/2446/4321
f 1303/2383/4213 1041/2434/4299 1061/2422/4322
f 1252/2267/4005 1039/2408/4246 1207/2402/4232
f 1088/2419/4280 962/2447/4323 1123/2423/4271
f 1222/2391/4220 1158/2409/4250 915/2437/4300
f 974/2448/4324 1158/2409/4250 1029/2425/4275
f 1029/2425/4275 1002/2449/4325 974/2448/4324
f 14/2450/4326 1049/2400/4230 1048/2406/4239
f 969/2451/4327 1119/2412/4328 1151/2411/4329
f 1456/2356/4143 1150/2414/4330 1026/2452/4331
f 1045/2415/4258 1080/2416/4278 946/2453/4332
f 852/2432/4294 1213/2397/4226 1079/2436/4298
f 1189/2377/4177 925/2444/4318 786/2443/4317
f 1078/2/4319 1261/1/4199 922/2446/4321
f 1087/2428/4283 1104/2424/4273 1003/2454/4333
f 934/2455/4334 1002/2449/4325 1029/2425/4275
f 1122/2410/4251 1245/2388/4203 973/2435/4297
f 1067/2426/4276 1049/2400/4230 14/2450/4326
f 1120/2420/4307 1047/2439/4309 1036/2438/4335
f 1047/2439/4336 1119/2412/4337 949/2456/4338
s 0
f 949/2456/4339 1119/2412/4339 969/2451/4339
s 1
f 2248/2363/3956 1456/2356/4143 856/2365/4155
f 1080/2416/4278 993/2442/4340 946/2453/4332
f 1088/2419/4282 1070/2427/4281 10/2457/4341
f 1087/2428/4283 961/2458/4342 1070/2430/4287
f 1003/2454/4333 1104/2424/4273 935/2459/4343
f 935/2459/4343 1104/2424/4273 915/2437/4300
f 1158/2409/4250 974/2448/4324 915/2437/4300
f 1464/2370/4169 1123/2423/4271 962/2447/4323
f 10/2457/4344 962/2447/4323 1088/2419/4280
f 936/2460/4345 1087/2428/4283 1003/2454/4333
f 934/2455/4334 1029/2425/4275 973/2435/4346
f 932/2461/4347 1067/2426/4276 14/2450/4326
s 0
f 14/2450/4348 1048/2406/4348 1036/2438/4348
s 1
f 1283/2384/4349 1185/2393/4350 811/2462/4351
s 0
f 1108/2394/4352 1207/2402/4352 12/2463/4352
s 1
f 846/2441/4312 1392/2369/4164 1180/2395/4224
f 904/2464/4353 1002/2449/4325 934/2455/4334
s 0
f 1029/2425/4354 1122/2410/4354 973/2435/4354
s 1
f 15/2429/4284 1067/2426/4276 932/2461/4347
f 911/2465/4355 1047/2439/4336 887/2466/4356
f 928/2467/4357 993/2442/4340 670/2468/4358
f 1231/2387/4201 1230/2378/4178 922/2446/4321
f 1061/2422/4322 1041/2434/4299 830/2469/4359
f 13/2470/4360 915/2437/4300 974/2448/4324
f 856/2365/4155 1456/2356/4143 1026/2452/4331
f 869/2471/4361 1026/2452/4362 1115/2421/4363
f 1026/2452/4362 1150/2414/4364 1115/2421/4365
f 869/2471/4366 1115/2421/4292 1045/2415/4257
f 993/2442/4340 928/2467/4357 946/2453/4332
f 1144/2417/4260 896/2445/4320 925/2444/4318
f 12/2463/4367 1185/2393/4218 1108/2394/4223
f 961/2458/4342 1087/2428/4283 936/2460/4345
f 13/2470/4360 974/2448/4324 1002/2449/4325
f 998/2413/4255 802/2472/4368 886/2431/4288
f 998/2413/4291 856/2365/4315 802/2472/4369
s 0
f 993/2442/4370 1022/2440/4370 670/2468/4370
s 1
f 925/2444/4318 896/2445/4320 815/2473/4371
f 1283/2384/4349 811/2462/4351 1041/2434/4372
f 877/2474/4373 1005/2403/4236 1464/2370/4165
f 935/2459/4343 915/2437/4300 13/2470/4360
f 1036/2438/4374 1047/2439/4336 911/2465/4355
f 1047/2439/4336 949/2456/4338 887/2466/4356
f 1284/2390/4208 1061/2422/4270 782/2475/4375
f 936/2460/4345 1003/2454/4333 861/2476/4376
f 935/2459/4343 861/2476/4376 1003/2454/4333
f 934/2455/4334 973/2435/4377 860/2477/4378
f 973/2435/4377 889/2478/4379 860/2477/4378
s 0
f 859/2479/4380 973/2435/4380 932/2461/4380
s 1
f 973/2435/4297 15/2429/4284 932/2461/4347
f 932/2461/4347 14/2450/4326 1036/2438/4374
f 869/2471/4366 1045/2415/4257 946/2453/4381
f 1034/2407/4245 867/2480/4382 1079/2436/4298
f 834/2481/4383 1034/2407/4245 123/2433/4295
f 863/2482/4384 1180/2395/4314 1177/2358/4148
f 877/2474/4385 1464/2370/4169 962/2447/4323
f 842/2483/4386 1036/2438/4374 911/2465/4355
f 922/2446/4321 1230/2378/4178 1209/2398/4387
s 0
f 809/2484/4388 846/2441/4388 1180/2395/4388
s 1
f 1180/2395/4314 863/2482/4384 809/2484/4389
f 705/2485/4390 962/2447/4323 10/2457/4344
f 889/2478/4379 973/2435/4377 859/2479/4391
f 859/2479/4391 932/2461/4347 791/2486/4392
f 969/2451/4327 1151/2411/4329 886/2431/4393
s 0
f 801/2487/4394 1026/2452/4394 869/2471/4394
s 1
f 896/2445/4320 1078/2/4319 922/2446/4321
f 1209/2401/4231 1284/2390/4222 782/2475/4395
f 830/2469/4359 1041/2434/4299 811/2462/4396
f 1207/2402/4232 1039/2408/4246 846/2441/4312
f 932/2461/4347 1036/2438/4374 858/2488/4397
f 856/2365/4155 1026/2452/4331 854/2489/4398
f 867/2480/4382 1034/2407/4245 834/2481/4383
f 896/2445/4320 922/2446/4321 815/2473/4371
s 0
f 831/2490/4399 1209/2398/4399 783/2491/4399
s 1
f 1185/2393/4350 729/2492/4400 811/2462/4401
f 863/2482/4402 1177/2358/4233 1005/2403/4235
f 861/2476/4376 775/2493/4403 936/2460/4345
f 751/2494/4404 861/2476/4376 935/2459/4343
f 13/2470/4360 1002/2449/4325 904/2464/4353
f 859/2479/4391 791/2486/4392 610/2495/4405
f 802/2472/4369 856/2365/4155 854/2489/4398
s 0
f 854/2489/4406 1026/2452/4406 801/2487/4406
s 1
f 1022/2440/4310 852/2432/4294 818/2496/4407
f 1079/2436/4298 867/2480/4382 852/2432/4294
f 925/2444/4318 9/2497/4408 786/2443/4317
f 795/2498/4409 1070/2430/4287 961/2458/4342
f 961/2458/4342 936/2460/4345 807/2499/4410
f 936/2460/4345 775/2493/4403 807/2499/4410
f 775/2493/4403 861/2476/4376 751/2494/4404
f 935/2459/4343 13/2470/4360 751/2494/4404
f 969/2451/4327 886/2431/4393 753/2500/4411
f 753/2500/4412 886/2431/4288 802/2472/4368
f 869/2471/4366 946/2453/4381 928/2467/4413
f 731/2501/4414 815/2473/4371 922/2446/4321
f 783/2502/4415 1209/2401/4416 782/2475/4417
f 1185/2393/4418 12/2463/4419 729/2492/4420
s 0
f 12/2463/4421 1207/2402/4421 846/2441/4421
s 1
f 962/2447/4422 705/2485/4423 877/2474/4424
f 758/2503/4425 889/2478/4379 859/2479/4391
f 858/2488/4397 791/2486/4392 932/2461/4347
f 887/2466/4356 949/2456/4338 969/2451/4426
f 11/2504/4427 969/2451/4327 753/2500/4411
f 11/2504/4428 802/2472/4368 801/2487/4429
s 0
f 802/2472/4430 854/2489/4430 801/2487/4430
f 670/2468/4431 1022/2440/4431 629/2505/4431
s 1
f 9/2497/4408 925/2444/4318 815/2473/4371
f 961/2458/4342 777/2506/4432 795/2498/4409
f 961/2458/4342 807/2499/4410 777/2506/4432
f 751/2494/4404 13/2470/4360 747/2507/4433
f 13/2470/4360 904/2464/4353 747/2507/4433
f 904/2464/4353 934/2455/4334 759/2508/4434
f 736/2509/4435 860/2477/4378 889/2478/4379
f 758/2503/4425 859/2479/4391 610/2495/4405
f 858/2488/4397 1036/2438/4374 745/2510/4436
f 1036/2438/4374 842/2483/4386 745/2510/4436
f 753/2500/4412 802/2472/4368 11/2504/4428
f 703/2511/4437 801/2487/4438 869/2471/4366
f 889/2478/4379 758/2503/4425 736/2509/4435
f 703/2511/4437 869/2471/4366 928/2467/4413
f 1022/2440/4310 818/2496/4407 629/2505/4439
f 782/2475/4375 1061/2422/4270 830/2469/4440
f 782/2475/4375 830/2469/4440 694/2512/4441
f 10/2457/4341 1070/2427/4281 601/2513/4442
f 807/2499/4410 775/2493/4403 690/2514/4443
f 759/2508/4434 934/2455/4334 860/2477/4378
f 791/2486/4392 858/2488/4397 610/2495/4405
f 887/2466/4356 969/2451/4444 640/2515/4445
s 0
f 811/2462/4446 729/2492/4446 635/2516/4446
f 12/2463/4447 846/2441/4447 809/2484/4447
s 1
f 1070/2430/4287 795/2498/4409 601/2517/4448
f 777/2506/4432 807/2499/4410 691/2518/4449
f 904/2464/4353 759/2508/4434 747/2507/4433
f 11/2504/4427 801/2487/4438 703/2511/4437
f 731/2501/4414 922/2446/4321 831/2490/4450
f 922/2446/4321 1209/2398/4451 831/2490/4452
f 729/2492/4420 12/2463/4419 615/2519/4453
f 1005/2403/4236 877/2474/4373 615/2519/4454
f 690/2514/4443 775/2493/4403 751/2494/4404
f 745/2510/4436 842/2483/4386 687/2520/4455
f 842/2483/4386 911/2465/4355 687/2520/4455
f 834/2481/4383 123/2433/4295 667/2521/4456
f 667/2521/4456 123/2433/4295 786/2443/4317
f 9/2497/4408 815/2473/4371 731/2501/4457
f 680/2522/4458 831/2490/4459 783/2491/4460
f 830/2469/4359 811/2462/4396 694/2512/4461
f 12/2463/4462 809/2484/4389 863/2482/4384
f 676/2523/4463 705/2485/4390 10/2457/4344
f 795/2498/4409 8/2524/4464 720/2525/4465
f 8/2524/4464 795/2498/4409 777/2506/4432
f 691/2518/4449 807/2499/4410 632/2526/4466
f 689/2527/4467 860/2477/4378 736/2509/4435
f 610/2495/4405 858/2488/4397 671/2528/4468
f 911/2465/4355 887/2466/4356 687/2520/4455
f 863/2482/4402 1005/2403/4235 615/2519/4453
f 777/2506/4432 691/2518/4449 8/2524/4464
f 807/2499/4410 690/2514/4443 632/2526/4466
f 690/2514/4443 751/2494/4404 600/2529/4469
f 860/2477/4378 689/2527/4467 759/2508/4434
f 858/2488/4397 745/2510/4436 671/2528/4468
f 852/2432/4294 867/2480/4382 669/2530/4470
f 501/2531/4471 731/2501/4457 831/2490/4459
s 0
f 694/2512/4472 811/2462/4472 635/2516/4472
s 1
f 969/2451/4327 11/2504/4427 703/2511/4437
f 818/2496/4407 852/2432/4294 669/2530/4470
f 683/2532/4473 867/2480/4382 834/2481/4383
s 0
f 795/2498/4474 720/2525/4474 643/2533/4474
s 1
f 751/2494/4404 747/2507/4433 600/2529/4469
f 786/2443/4317 9/2497/4408 636/2534/4475
f 12/2463/4419 863/2482/4402 615/2519/4453
f 623/2535/4476 877/2474/4424 705/2485/4423
f 745/2510/4436 687/2520/4455 547/2536/4477
f 629/2505/4439 818/2496/4407 595/2537/4478
f 669/2530/4470 867/2480/4382 683/2532/4473
f 786/2443/4317 636/2534/4475 667/2521/4456
f 9/2497/4408 558/2538/4479 636/2534/4475
f 9/2497/4408 731/2501/4457 558/2538/4479
f 615/2519/4454 877/2474/4373 623/2535/4480
f 601/2517/4448 795/2498/4409 569/2539/4481
f 795/2498/4409 643/2533/4482 569/2539/4481
f 567/2540/4483 690/2514/4443 600/2529/4469
f 600/2529/4469 747/2507/4433 612/2541/4484
f 524/2542/4485 759/2508/4434 689/2527/4467
f 887/2466/4356 640/2515/4445 687/2520/4455
f 605/2543/4486 969/2451/4444 703/2511/4487
f 703/2511/4487 928/2467/4488 605/2543/4486
f 605/2543/4486 928/2467/4488 670/2468/4489
f 782/2475/4490 694/2512/4491 556/2544/4492
s 0
f 729/2492/4493 615/2519/4493 635/2516/4493
s 1
f 687/2520/4455 640/2515/4445 597/2545/4494
f 495/2546/4495 818/2496/4407 669/2530/4470
f 669/2530/4470 683/2532/4473 604/2547/4496
f 10/2457/4341 601/2513/4442 676/2523/4497
f 643/2533/4482 720/2525/4465 8/2524/4464
f 632/2526/4466 690/2514/4443 567/2540/4483
f 747/2507/4433 759/2508/4434 524/2542/4485
f 758/2503/4425 610/2495/4405 521/2548/4498
f 745/2510/4436 564/2549/4499 671/2528/4468
f 818/2496/4407 495/2546/4495 595/2537/4478
f 553/2550/4500 694/2512/4501 635/2516/4502
f 736/2509/4435 758/2503/4425 521/2548/4498
f 969/2451/4444 605/2543/4486 640/2515/4445
f 834/2481/4383 667/2521/4456 560/2551/4503
f 501/2531/4471 831/2490/4459 680/2522/4458
f 569/2539/4481 643/2533/4482 7/2552/4504
f 8/2524/4464 691/2518/4449 6/2553/4505
f 691/2518/4449 632/2526/4466 6/2553/4505
f 550/2554/4506 6/2553/4505 632/2526/4466
f 612/2541/4484 747/2507/4433 524/2542/4485
f 548/2555/4507 689/2527/4467 736/2509/4435
f 563/2556/4508 687/2520/4455 597/2545/4494
f 670/2468/4509 629/2505/4510 605/2543/4511
f 519/2557/4512 629/2505/4439 5/2558/4513
f 5/2558/4513 629/2505/4439 595/2537/4478
f 783/2502/4415 782/2475/4417 556/2544/4514
f 556/2544/4492 694/2512/4491 553/2550/4515
f 643/2533/4482 8/2524/4464 446/2559/4516
f 632/2526/4466 387/2560/4517 550/2554/4506
f 632/2526/4466 567/2540/4483 387/2560/4517
f 610/2495/4405 671/2528/4468 521/2548/4498
f 583/2561/4518 671/2528/4468 564/2549/4499
f 547/2536/4477 687/2520/4455 563/2556/4508
f 605/2543/4519 629/2505/4510 519/2557/4520
f 683/2532/4473 834/2481/4383 493/2562/4521
f 558/2538/4479 731/2501/4457 501/2531/4471
f 600/2529/4469 612/2541/4484 567/2540/4483
f 671/2528/4468 583/2561/4518 521/2548/4498
f 745/2510/4436 547/2536/4477 564/2549/4499
f 493/2562/4521 834/2481/4383 560/2551/4503
f 560/2551/4503 667/2521/4456 515/2563/4522
f 446/2559/4516 8/2524/4464 6/2553/4505
f 495/2546/4495 669/2530/4470 362/2564/4523
f 515/2563/4522 667/2521/4456 636/2534/4475
f 553/2550/4524 635/2516/4525 489/2565/4526
f 643/2533/4482 446/2559/4516 7/2552/4504
f 521/2548/4498 583/2561/4518 498/2566/4527
f 564/2549/4499 547/2536/4477 459/2567/4528
f 783/2502/4415 556/2544/4514 475/2568/4529
f 635/2516/4530 615/2519/4454 623/2535/4480
s 0
f 623/2535/4531 705/2485/4531 489/2565/4531
s 1
f 449/2569/4532 601/2517/4448 569/2539/4481
f 485/2570/4533 567/2540/4483 612/2541/4484
f 524/2542/4485 689/2527/4467 548/2555/4507
f 583/2561/4518 564/2549/4499 459/2567/4528
f 459/2567/4528 547/2536/4477 563/2556/4508
f 605/2543/4519 519/2557/4520 640/2515/4534
f 5/2558/4513 595/2537/4478 495/2546/4495
f 669/2530/4470 604/2547/4496 362/2564/4523
f 354/2571/4535 636/2534/4475 558/2538/4479
f 783/2491/4460 475/2572/4536 476/2573/4537
f 489/2565/4538 705/2485/4390 676/2523/4463
f 423/2574/4539 524/2542/4485 548/2555/4507
f 421/2575/4540 597/2545/4494 640/2515/4445
f 680/2522/4458 783/2491/4460 476/2573/4537
f 635/2516/4530 623/2535/4480 489/2565/4541
f 640/2515/4445 519/2557/4512 471/2576/4542
f 471/2576/4542 519/2557/4512 5/2558/4513
f 683/2532/4473 443/2577/4543 604/2547/4496
f 558/2538/4479 501/2531/4471 354/2571/4535
f 387/2560/4517 567/2540/4483 485/2570/4533
f 421/2575/4540 640/2515/4445 471/2576/4542
f 501/2531/4471 680/2522/4458 400/2578/4544
f 413/2579/4545 489/2565/4538 676/2523/4463
f 397/2580/4546 449/2569/4532 569/2539/4481
f 446/2559/4516 6/2553/4505 550/2554/4506
f 583/2561/4518 459/2567/4528 498/2566/4527
f 432/2581/4547 498/2566/4527 459/2567/4528
f 459/2567/4528 563/2556/4508 432/2581/4547
f 432/2581/4547 563/2556/4508 597/2545/4494
f 515/2563/4522 636/2534/4475 354/2571/4535
f 354/2571/4535 501/2531/4471 400/2578/4544
f 400/2578/4544 680/2522/4458 476/2573/4537
f 569/2539/4481 7/2552/4504 439/2582/4548
f 548/2555/4507 736/2509/4435 521/2548/4498
f 560/2551/4503 429/2583/4549 493/2562/4521
f 676/2523/4497 601/2513/4442 350/2584/4550
f 569/2539/4481 439/2582/4548 397/2580/4546
f 550/2554/4506 346/2585/4551 446/2559/4516
f 612/2541/4484 524/2542/4485 393/2586/4552
f 553/2550/4515 489/2565/4538 556/2544/4492
f 489/2565/4538 413/2579/4545 556/2544/4492
f 601/2517/4448 449/2569/4532 350/2587/4553
f 7/2552/4504 446/2559/4516 346/2585/4551
f 346/2585/4551 550/2554/4506 387/2560/4517
f 548/2555/4507 371/2588/4554 423/2574/4539
f 521/2548/4498 498/2566/4527 368/2589/4555
f 597/2545/4494 421/2575/4540 366/2590/4556
f 5/2558/4513 495/2546/4495 403/2591/4557
f 495/2546/4495 362/2564/4523 403/2591/4557
f 390/2592/4558 604/2547/4496 443/2577/4543
f 429/2583/4549 560/2551/4503 515/2563/4522
f 400/2578/4544 401/2593/4559 354/2571/4535
f 7/2552/4504 346/2585/4551 4/2594/4560
f 387/2560/4517 485/2570/4533 342/2595/4561
f 548/2555/4507 521/2548/4498 370/2596/4562
f 368/2589/4555 498/2566/4527 432/2581/4547
f 439/2582/4548 7/2552/4504 4/2594/4560
f 485/2570/4533 612/2541/4484 393/2586/4552
f 521/2548/4498 368/2589/4555 370/2596/4562
f 432/2581/4547 597/2545/4494 366/2590/4556
f 330/2597/4563 5/2558/4513 403/2591/4557
f 443/2577/4543 683/2532/4473 493/2562/4521
f 400/2578/4544 476/2573/4537 278/2598/4564
f 378/2599/4565 476/2573/4537 475/2572/4536
f 475/2568/4529 556/2544/4514 413/2579/4566
f 373/2600/4567 350/2587/4553 449/2569/4532
f 393/2586/4552 524/2542/4485 423/2574/4539
f 471/2576/4542 5/2558/4513 330/2597/4563
f 362/2564/4523 604/2547/4496 390/2592/4558
f 278/2598/4564 476/2573/4537 378/2599/4565
f 475/2568/4529 413/2579/4566 350/2584/4550
f 413/2579/4566 676/2523/4497 350/2584/4550
f 397/2580/4546 439/2582/4548 4/2594/4560
f 321/2601/4568 471/2576/4542 330/2597/4563
f 329/2602/4569 330/2597/4563 403/2591/4557
f 350/2587/4553 373/2600/4567 339/2603/4570
f 373/2600/4567 449/2569/4532 397/2580/4546
f 432/2581/4547 366/2590/4556 368/2589/4555
f 366/2590/4556 421/2575/4540 321/2601/4568
f 321/2601/4568 421/2575/4540 471/2576/4542
f 390/2592/4558 443/2577/4543 493/2562/4521
f 378/2599/4565 475/2572/4536 350/2587/4571
f 346/2585/4551 387/2560/4517 342/2595/4561
f 197/2604/4572 493/2562/4521 429/2583/4549
f 515/2563/4522 354/2571/4535 341/2605/4573
f 354/2571/4535 401/2593/4559 341/2605/4573
f 294/2606/4574 278/2598/4564 378/2599/4565
f 548/2555/4507 370/2596/4562 371/2588/4554
f 329/2602/4569 403/2591/4557 191/2607/4575
f 390/2592/4558 493/2562/4521 197/2604/4572
f 254/2608/4576 397/2580/4546 4/2594/4560
f 423/2574/4539 371/2588/4554 393/2586/4552
f 308/2609/4577 368/2589/4555 366/2590/4556
f 366/2590/4556 321/2601/4568 308/2609/4577
f 515/2563/4522 341/2605/4573 429/2583/4549
f 342/2595/4561 485/2570/4533 393/2586/4552
f 390/2592/4558 302/2610/4578 362/2564/4523
f 378/2599/4565 350/2587/4571 294/2606/4574
f 300/2611/4579 350/2587/4571 339/2603/4580
f 254/2608/4576 4/2594/4560 325/2612/4581
f 4/2594/4560 346/2585/4551 325/2612/4581
f 370/2596/4562 368/2589/4555 308/2609/4577
f 403/2591/4557 362/2564/4523 191/2607/4575
f 401/2593/4559 400/2578/4544 278/2598/4564
f 277/2613/4582 294/2606/4574 350/2587/4571
f 339/2603/4580 373/2600/4567 275/2614/4583
f 321/2601/4568 330/2597/4563 289/2615/4584
f 330/2597/4585 329/2602/4586 289/2615/4587
f 401/2593/4559 278/2598/4564 237/2616/4588
f 277/2613/4582 350/2587/4571 300/2611/4579
f 277/2613/4582 300/2611/4579 339/2603/4580
f 275/2614/4583 373/2600/4567 285/2617/4589
f 373/2600/4567 397/2580/4546 285/2617/4589
f 393/2586/4552 371/2588/4554 370/2596/4562
f 308/2609/4577 268/2618/4590 370/2596/4562
f 285/2617/4589 397/2580/4546 202/2619/4591
s 0
f 397/2580/4592 254/2608/4592 202/2619/4592
s 1
f 325/2612/4581 346/2585/4551 342/2595/4561
f 268/2618/4590 308/2609/4577 321/2601/4568
f 341/2605/4573 401/2593/4559 237/2616/4588
f 255/2620/4593 277/2613/4582 339/2603/4580
f 325/2612/4581 342/2595/4561 252/2621/4594
f 191/2607/4575 362/2564/4523 259/2622/4595
f 259/2622/4595 362/2564/4523 302/2610/4578
f 278/2598/4564 294/2606/4574 237/2616/4588
f 339/2603/4580 275/2614/4583 255/2620/4593
f 393/2586/4552 252/2621/4594 342/2595/4561
f 289/2615/4587 329/2602/4586 191/2607/4596
f 393/2586/4552 370/2596/4562 268/2618/4590
f 341/2605/4573 237/2616/4588 429/2583/4549
f 390/2592/4558 197/2604/4572 167/2623/4597
f 294/2606/4574 277/2613/4582 229/2624/4598
f 229/2624/4598 277/2613/4582 255/2620/4593
f 275/2614/4583 285/2617/4589 228/2625/4599
s 0
f 254/2608/4600 325/2612/4600 202/2619/4600
s 1
f 252/2621/4594 393/2586/4552 268/2618/4590
f 197/2604/4572 429/2583/4549 3/2626/4601
f 237/2616/4588 294/2606/4574 229/2624/4598
f 228/2625/4599 255/2620/4593 275/2614/4583
f 2/2627/4602 302/2610/4578 390/2592/4558
f 429/2583/4549 237/2616/4588 3/2626/4601
s 0
f 228/2625/4603 285/2617/4603 204/2628/4603
f 204/2628/4604 285/2617/4604 219/2629/4604
f 285/2617/4605 202/2619/4605 219/2629/4605
s 1
f 259/2622/4595 302/2610/4578 2/2627/4602
f 3/2626/4601 237/2616/4588 229/2624/4598
f 268/2618/4590 321/2601/4568 212/2630/4606
f 289/2615/4587 191/2607/4596 165/2631/4607
f 390/2592/4558 167/2623/4597 2/2627/4602
f 3/2626/4608 229/2624/4598 255/2620/4593
f 155/2632/4609 219/2629/4610 202/2619/4611
f 3/2626/4601 255/2620/4593 1/2633/4612
f 255/2620/4593 228/2625/4599 1/2633/4613
f 204/2628/4614 219/2629/4615 155/2632/4616
f 212/2630/4606 321/2601/4568 289/2615/4584
f 202/2619/4617 325/2612/4581 252/2621/4594
f 165/2631/4607 191/2607/4596 259/2622/4618
f 3/2626/4601 1/2633/4612 167/2623/4597
s 0
f 1/2633/4619 228/2625/4619 204/2628/4619
s 1
f 87/2634/4620 259/2622/4595 2/2627/4602
s 0
f 252/2621/4621 268/2618/4621 212/2630/4621
s 1
f 165/2631/4607 259/2622/4618 87/2634/4622
f 197/2604/4572 3/2626/4601 167/2623/4597
f 212/2630/4606 289/2615/4584 165/2631/4623
f 202/2619/4624 252/2621/4625 155/2632/4626
f 155/2632/4626 252/2621/4625 212/2630/4627
f 1/2633/4628 87/2634/4620 167/2623/4629
f 2/2627/4602 167/2623/4629 87/2634/4620
f 87/2634/4622 1/2633/4630 204/2628/4631
f 155/2632/4616 212/2630/4606 165/2631/4623
f 87/2634/4622 204/2628/4632 165/2631/4607
f 204/2628/4614 155/2632/4616 165/2631/4623
